"date","countrycode","population","cases","deaths","cum_cases","cum_deaths","deaths_prev_week","cases_infected","cases_infected_low","cases_infected_high","cases_daily","cases_contagious","cases_active","p_cases_infected","p_cases_infected_low","p_cases_infected_high","p_cases_daily","p_cases_contagious","p_cases_active"
"2019/12/31","IQ",39309789,0,0,0,0,0,NA,NA,NA,0,0,0,NA,NA,NA,0,0,0
"2020/01/01","IQ",39309789,0,0,0,0,0,NA,NA,NA,0,0,0,NA,NA,NA,0,0,0
"2020/01/02","IQ",39309789,0,0,0,0,0,NA,NA,NA,0,0,0,NA,NA,NA,0,0,0
"2020/01/03","IQ",39309789,0,0,0,0,0,NA,NA,NA,0,0,0,NA,NA,NA,0,0,0
"2020/01/04","IQ",39309789,0,0,0,0,0,NA,NA,NA,0,0,0,NA,NA,NA,0,0,0
"2020/01/05","IQ",39309789,0,0,0,0,0,NA,NA,NA,0,0,0,NA,NA,NA,0,0,0
"2020/01/06","IQ",39309789,0,0,0,0,0,NA,NA,NA,0,0,0,NA,NA,NA,0,0,0
"2020/01/07","IQ",39309789,0,0,0,0,0,NA,NA,NA,0,0,0,NA,NA,NA,0,0,0
"2020/01/08","IQ",39309789,0,0,0,0,0,NA,NA,NA,0,0,0,NA,NA,NA,0,0,0
"2020/01/09","IQ",39309789,0,0,0,0,0,NA,NA,NA,0,0,0,NA,NA,NA,0,0,0
"2020/01/10","IQ",39309789,0,0,0,0,0,NA,NA,NA,0,0,0,NA,NA,NA,0,0,0
"2020/01/11","IQ",39309789,0,0,0,0,0,NA,NA,NA,0,0,0,NA,NA,NA,0,0,0
"2020/01/12","IQ",39309789,0,0,0,0,0,NA,NA,NA,0,0,0,NA,NA,NA,0,0,0
"2020/01/13","IQ",39309789,0,0,0,0,0,NA,NA,NA,0,0,0,NA,NA,NA,0,0,0
"2020/01/14","IQ",39309789,0,0,0,0,0,NA,NA,NA,0,0,0,NA,NA,NA,0,0,0
"2020/01/15","IQ",39309789,0,0,0,0,0,NA,NA,NA,0,0,0,NA,NA,NA,0,0,0
"2020/01/16","IQ",39309789,0,0,0,0,0,NA,NA,NA,0,0,0,NA,NA,NA,0,0,0
"2020/01/17","IQ",39309789,0,0,0,0,0,NA,NA,NA,0,0,0,NA,NA,NA,0,0,0
"2020/01/18","IQ",39309789,0,0,0,0,0,NA,NA,NA,0,0,0,NA,NA,NA,0,0,0
"2020/01/19","IQ",39309789,0,0,0,0,0,NA,NA,NA,0,0,0,NA,NA,NA,0,0,0
"2020/01/20","IQ",39309789,0,0,0,0,0,NA,NA,NA,0,0,0,NA,NA,NA,0,0,0
"2020/01/21","IQ",39309789,0,0,0,0,0,NA,NA,NA,0,0,0,NA,NA,NA,0,0,0
"2020/01/22","IQ",39309789,0,0,0,0,0,NA,NA,NA,0,0,0,NA,NA,NA,0,0,0
"2020/01/23","IQ",39309789,0,0,0,0,0,NA,NA,NA,0,0,0,NA,NA,NA,0,0,0
"2020/01/24","IQ",39309789,0,0,0,0,0,NA,NA,NA,0,0,0,NA,NA,NA,0,0,0
"2020/01/25","IQ",39309789,0,0,0,0,0,NA,NA,NA,0,0,0,NA,NA,NA,0,0,0
"2020/01/26","IQ",39309789,0,0,0,0,0,NA,NA,NA,0,0,0,NA,NA,NA,0,0,0
"2020/01/27","IQ",39309789,0,0,0,0,0,NA,NA,NA,0,0,0,NA,NA,NA,0,0,0
"2020/01/28","IQ",39309789,0,0,0,0,0,NA,NA,NA,0,0,0,NA,NA,NA,0,0,0
"2020/01/29","IQ",39309789,0,0,0,0,0,NA,NA,NA,0,0,0,NA,NA,NA,0,0,0
"2020/01/30","IQ",39309789,0,0,0,0,0,NA,NA,NA,0,0,0,NA,NA,NA,0,0,0
"2020/01/31","IQ",39309789,0,0,0,0,0,NA,NA,NA,0,0,0,NA,NA,NA,0,0,0
"2020/02/01","IQ",39309789,0,0,0,0,0,NA,NA,NA,0,0,0,NA,NA,NA,0,0,0
"2020/02/02","IQ",39309789,0,0,0,0,0,NA,NA,NA,0,0,0,NA,NA,NA,0,0,0
"2020/02/03","IQ",39309789,0,0,0,0,0,NA,NA,NA,0,0,0,NA,NA,NA,0,0,0
"2020/02/04","IQ",39309789,0,0,0,0,0,NA,NA,NA,0,0,0,NA,NA,NA,0,0,0
"2020/02/05","IQ",39309789,0,0,0,0,0,NA,NA,NA,0,0,0,NA,NA,NA,0,0,0
"2020/02/06","IQ",39309789,0,0,0,0,0,NA,NA,NA,0,0,0,NA,NA,NA,0,0,0
"2020/02/07","IQ",39309789,0,0,0,0,0,NA,NA,NA,0,0,0,NA,NA,NA,0,0,0
"2020/02/08","IQ",39309789,0,0,0,0,0,NA,NA,NA,0,0,0,NA,NA,NA,0,0,0
"2020/02/09","IQ",39309789,0,0,0,0,0,NA,NA,NA,0,0,0,NA,NA,NA,0,0,0
"2020/02/10","IQ",39309789,0,0,0,0,0,NA,NA,NA,0,0,0,NA,NA,NA,0,0,0
"2020/02/11","IQ",39309789,0,0,0,0,0,NA,NA,NA,0,0,0,NA,NA,NA,0,0,0
"2020/02/12","IQ",39309789,0,0,0,0,0,NA,NA,NA,0,0,0,NA,NA,NA,0,0,0
"2020/02/13","IQ",39309789,0,0,0,0,0,NA,NA,NA,0,0,0,NA,NA,NA,0,0,0
"2020/02/14","IQ",39309789,0,0,0,0,0,NA,NA,NA,0,0,0,NA,NA,NA,0,0,0
"2020/02/15","IQ",39309789,0,0,0,0,0,NA,NA,NA,0,0,0,NA,NA,NA,0,0,0
"2020/02/16","IQ",39309789,0,0,0,0,0,NA,NA,NA,0,0,0,NA,NA,NA,0,0,0
"2020/02/17","IQ",39309789,0,0,0,0,0,NA,NA,NA,0,0,0,NA,NA,NA,0,0,0
"2020/02/18","IQ",39309789,0,0,0,0,0,NA,NA,NA,0,0,0,NA,NA,NA,0,0,0
"2020/02/19","IQ",39309789,0,0,0,0,0,NA,NA,NA,0,0,0,NA,NA,NA,0,0,0
"2020/02/20","IQ",39309789,0,0,0,0,0,NA,NA,NA,0,0,0,NA,NA,NA,0,0,0
"2020/02/21","IQ",39309789,0,0,0,0,0,NA,NA,NA,0,0,0,NA,NA,NA,0,0,0
"2020/02/22","IQ",39309789,0,0,0,0,0,NA,NA,NA,0,0,0,NA,NA,NA,0,0,0
"2020/02/23","IQ",39309789,0,0,0,0,0,NA,NA,NA,0,0,0,NA,NA,NA,0,0,0
"2020/02/24","IQ",39309789,0,0,0,0,0,NA,NA,NA,0,0,0,NA,NA,NA,0,0,0
"2020/02/25","IQ",39309789,1,0,1,0,0,NA,NA,NA,0,0,0,NA,NA,NA,0,0,0
"2020/02/26","IQ",39309789,4,0,5,0,0,0,NA,NA,0,0,0,0,NA,NA,0,0,0
"2020/02/27","IQ",39309789,0,0,5,0,0,0,NA,NA,0,0,0,0,NA,NA,0,0,0
"2020/02/28","IQ",39309789,1,0,6,0,0,0,NA,NA,0,0,0,0,NA,NA,0,0,0
"2020/02/29","IQ",39309789,1,0,7,0,0,0,0,NA,0,0,0,0,0,NA,0,0,0
"2020/03/01","IQ",39309789,6,0,13,0,0,0,0,NA,0,0,0,0,0,NA,0,0,0
"2020/03/02","IQ",39309789,6,0,19,0,0,0,0,NA,0,0,0,0,0,NA,0,0,0
"2020/03/03","IQ",39309789,2,0,21,0,0,0,0,NA,0,0,0,0,0,NA,0,0,0
"2020/03/04","IQ",39309789,5,0,26,0,0,0,0,NA,0,0,0,0,0,NA,0,0,0
"2020/03/05","IQ",39309789,5,0,31,0,0,0,0,NA,0,0,0,0,0,NA,0,0,0
"2020/03/06","IQ",39309789,7,2,38,2,2,794.614564574725,393.849036255845,1603.18357570923,794.614564574725,794.614564574725,794.614564574725,2.02141650919247e-05,1.00191083766907e-05,4.07833167384651e-05,2.02141650919247e-05,2.02141650919247e-05,2.02141650919247e-05
"2020/03/08","IQ",39309789,16,0,54,2,2,872.868411835309,406.536248723325,1874.1238125076,78.2538472605841,872.868411835309,872.868411835309,2.22048612836693e-05,1.03418578187567e-05,4.76757535510454e-05,1.99069619174461e-06,2.22048612836693e-05,2.22048612836693e-05
"2020/03/09","IQ",39309789,7,4,61,6,6,2304.058480463,1953.1614141869,2717.99629197748,1431.1900686277,2304.058480463,2304.058480463,5.86128427314378e-05,4.96863876371075e-05,6.91429885817366e-05,3.64079814477685e-05,5.86128427314378e-05,5.86128427314378e-05
"2020/03/11","IQ",39309789,0,0,61,6,6,1800.20934842289,1477.00068795475,2194.14501603024,0,2304.058480463,2304.058480463,4.57954467377805e-05,3.75733557856226e-05,5.58167589256265e-05,0,5.86128427314378e-05,5.86128427314378e-05
"2020/03/12","IQ",39309789,9,2,70,8,8,2205.20226595172,1920.94764749594,2531.51981528372,0,2304.058480463,2304.058480463,5.60980438219021e-05,4.88669030377125e-05,6.43992216616508e-05,0,5.86128427314378e-05,5.86128427314378e-05
"2020/03/13","IQ",39309789,4,0,74,8,8,1923.31803447723,1642.55548737764,2252.0714156519,0,2304.058480463,2304.058480463,4.89272032082703e-05,4.17848970743048e-05,5.72903460675379e-05,0,5.86128427314378e-05,5.86128427314378e-05
"2020/03/14","IQ",39309789,11,1,85,9,9,2098.13335621116,1816.23452500168,2423.78587117864,0,2304.058480463,2304.058480463,5.33743225182705e-05,4.62031105026202e-05,6.16585825779588e-05,0,5.86128427314378e-05,5.86128427314378e-05
"2020/03/15","IQ",39309789,0,0,85,9,7,1802.20148136787,1541.20950030801,2107.39044808345,0,2304.058480463,2304.058480463,4.5846124520482e-05,3.92067609497473e-05,5.36098132728072e-05,0,5.86128427314378e-05,5.86128427314378e-05
"2020/03/16","IQ",39309789,39,0,124,9,7,2291.20098601894,1945.28570218326,2698.62774010128,0,2304.058480463,2304.058480463,5.82857614936305e-05,4.94860377445237e-05,6.86502728391975e-05,0,5.86128427314378e-05,5.86128427314378e-05
"2020/03/17","IQ",39309789,0,0,124,9,3,2002.94082248154,1688.68351563255,2375.68016814583,0,2304.058480463,2304.058480463,5.09527238236139e-05,4.2958345963967e-05,6.0434823706274e-05,0,5.86128427314378e-05,5.86128427314378e-05
"2020/03/18","IQ",39309789,30,2,154,11,5,2642.58848015416,2303.19273426121,3031.99718007251,0,2304.058480463,2304.058480463,6.72246925607808e-05,5.85908190517433e-05,7.71308434159368e-05,0,5.86128427314378e-05,5.86128427314378e-05
"2020/03/19","IQ",39309789,10,1,164,12,4,2670.00259545754,2348.643082633,3035.33300247475,0,2304.058480463,2304.058480463,6.79220790388251e-05,5.97470284725517e-05,7.72157032558672e-05,0,5.86128427314378e-05,5.86128427314378e-05
"2020/03/20","IQ",39309789,13,0,177,12,4,2506.72663625183,2194.35047979603,2863.57101417933,0,1509.44391588828,2304.058480463,6.37685090665795e-05,5.58219857093618e-05,7.28462575614264e-05,0,3.83986776395131e-05,5.86128427314378e-05
"2020/03/21","IQ",39309789,16,2,193,14,5,2791.96435056728,2491.4277081003,3128.75421168945,0,1431.1900686277,2304.058480463,7.10246587832686e-05,6.33793203036601e-05,7.95922413037996e-05,0,3.64079814477685e-05,5.86128427314378e-05
"2020/03/22","IQ",39309789,21,3,214,17,8,3318.2300585779,3025.44455595101,3639.3496949042,404.016650384006,404.016650384006,2708.07513084701,8.44123090708499e-05,7.69641514980152e-05,9.2581257429395e-05,1.02777618669998e-05,1.02777618669998e-05,6.88906045984376e-05
"2020/03/23","IQ",39309789,19,3,233,20,11,3777.02784883781,3494.08100471527,4082.88741779153,1068.9527179908,1472.9693683748,3777.02784883781,9.60836459548996e-05,8.88857735846729e-05,0.000103864394128178,2.7193041356462e-05,3.74708032234618e-05,9.60836459548996e-05
"2020/03/24","IQ",39309789,33,3,266,23,14,4428.71634681351,4139.61543560846,4738.00737909615,651.688497975708,2124.65786635051,4428.71634681351,0.000112661921100963,0.000105307495687867,0.000120529962119516,1.65782751460637e-05,5.40490783695255e-05,0.000112661921100963
"2020/03/25","IQ",39309789,50,4,316,27,16,5531.92800655747,5225.51999584636,5856.30281657326,1103.21165974396,3227.86952609447,5531.92800655747,0.000140726474175618,0.000132931774216503,0.000148978230755023,2.80645530746542e-05,8.21136314441797e-05,0.000140726474175618
"2020/03/26","IQ",39309789,30,2,346,29,17,5814.84280285972,5510.29440171318,6136.22328626526,282.914796302249,3510.78432239672,5020.228238285,0.000147923531282748,0.000140176137849867,0.000156099115318713,7.19705710713046e-06,8.93106885513101e-05,0.000127709366190823
"2020/03/27","IQ",39309789,36,7,382,36,24,7098.42693491241,6804.1945193931,7405.38278361629,1283.58413205269,4794.36845444941,6225.5585230771,0.000180576571777386,0.000173091606250878,0.000188385208163195,3.26530404946383e-05,0.000121963729045948,0.000158371710493717
"2020/03/28","IQ",39309789,76,4,458,40,26,8422.51405154889,8104.53623904354,8752.96757966132,1324.08711663648,6118.45557108588,6118.45557108588,0.0002142599659222,0.000206170942282177,0.000222666358744925,3.36833941448141e-05,0.000155647123190763,0.000155647123190763
"2020/03/29","IQ",39309789,48,2,506,42,25,8689.50531411609,8369.82769232549,9021.39271914599,266.9912625672,6385.44683365308,6385.44683365308,0.00022105194495234,0.000212919679938386,0.000229494814107142,6.7919790301393e-06,0.000162439102220902,0.000162439102220902
"2020/03/30","IQ",39309789,41,0,547,42,22,8327.57701734656,8011.00626626909,8656.65768754115,0,6385.44683365308,6385.44683365308,0.000211844866868824,0.000203791637402813,0.000220216335619129,0,0.000162439102220902,0.000162439102220902
"2020/03/31","IQ",39309789,83,4,630,46,23,9320.81770431378,8993.15096135077,9660.42303197367,269.384093428172,6654.83092708125,6654.83092708125,0.000237111873185424,0.000228776373268012,0.000245751078235848,6.85285014956892e-06,0.000169291952370471,0.000169291952370471
"2020/04/01","IQ",39309789,64,4,694,50,23,9921.94370219224,9596.576131666,10258.3427129423,963.054294647982,7617.88522172924,7617.88522172924,0.000252403891106926,0.000244126879736394,0.000260961530801967,2.44990960050175e-05,0.000193791048375488,0.000193791048375488
"2020/04/02","IQ",39309789,0,0,694,50,21,8827.26761090633,8530.37414149079,9134.49424164863,0,7617.88522172924,7617.88522172924,0.000224556473984287,0.000217003814024308,0.000232371998782508,0,0.000193791048375488,0.000193791048375488
"2020/04/03","IQ",39309789,78,4,772,54,18,9485.52820780389,9186.59193651808,9794.19201405673,0,7213.86857134523,7617.88522172924,0.000241301936466866,0.000233697309759614,0.000249154021509928,0,0.000183513286508488,0.000193791048375488
"2020/04/04","IQ",39309789,0,0,772,54,14,8553.81083985269,8279.17655900804,8837.55520401027,0,6144.91585335443,7617.88522172924,0.00021760001916705,0.000210613609729832,0.000224818179614504,0,0.000156320245152026,0.000193791048375488
"2020/04/05","IQ",39309789,106,2,878,56,14,9166.97252428687,8879.59678300483,9463.6487798485,0,5493.22735537873,7617.88522172924,0.000233198212391495,0.000225887673500482,0.000240745346657762,0,0.000139741970005963,0.000193791048375488
"2020/04/06","IQ",39309789,83,5,961,61,19,9997.08064693548,9707.358816276,10295.4493959534,0,4390.01569563477,7617.88522172924,0.0002543152965521,0.000246945075596208,0.000261905486085245,0,0.000111677416931309,0.000193791048375488
"2020/04/07","IQ",39309789,70,3,1031,64,18,10310.9252370312,10023.3130042304,10606.7903096287,0,4107.10089933252,7617.88522172924,0.000262299175328344,0.000254982620339948,0.000269825673946729,0,0.000104480359824178,0.000193791048375488
"2020/04/08","IQ",39309789,0,0,1031,64,14,9455.85157089971,9188.86833636071,9730.59202264063,0,2823.51676727983,7617.88522172924,0.000240546993800952,0.00023375521899547,0.000247536104114948,0,7.18273193295398e-05,0.000193791048375488
"2020/04/09","IQ",39309789,171,5,1202,69,19,10939.3753397708,10650.8908179405,11235.6736042033,0,1499.42965064335,7213.86857134523,0.000278286289956194,0.000270947544845394,0.00028582380852269,0,3.81439251847257e-05,0.000183513286508488
"2020/04/10","IQ",39309789,30,0,1232,69,15,10352.9608122657,10077.158969715,10636.3110775993,0,1232.43838807615,6144.91585335443,0.000263368516484932,0.00025635240549663,0.000270576651469672,0,3.13519461545864e-05,0.000156320245152026
"2020/04/11","IQ",39309789,47,1,1279,70,16,10072.7797365745,9805.96324273586,10346.8562047392,0,1232.43838807615,5493.22735537873,0.000256241002376648,0.000249453469280536,0.000263213221641542,0,3.13519461545864e-05,0.000139741970005963
"2020/04/12","IQ",39309789,39,2,1318,72,16,9895.20345564798,9638.4332403115,10158.8140922272,0,963.054294647982,4390.01569563477,0.000251723647146719,0.000245191680889244,0.000258429626580474,0,2.44990960050175e-05,0.000111677416931309
"2020/04/13","IQ",39309789,34,4,1352,76,15,9977.32877213153,9730.48533345845,10230.4341475044,0,0,4107.10089933252,0.000253812829474397,0.000247533390053517,0.000260251566028613,0,0,0.000104480359824178
"2020/04/14","IQ",39309789,26,2,1378,78,14,9770.82098167003,9533.78701360446,10013.7482114517,0,0,2823.51676727983,0.000248559486841052,0.000242529590113151,0.000254739301995534,0,0,7.18273193295398e-05
"2020/04/15","IQ",39309789,22,0,1400,78,14,9344.68955721982,9116.66968357412,9578.41250716223,0,0,1499.42965064335,0.000237719148205548,0.000231918560630639,0.000243664816088487,0,0,3.81439251847257e-05
"2020/04/16","IQ",39309789,15,1,1415,79,10,9054.25211666377,8835.03280267071,9278.91081143797,0,0,1232.43838807615,0.000230330722880852,0.000224754012357347,0.00023604580557372,0,0,3.13519461545864e-05
"2020/04/17","IQ",39309789,19,1,1434,80,11,8841.45375619457,8629.15795143126,9058.97249336608,0,0,1232.43838807615,0.000224917354712704,0.000219516771037139,0.000230450804336957,0,0,3.13519461545864e-05
"2020/04/18","IQ",39309789,48,1,1482,81,11,8846.35424573654,8635.76496356995,9062.07889760697,0,0,963.054294647982,0.000225042018051446,0.000219684846529447,0.000230529828018333,0,0,2.44990960050175e-05
"2020/04/19","IQ",39309789,0,0,1482,81,9,8491.66443082308,8288.85685582126,8699.43419942934,0,0,0,0.00021601907939071,0.000210859866376318,0.000221304525430786,0,0,0
"2020/04/20","IQ",39309789,57,1,1539,82,6,8596.28740763925,8392.85363501449,8804.6521967745,0,0,0,0.000218680578713848,0.000213505435885562,0.000223981161455089,0,0,0
"2020/04/21","IQ",39309789,35,0,1574,82,4,8489.31114808173,8287.88253114328,8695.63528417955,0,0,0,0.000215959214334163,0.000210835080573525,0.000221207884992197,0,0,0
"2020/04/22","IQ",39309789,28,1,1602,83,5,8458.91317608491,8260.10711680925,8662.50414294662,0,0,0,0.000215185921656433,0.000210128503025271,0.000220365063342025,0,0,0
"2020/04/23","IQ",39309789,0,0,1602,83,4,8193.1761839127,8000.18247242628,8390.82561079082,0,0,0,0.000208425849955916,0.000203516291385494,0.000213453845066195,0,0,0
"2020/04/24","IQ",39309789,75,0,1677,83,3,8322.37223294873,8125.93297031385,8523.56028985074,0,0,0,0.000211712462586577,0.000206715252791457,0.000216830476750988,0,0,0
"2020/04/25","IQ",39309789,31,3,1708,86,5,8535.28260115194,8340.30717845741,8734.81605925711,0,0,0,0.000217128680114562,0.000212168708879547,0.000222204603012677,0,0,0
"2020/04/26","IQ",39309789,55,0,1763,86,5,8566.78752431068,8370.733214963,8767.43370049089,0,0,0,0.000217930132474399,0.000212942715489086,0.000223034361758871,0,0,0
"2020/04/27","IQ",39309789,57,1,1820,87,5,8702.55067640813,8505.26204806903,8904.41562498897,0,0,0,0.0002213838053521,0.000216364988580046,0.000226519038934271,0,0,0
"2020/04/28","IQ",39309789,27,1,1847,88,6,8689.0804958751,8493.92664389809,8888.71814286684,0,0,0,0.000221041138019721,0.000216076627730006,0.000226119711374356,0,0,0
"2020/04/29","IQ",39309789,0,0,1847,88,5,8452.07619230747,8261.91102292993,8646.61841095897,0,0,0,0.000215011995925683,0.000210174392514036,0.000219960946902029,0,0,0
"2020/04/30","IQ",39309789,156,4,2003,92,9,9329.85385281875,9128.44334126886,9535.70829775862,0,0,0,0.00023734174337132,0.000232218070192869,0.000242578465576567,0,0,0
"2020/05/01","IQ",39309789,82,1,2085,93,10,9560.46047569095,9355.87477189829,9769.51987234683,0,0,0,0.000243208135146463,0.00023800368839167,0.000248526387977988,0,0,0
"2020/05/02","IQ",39309789,68,1,2153,94,8,9700.10083463135,9494.30380929532,9910.35868368734,0,0,0,0.000246760440119161,0.0002415251786087,0.000252109180328781,0,0,0
"2020/05/03","IQ",39309789,66,1,2219,95,9,9805.51754913828,9599.22334011058,10016.2451689921,0,0,0,0.000249442131300636,0.000244194221956027,0.000254802821988998,0,0,0
"2020/05/04","IQ",39309789,77,2,2296,97,10,10043.3405089621,9835.84891527066,10255.209229816,0,0,0,0.000255492099155305,0.000250213729594699,0.000260881818262011,0,0,0
"2020/05/05","IQ",39309789,50,1,2346,98,10,10045.962295367,9840.07611005978,10256.156284885,0,0,0,0.000255558794664785,0.000250321265017723,0.000260905910354415,0,0,0
"2020/05/06","IQ",39309789,85,4,2431,102,14,10497.0189109984,10289.5722928536,10708.6478312015,0,0,0,0.000267033204146641,0.000261755978716995,0.0002724168229751,0,0,0
"2020/05/07","IQ",39309789,49,0,2480,102,10,10376.4079355671,10170.9824327479,10585.9824611074,0,0,0,0.000263964986827254,0.00025873917646182,0.000269296343999897,0,0,0
"2020/05/08","IQ",39309789,63,0,2543,102,9,10312.5138544122,10108.0088614527,10521.1563874866,0,0,0,0.000262339588096294,0.000257137194540849,0.000267647236353432,0,0,0
"2020/05/09","IQ",39309789,60,2,2603,104,10,10437.705984911,10234.1716806749,10645.2881216727,0,0,0,0.000265524345218719,0.000260346644971176,0.000270805018100521,0,0,0
"2020/05/10","IQ",39309789,76,3,2679,107,12,10725.7802545386,10521.8583053548,10933.6543726408,0,0,0,0.000272852653941708,0.000267665092411328,0.000278140754524039,0,0,0
"2020/05/11","IQ",39309789,88,2,2767,109,12,10958.3025483887,10753.2624960235,11167.2522442774,0,0,0,0.000278767778386923,0.000273551773478699,0.000284083240545438,0,0,0
"2020/05/12","IQ",39309789,51,1,2818,110,12,10939.5343036646,10736.2970989352,11146.6187716549,0,0,0,0.000278290333831724,0.000273120191485515,0.000283558346539455,0,0,0
"2020/05/13","IQ",39309789,95,2,2913,112,10,11186.4225107802,10981.7945927488,11394.863337939,0,0,0,0.000284570912115051,0.000279365391474088,0.000289873429184243,0,0,0
"2020/05/14","IQ",39309789,119,3,3032,115,13,11619.1524506545,11411.5156193076,11830.5673124724,0,0,0,0.000295579110095311,0.000290297045840353,0.000300957283501889,0,0,0
"2020/05/15","IQ",39309789,111,0,3143,115,13,11703.8916400003,11494.4489116771,11917.1506675463,0,0,0,0.000297734786620206,0.000292406782231191,0.000303159873677935,0,0,0
"2020/05/16","IQ",39309789,50,2,3193,117,13,11747.3273798867,11540.1795731245,11958.1935182029,0,0,0,0.000298839746504023,0.000293570122524048,0.000304203960957483,0,0,0
"2020/05/17","IQ",39309789,67,4,3260,121,14,12041.6268370525,11835.5453377457,12251.2966445566,0,0,0,0.00030632641750004,0.000301083919268703,0.000311660198546388,0,0,0
"2020/05/18","IQ",39309789,144,2,3404,123,14,12413.3304732436,12203.8130072834,12626.4449763361,0,0,0,0.000315782170014793,0.000310452264378307,0.000321203580521281,0,0,0
"2020/05/19","IQ",39309789,150,4,3554,127,17,12999.9228010517,12786.627126101,13216.7764936487,0,0,0,0.000330704466540171,0.00032527844721072,0.000336220998124632,0,0,0
"2020/05/20","IQ",39309789,57,4,3611,131,19,13228.0894927455,13016.8894099675,13442.716313937,0,0,0,0.000336508789012974,0.000331136079360984,0.000341968671313322,0,0,0
"2020/05/21","IQ",39309789,113,3,3724,134,19,13541.4877652416,13329.449879,13756.8986387865,3506.72303126876,3506.72303126876,3506.72303126876,0.000344481313935356,0.000339087291437763,0.000349961141709169,8.92073735442528e-05,8.92073735442528e-05,8.92073735442528e-05
"2020/05/22","IQ",39309789,153,6,3877,140,25,14294.5088914693,14079.1951397947,14513.1154458362,865.842158008338,4372.5651892771,4372.5651892771,0.000363637385371601,0.000358160028276792,0.000369198507929823,2.20261207204225e-05,0.000111233494264675,0.000111233494264675
"2020/05/23","IQ",39309789,87,7,3964,147,30,14891.4968018497,14676.66258554,15109.475720862,596.987910380385,4969.55309965748,4969.55309965748,0.000378824134666551,0.000373358976450878,0.000384369290836489,1.518674929495e-05,0.000126420243559625,0.000126420243559625
"2020/05/24","IQ",39309789,308,5,4272,152,31,16099.4191633672,15873.7929645459,16328.2523576248,1207.92236151745,6177.47546117493,6177.47546117493,0.000409552418695688,0.000403812723709759,0.000415373696298007,3.0728284029137e-05,0.000157148527588762,0.000157148527588762
"2020/05/25","IQ",39309789,197,8,4469,160,37,17184.5525627182,16954.2995578302,17417.9325883409,1085.13339935099,7262.60886052592,7262.60886052592,0.000437157079696311,0.000431299683593575,0.000443094023942506,2.76046610006222e-05,0.000184753188589385,0.000184753188589385
"2020/05/26","IQ",39309789,163,3,4632,163,36,17551.7030660517,17320.0668424204,17786.437161105,367.150503333578,7629.75936385949,7629.75936385949,0.000446497005263797,0.000440604421520055,0.000452468395622908,9.33992556748595e-06,0.000194093114156871,0.000194093114156871
"2020/05/27","IQ",39309789,216,6,4848,169,38,18391.3189030279,18155.9587936574,18629.7300427357,839.615836976129,8469.37520083562,8469.37520083562,0.000467855955752595,0.000461868640242699,0.000473920886289562,2.13589504887988e-05,0.000215452064645669,0.000215452064645669
"2020/05/28","IQ",39309789,287,6,5135,175,41,19454.8621086569,19213.1151055721,19699.65086802,1063.54320562899,9532.91840646462,9532.91840646462,0.000494911384761105,0.000488761593341855,0.000501138555285047,2.70554290085097e-05,0.000242507493654179,0.000242507493654179
"2020/05/29","IQ",39309789,322,4,5457,179,39,20368.226929525,20119.7314523077,20619.7915333032,913.364820868133,10446.2832273327,10446.2832273327,0.000518146432419797,0.000511824966862775,0.000524545973352926,2.32350476586922e-05,0.000265742541312871,0.000265742541312871
"2020/05/30","IQ",39309789,416,6,5873,185,38,21779.3634877456,21520.8232507782,22041.0096957696,1411.13655822059,11857.4197855533,11857.4197855533,0.000554044273494971,0.000547467279734779,0.000560700279916781,3.58978410751733e-05,0.000301640382388044,0.000301640382388044
"2020/05/31","IQ",39309789,306,10,6179,195,43,23158.7309524477,22895.7424660256,23424.740216383,1379.3674647021,13236.7872502554,13236.7872502554,0.0005891339419921,0.000582443789408933,0.000595900940002069,3.50896684971292e-05,0.000336730050885174,0.000336730050885174
"2020/06/01","IQ",39309789,260,10,6439,205,45,24261.488966284,23997.1936277263,24528.6951462953,1102.75801383632,14339.5452640918,14339.5452640918,0.000617186954788386,0.000610463557251002,0.00062398440109397,2.80530127962863e-05,0.00036478306368146,0.00036478306368146
"2020/06/02","IQ",39309789,429,10,6868,215,52,25912.3319285436,25640.8789086508,26186.6587478202,1650.84296225959,12483.6651950826,15990.3882263513,0.000659182676573094,0.000652277195093843,0.000666161264508955,4.19957217847083e-05,0.000317571411921916,0.000406778785466168
"2020/06/03","IQ",39309789,519,20,7387,235,66,29055.1229257809,28772.4305974617,29340.5927376437,3142.79099723736,14760.6140343116,19133.1792235887,0.000739131999049421,0.000731940601295562,0.000746394053085446,7.99493224763266e-05,0.00037549461367782,0.000486728107942495
"2020/06/04","IQ",39309789,781,21,8168,256,81,33324.8189000573,33022.4535812296,33629.9527831833,4269.69597427636,18433.3220982076,23402.8751978651,0.00084774860786094,0.000840056749763517,0.000855510895344245,0.000108616608811519,0.000468924473194389,0.000595344716754014
"2020/06/05","IQ",39309789,672,15,8840,271,92,36243.0801715,35928.6738524992,36560.2378120173,2918.26127144273,20143.6610081329,26321.1364693078,0.000921986128480619,0.00091398795990737,0.000930054287801375,7.4237520619679e-05,0.000512433709784931,0.000669582237373693
"2020/06/06","IQ",39309789,1006,14,9846,285,100,40132.6048932953,39797.7040613578,40470.3239422602,3889.52472179531,22948.0523305772,30210.6611911031,0.0010209315774576,0.00101241204986773,0.00102952279754695,9.89454489769791e-05,0.000583774497761287,0.000768527686350672
"2020/06/07","IQ",39309789,1252,33,11098,318,123,47497.7923744852,47133.9835393545,47864.4093081169,7365.18748118989,29946.0893084335,37575.848672293,0.00120829425908354,0.00119903934206705,0.00121762061119476,0.00018736268162594,0.000761797253819742,0.000955890367976612
"2020/06/08","IQ",39309789,1268,28,12366,346,141,53873.3764235111,53486.150542125,54263.4057200186,6375.58404902586,35482.0575204832,40444.7096900501,0.00137048246235845,0.00136063184012829,0.00138040440054305,0.000162188203274911,0.000902626506605854,0.00102887119770727
"2020/06/09","IQ",39309789,1115,24,13481,370,155,58378.4399394442,57978.74282553,58780.892507773,4505.06351593313,38923.5778307874,44083.9310479749,0.00148508657574947,0.00147491869838147,0.0014953245490016,0.000114604113391021,0.000990175190988366,0.00112144919037787
"2020/06/10","IQ",39309789,787,22,14268,392,157,60530.7412147188,60132.7473281299,60931.3692589139,2152.30127527455,40162.5142851938,45639.244412869,0.00153983887358741,0.00152971432454471,0.00155003043285004,5.47522978379393e-05,0.00102169244116761,0.00116101473892086
"2020/06/11","IQ",39309789,1146,34,15414,426,170,65567.2180980038,65160.6330191343,65976.3401599979,5036.47688328507,43787.8546102583,49467.7989346367,0.00166796158834645,0.00165761848833974,0.0016783692265557,0.00012812271475904,0.00111391731485148,0.00125840916965076
"2020/06/12","IQ",39309789,1261,31,16675,457,186,70220.5608302753,69805.4481707221,70638.1420438545,4653.34273227146,47061.8298778276,53036.0082675571,0.001786337770225,0.00177577773746692,0.00179696060042079,0.000118376181878551,0.0011972038282329,0.00134918069052869
"2020/06/13","IQ",39309789,1095,39,17770,496,211,74990.5988980236,74571.0065289828,75412.5522081909,4770.03806774832,50729.1099317396,57438.8958319719,0.0019076825596297,0.00189700856773825,0.00191841661139903,0.000121344789404703,0.00129049560484132,0.00146118555436591
"2020/06/14","IQ",39309789,1180,53,18950,549,231,81799.983486352,81371.9073056378,82230.3116631489,6809.38458832839,55887.6515578084,63408.6645833241,0.00208090619581682,0.00207001638461193,0.00209185329545139,0.000173223636187119,0.00142172351924373,0.00161305024006423
"2020/06/15","IQ",39309789,1259,58,20209,607,261,89270.1025311035,88831.8264391238,89710.5409779565,7470.1190447515,60214.9796053226,69815.2404224466,0.0022709382268906,0.00225978894058993,0.00228214252124214,0.000190032031073774,0.00153180622784118,0.00177602684212949
"2020/06/16","IQ",39309789,1106,45,21315,652,282,93772.8748692955,93331.9522967692,94215.8804660185,4502.77233819196,60448.0559692382,73404.6479397705,0.00238548405511145,0.00237426744510812,0.00239675365507605,0.000114545828220853,0.00153773544725051,0.00186733762269165
"2020/06/17","IQ",39309789,1385,60,22700,712,320,101323.250440294,100871.070120191,101777.457774105,7550.3755709984,65080.1702687938,79543.8869525483,0.00257755772843995,0.00256605473308929,0.00258911228890352,0.000192073673328503,0.00165557159995933,0.00202351345494498
"2020/06/18","IQ",39309789,1554,61,24254,773,347,109437.884260737,108971.887744299,109905.873518219,8114.63382044321,69305.2793674417,86279.1533082894,0.00278398554265293,0.00277213107768905,0.00279589070086891,0.000206427814212974,0.00176305396519533,0.00219485160066083
"2020/06/19","IQ",39309789,1463,83,25717,856,399,119841.877839755,119359.652217568,120326.051704471,10403.9935790179,72344.0854652698,95580.388873471,0.00304865227945525,0.00303638496298131,0.00306096915718553,0.000264666736802325,0.00184035802037171,0.00243146532466687
"2020/06/20","IQ",39309789,1635,69,27352,925,429,128618.354740793,128121.447393594,129117.189297814,8776.47690103842,74744.9783172823,102706.02281225,0.00327191669079662,0.00325927588656336,0.00328460652123608,0.000223264411341369,0.00190143422843817,0.00261273401422353
"2020/06/21","IQ",39309789,1870,88,29222,1013,464,140690.689403703,140171.685731278,141211.614753895,12072.3346629096,82312.2494642588,111635.566477922,0.00357902428333317,0.00356582137165065,0.00359227608049219,0.000307107592536545,0.0020939377075837,0.00283989228428374
"2020/06/22","IQ",39309789,1646,87,30868,1100,493,151007.101420183,150471.822837022,151544.284168232,10316.4120164802,90476.3602054644,117682.282520126,0.00384146303660351,0.00382784610817987,0.00385512840499428,0.000262438753270341,0.0023016241630161,0.00299371442874257
"2020/06/23","IQ",39309789,1808,67,32676,1167,515,158809.79792239,158261.840027201,159359.653039645,7802.69650220728,93242.5798243866,122566.71775089,0.00403995549104551,0.00402601601415873,0.00405394323128127,0.000198492454442004,0.00237199390269906,0.00311796936256489
"2020/06/24","IQ",39309789,1826,84,34502,1251,539,168501.627249294,167937.982419962,169067.163821571,9691.82932690316,98281.0664190183,128369.022355998,0.00428650551264199,0.00427216697652491,0.00430089217272499,0.000246550021596482,0.00250016774241699,0.0032655739351844
"2020/06/25","IQ",39309789,2200,79,36702,1330,557,178836.973029926,178254.186009754,179421.665423086,10335.3457806325,103846.374131903,131339.180655441,0.00454942592110902,0.00453460042763785,0.00456429988528012,0.000262920408467025,0.00264174336147931,0.00334113166202548
"2020/06/26","IQ",39309789,2437,107,39139,1437,581,193561.894976182,192951.135119035,194174.588108315,14724.9219462555,111761.91148983,139688.51855267,0.00492401256532264,0.00490847547207732,0.00493959883906563,0.00037458664421362,0.00284310636950581,0.00355353010296419
"2020/06/27","IQ",39309789,2054,122,41193,1559,634,207716.423271573,207081.942942916,208352.847590525,14154.5282953914,118446.320740469,149337.983332129,0.00528408899044391,0.00526794847316317,0.0053002789608086,0.000360076425121269,0.00301315076355331,0.00379900241469444
"2020/06/28","IQ",39309789,2069,101,43262,1660,647,218397.009711617,217745.422079605,219050.547173105,10680.5864400443,124624.134842322,157866.268496898,0.00555579196091888,0.00553921625169764,0.00557241727176671,0.00027170297047497,0.00317030790580743,0.00401595308733147
"2020/06/29","IQ",39309789,2140,96,45402,1756,656,228170.84470493,227503.679022428,228839.966883475,9773.8349933124,126847.594264636,162603.626606926,0.00580442812107004,0.00578745612250496,0.00582144989085224,0.000248636160151162,0.00322687039263008,0.00413646653272359
"2020/06/30","IQ",39309789,1749,83,47151,1839,672,233837.816602967,233164.784821136,234512.791095742,5666.97189803704,124399.93234223,163617.255772691,0.00594858997088401,0.00593146874487514,0.00596576061743149,0.000144161849813975,0.00316460442823109,0.00416225220065901
"2020/07/01","IQ",39309789,1958,104,49109,1943,692,242872.564242386,242186.352812598,243560.719985389,9034.74763941934,123030.686402631,167881.965344362,0.00617842452022284,0.00616096801772704,0.00619593048401733,0.000229834549338826,0.00312977224076759,0.00427074196059313
"2020/07/02","IQ",39309789,2415,107,51524,2050,720,254270.986988337,253564.974354238,254978.965405923,11398.4227459509,125652.632247544,172471.003501985,0.00646838849703154,0.00645042827256686,0.00648639872897622,0.000289963976808701,0.00319647180623492,0.00438748230121472
"2020/07/03","IQ",39309789,2184,110,53708,2160,723,264614.182014274,263891.396772685,265338.946928227,10343.1950259369,123923.492610571,175344.07948317,0.00673150858210594,0.00671312168001423,0.0067499458449962,0.000263120085074404,0.00315248429877278,0.00446057035521535
"2020/07/04","IQ",39309789,2312,102,56020,2262,703,274273.68809521,273534.848443593,275014.523412221,9659.50608093635,123266.586675027,180500.813225915,0.00697723633406453,0.00695844102453953,0.00699608241123402,0.000245727751958586,0.00313577329746102,0.00459175227895308
"2020/07/05","IQ",39309789,2334,106,58354,2368,708,284199.701091844,283444.290413866,284957.125023615,9926.01299663412,125389.903169454,182876.45065155,0.00722974374377447,0.00721052688463592,0.007249011817988,0.000252507409709936,0.00318978825272895,0.00465218601533451
"2020/07/06","IQ",39309789,2125,105,60479,2473,717,292667.529428682,291899.080253582,293438.001611645,8467.82833683724,124165.902179388,183229.645167944,0.00744515645781466,0.00742560791291914,0.00746475646591857,0.000215412714040191,0.00315865094517266,0.00466117091516173
"2020/07/07","IQ",39309789,1796,94,62275,2567,728,298006.825668369,297232.238892867,298783.431015864,5339.29623968765,119169.852638443,178164.947828614,0.00758098258091309,0.00756127790186987,0.0076007386103208,0.000135826123098439,0.00303155665980408,0.00453233030145784
"2020/07/08","IQ",39309789,2426,118,64701,2685,742,309005.148400981,308211.604454605,309800.735463145,10998.3227326122,115443.2534248,180386.793660188,0.00786076843101298,0.00784058150133049,0.00788100733542847,0.000279785850099887,0.00293675586569035,0.00458885174021636
"2020/07/09","IQ",39309789,2741,94,67442,2779,729,318615.433592654,317804.38003648,319428.557000321,9610.28519167216,110899.010321081,177924.744188951,0.00810524405492621,0.00808461169904728,0.0081259290656666,0.000244475623913223,0.0028211550644823,0.00452621977159304
"2020/07/10","IQ",39309789,2170,103,69612,2882,722,326354.411798982,325531.218459818,327179.686804159,7738.97820632841,107957.402087365,175347.310378799,0.00830211558243118,0.00828117440314466,0.0083231097171282,0.000196871527504979,0.00274632362151231,0.00446065254582768
"2020/07/11","IQ",39309789,2848,78,72460,2960,698,334187.222514126,333349.627266491,335026.922356282,7832.81071514433,106016.377809197,175377.424591736,0.00850137411101663,0.00848006656221154,0.0085227351985095,0.000199258528585445,0.00269694598994659,0.00446141861997112
"2020/07/12","IQ",39309789,2734,95,75194,3055,687,343149.701251663,342296.095257965,344005.435938042,8962.47873753711,109311.884648697,174648.07400237,0.00872937021492696,0.0087076553694543,0.00875113921211945,0.000227996103910329,0.00278078024404295,0.00444286470228496
"2020/07/13","IQ",39309789,2312,95,77506,3150,677,349879.330202073,349015.163771777,350745.636320546,6729.62895040971,107006.765959687,171042.357172147,0.00890056495093558,0.008878581458979,0.00892260287432593,0.000171194736008624,0.00272214043071274,0.00435113902982656
"2020/07/14","IQ",39309789,2229,100,79735,3250,683,356535.778194228,355661.429730412,357412.276132718,6656.44799215463,102264.791205891,162973.883218046,0.0090698980397536,0.00904765552749246,0.00909219523240682,0.00016933308881802,0.00260150954272206,0.00414588547443097
"2020/07/15","IQ",39309789,2022,95,81757,3345,660,361594.54762787,360713.448056896,362477.799423714,5058.7694336421,96980.365613596,153878.124356297,0.00919858785372442,0.00917617360034407,0.00922105685745894,0.000128689813970818,0.00246707927161848,0.00391449886328051
"2020/07/16","IQ",39309789,2110,87,83867,3432,653,366191.785290976,365304.416046374,367081.310064341,4597.23766310577,91918.0971957654,147794.775579358,0.00931553678120673,0.00929296303387368,0.00933816536294155,0.000116948927482307,0.0023383004471422,0.00375974482028785
"2020/07/17","IQ",39309789,2281,90,86148,3522,640,371945.957516854,371049.593970866,372844.48645426,5754.17222587857,87746.2564250099,143775.112811925,0.00946191691633995,0.00943911436336802,0.00948477455460929,0.000146380135133225,0.00223217317256549,0.00365748879526991
"2020/07/18","IQ",39309789,2023,94,88171,3616,656,377103.962276441,376200.172242491,378009.923591761,5158.00475958647,84436.4328477591,143266.145673474,0.00959313117341944,0.00957013969834564,0.00961617788362488,0.000131214257079489,0.00214797471560479,0.00364454120253543
"2020/07/19","IQ",39309789,2049,75,90220,3691,636,380510.982166169,379602.795666342,381421.341470643,3407.01988972822,82504.1564977997,137638.417923783,0.00967980220311457,0.00965669888653796,0.00970296079357339,8.66710296951282e-05,0.00209881962220147,0.00350137768289173
"2020/07/20","IQ",39309789,2310,90,92530,3781,631,386697.678623047,385779.212300589,387618.331637683,6186.69645687862,77692.5302220661,132426.691634711,0.00983718530320902,0.00981382047867488,0.00986060575490963,0.000157383100094448,0.00197641687219603,0.00336879680617748
"2020/07/21","IQ",39309789,2163,88,94693,3869,619,392160.681159257,391233.482804826,393090.07691454,5463.00253620918,73545.2475666031,127546.499144983,0.00997615838536444,0.00995257142705156,0.0099998012432613,0.000138973082155419,0.00187091433043823,0.00324464980325849
"2020/07/22","IQ",39309789,2466,81,97159,3950,605,398226.98727448,397289.22132241,399166.966739864,6066.30611522374,71872.5754754985,123953.29917927,0.0101304788808325,0.0101066230938663,0.0101543909772669,0.000154320495468031,0.00182836329840128,0.00315324254676794
"2020/07/23","IQ",39309789,2706,92,99865,4042,610,406389.695351141,405436.947952346,407344.681637168,8162.70807666087,72202.472837015,122189.994259297,0.010338129653943,0.0103138927546099,0.0103624235082302,0.000207650773110506,0.00183675554292634,0.00310838591016851
"2020/07/24","IQ",39309789,2361,80,102226,4122,600,411875.246658792,410913.18010311,412839.565690429,5485.55130765081,68725.5454071287,119207.717230111,0.0104776763533071,0.0104532023843504,0.010502207622901,0.000139546699364141,0.00174830613838016,0.00303251989549246
"2020/07/25","IQ",39309789,2485,90,104711,4212,596,418757.155327967,417782.942384683,419733.640003202,6881.90866917465,68877.8251258936,120750.329659598,0.0106527449264092,0.0106279619660305,0.0106775856772775,0.000175068573102101,0.00175217997547363,0.00307176234549612
"2020/07/26","IQ",39309789,2862,72,107573,4284,593,425251.093758179,424264.784646956,426239.69579047,6493.93843021221,68715.3155639512,116245.945357198,0.0108179439416014,0.0107928532673364,0.0108430929453849,0.000165199015192175,0.00174804590184779,0.00295717551058841
"2020/07/27","IQ",39309789,2459,78,110032,4362,581,430624.45585702,429628.901856473,431622.316796796,5373.36209884082,69029.9082291499,112009.022264366,0.0109546366645982,0.0109293108099988,0.0109800212053236,0.00013669272299683,0.0017560488108738,0.00284939260967201
"2020/07/28","IQ",39309789,2553,96,112585,4458,589,438001.52212508,436992.851671503,439012.5208,7377.0662680603,71809.7368341045,111647.110326098,0.0111423015301629,0.0111166420066896,0.0111680202811569,0.000187664865564664,0.00182676474895616,0.0028401859477317
"2020/07/29","IQ",39309789,2747,77,115332,4535,585,444147.748941621,443127.950650958,445169.894158385,6146.22681654122,72201.7914247671,109960.526427495,0.01129865512485,0.0112727125208166,0.0113246574322336,0.000156353594687095,0.00183673820851003,0.00279728101383335
"2020/07/30","IQ",39309789,2968,68,118300,4603,561,450145.87675133,449114.900296678,451179.219888648,5998.12780970853,73041.9144748892,106996.175499666,0.0114512412353913,0.0114250142705339,0.0114775284061852,0.000152586110541284,0.00185811006197182,0.0027218710204643
"2020/07/31","IQ",39309789,2963,68,121263,4671,549,455969.716882733,454927.955464907,457013.863880163,5823.8401314033,75458.7347165642,106090.38668066,0.0115993936493206,0.0115728923262576,0.0116259556590386,0.000148152413929347,0.00191959144620604,0.00269882869838503
"2020/08/01","IQ",39309789,3346,70,124609,4741,529,463221.004614007,462165.278055948,464279.142773756,7251.28773127432,76523.3259909599,106685.22641978,0.011783858840199,0.0117570022585455,0.0118107767704822,0.000184465190878392,0.00194667353698998,0.0027139608004454
"2020/08/02","IQ",39309789,2095,64,126704,4805,521,465030.593409747,463973.04313672,466090.554194756,1809.58879573934,72869.9122504901,103436.045781877,0.0118298928902861,0.0118029899152275,0.0118568571862534,4.60340500871003e-05,0.00185373450492166,0.00263130503656168
"2020/08/03","IQ",39309789,2447,63,129151,4868,506,467917.794068602,466855.895230101,468982.108275858,2887.2006588548,69690.8067941212,101726.008777626,0.0119033402613431,0.0118763266633179,0.0119304153038282,7.34473710569852e-05,0.00177286138051062,0.00258780348013636
"2020/08/04","IQ",39309789,2735,66,131886,4934,476,472133.189622452,471064.023041759,473204.782873664,4215.39555385045,65743.4942713107,100187.232105598,0.0120105755241386,0.0119833770423382,0.012037835737904,0.000107235262795495,0.00167244587019561,0.00254865860779863
"2020/08/05","IQ",39309789,2836,83,134722,5017,482,478349.130752375,477268.79429595,479431.912637609,6215.94112992275,66473.8840935827,101245.168475934,0.0121687025781892,0.0121412199464095,0.0121962474191253,0.000158127054050653,0.00169102622488212,0.00257557140476979
"2020/08/06","IQ",39309789,2834,77,137556,5094,491,483965.615485177,482875.223267716,485058.469943669,5616.48473280238,65208.4601572104,103454.633319008,0.0123115800872189,0.0122838416473748,0.0123393811639047,0.000142877509029682,0.0016588351608097,0.00263177788410435
"2020/08/07","IQ",39309789,3047,67,140603,5161,490,489329.193873481,488228.940190246,490431.927045471,5363.57838830358,64078.1001153018,102631.515250433,0.0124480239228321,0.0124200346175922,0.0124760763036777,0.000136443835613149,0.00163007998123067,0.00261083861962305
"2020/08/08","IQ",39309789,3461,75,144064,5236,495,496792.089810696,495677.541229258,497909.14449426,7462.8959372149,66167.6339536759,104631.408651439,0.0126378722055897,0.0126095192530608,0.0126662889107408,0.000189848282757633,0.00168323554099148,0.00266171382022526
"2020/08/09","IQ",39309789,3325,74,147389,5310,505,503520.962280491,502393.731444855,504650.722306436,6728.87246979563,65519.4401554112,105293.975006011,0.0128090476975211,0.0127803721216834,0.0128377876133203,0.000171175491931428,0.00166674616735824,0.00267856881668866
"2020/08/10","IQ",39309789,2726,82,150115,5392,524,508751.962227355,507615.666628961,509890.80141881,5230.99994686403,64604.213285734,102362.266876214,0.0129421188759715,0.0129132127020311,0.0129710897562643,0.000133071178450335,0.00164346375112148,0.00260398922202849
"2020/08/11","IQ",39309789,3484,72,153599,5464,530,515422.990838701,514274.058487014,516574.490003796,6671.02861134592,65277.1140873714,103547.744179909,0.0131118228805222,0.0130825952407685,0.0131411158173298,0.000169704004550773,0.00166058164513097,0.00263414652721512
"2020/08/12","IQ",39309789,3396,67,156995,5531,514,521167.065848957,520007.392738838,522329.32515639,5744.07501025591,65197.348966224,102409.91052099,0.0132579461530296,0.0132284452795928,0.0132875128166267,0.000146123272507413,0.00165855250370904,0.00260520122662043
"2020/08/13","IQ",39309789,3441,57,160436,5588,494,525932.556429901,524763.983981298,527103.731118004,4765.49058094382,62711.5518158935,100681.462671722,0.0133791752591168,0.0133494479957981,0.013408968720692,0.000121229106087133,0.00159531641891778,0.00256123131751539
"2020/08/14","IQ",39309789,3841,53,164277,5641,480,531420.077779271,530240.870945847,532601.907060025,5487.52134937025,66389.4843695244,100795.621922251,0.0135187720742859,0.0134887742833177,0.0135488365775768,0.000139596815169124,0.0016888791839998,0.00256413540968768
"2020/08/15","IQ",39309789,4013,68,168290,5709,473,538621.799595557,537428.649805656,539817.598307175,7201.72181628621,70704.0055269558,100620.277470477,0.0137019763600247,0.0136716238747976,0.0137323962310552,0.000183204285738756,0.00179863609868157,0.00255967482986178
"2020/08/16","IQ",39309789,4293,76,172583,5785,475,547158.641561571,545948.857671312,548371.106247,8536.84196601354,75025.4519391189,103010.89261995,0.0139191447087536,0.0138883690693764,0.0139499885447617,0.000217168348728952,0.00190856918461503,0.00262048958390363
"2020/08/17","IQ",39309789,4348,75,176931,5860,468,555399.913432059,554174.125616162,556628.412590294,8241.27187048784,77050.782679684,105254.036680729,0.014128794062773,0.0140976113002327,0.0141600457990323,0.000209649354019373,0.00196009148458375,0.00267755282738172
"2020/08/18","IQ",39309789,3202,94,180133,5954,490,561455.759631407,560219.379994398,562694.867904129,6055.84619934857,77490.1441462302,105486.042748674,0.0142828484688994,0.0142513962614858,0.0143143700899572,0.000154054406126387,0.00197126838168046,0.00268345481957876
"2020/08/19","IQ",39309789,4576,82,184709,6036,505,570332.73286873,569079.166465296,571589.060625629,8876.97323732288,81003.5389952495,107111.728254723,0.0145086694021362,0.0144767799813247,0.0145406290688975,0.00022582093323683,0.00206064547930414,0.0027248105619372
"2020/08/20","IQ",39309789,4093,85,188802,6121,533,577730.500770805,576463.092324142,579000.695734406,7397.7679020752,80938.4109601098,112699.907361059,0.0146968608956615,0.0146646193477188,0.0147291733296866,0.00018819149352532,0.00205898869007182,0.00286696800537542
"2020/08/21","IQ",39309789,3995,87,192797,6208,567,584736.748789938,583456.409119096,586019.898044577,7006.24801913276,81215.7865094469,116818.954721337,0.0148750925320392,0.0148425220272512,0.0149077345097064,0.000178231636377717,0.00206604483451811,0.00297175227069615
"2020/08/22","IQ",39309789,4288,75,197085,6283,574,591248.901029512,589956.348992561,592544.284955248,6512.15223957377,82496.9388021567,119115.71140706,0.0150407548875297,0.0150078737128953,0.0150737081024589,0.00016566235549048,0.00209863601155826,0.00303017936339114
"2020/08/23","IQ",39309789,3965,70,201050,6353,568,596105.139563921,594803.842282207,597409.283791965,4856.23853440944,80682.1487252202,117756.008811547,0.0151642925268289,0.0151311888822961,0.0151974685947046,0.000123537639299194,0.00205246964630668,0.00299558994863968
"2020/08/24","IQ",39309789,3291,75,204341,6428,568,599272.794266402,597966.565284661,600581.876642047,3167.6547024803,78105.7284174446,115307.178781225,0.0152448743560135,0.0152116452541798,0.0152781760452097,8.05818291845907e-05,0.00198692820298386,0.00293329426879459
"2020/08/25","IQ",39309789,3644,91,207985,6519,565,604897.56141115,603581.476298688,606216.516194222,5624.76714474836,78965.0049812491,115568.367537669,0.0153879625609578,0.0153544827294466,0.0154215153938939,0.000143088204944279,0.002008787301841,0.00293993863812572
"2020/08/26","IQ",39309789,3962,77,211947,6596,560,610152.124514592,608826.584230161,611480.55077196,5254.56310344185,78732.0467353207,113360.034703896,0.0155216331615159,0.0154879128002992,0.0155554269388716,0.000133670600558091,0.00200286108722997,0.00288376095592618
"2020/08/27","IQ",39309789,3837,72,215784,6668,547,614601.444521493,613268.051729917,615937.736430888,4449.32000690082,75979.6449259353,111080.482241001,0.015634819218223,0.0156008990974212,0.0156688130895561,0.000113186056707168,0.00193284285819838,0.00282577152070192
"2020/08/28","IQ",39309789,3651,72,219435,6740,532,618527.644381605,617187.522322717,619870.676297009,3926.19986011274,71369.0028200345,109775.68215425,0.0157346976444367,0.0157006063380986,0.0157688629744873,9.98784262137032e-05,0.00181555293568313,0.00279257876846528
"2020/08/29","IQ",39309789,4177,74,223612,6814,531,624121.221091858,622770.801750591,625474.568689222,5593.57671025232,68721.307659799,108698.230253157,0.0158769923972845,0.0158426391388311,0.0159114201475165,0.000142294752847753,0.00174819833451151,0.00276516951676226
"2020/08/30","IQ",39309789,3834,77,227446,6891,538,629018.755261374,627659.61589674,630380.837717719,4897.53416951641,67562.9956299668,107851.689412417,0.0160015805544358,0.01596700546769,0.0160362305103627,0.000124588157151299,0.00171873208553643,0.00274363440140615
"2020/08/31","IQ",39309789,3731,68,231177,6959,531,632785.3613062,631419.701686955,634153.974628332,3766.60604482575,62452.6284374697,106852.804876299,0.0160973990805751,0.0160626581253579,0.0161322151749105,9.58185261392715e-05,0.00158872967843887,0.00271822382145829
"2020/09/01","IQ",39309789,3757,83,234934,7042,523,637978.008204641,636603.122436313,639355.86334401,5192.64689844102,60247.5074338355,106557.93042537,0.016229494597507,0.0161945189386876,0.0162645457940263,0.000132095516931953,0.0015326337018455,0.00271072252322112
"2020/09/02","IQ",39309789,3404,81,238338,7123,527,642045.837265994,640664.083959675,643430.570671006,4067.82906135323,57309.088476056,103424.037670437,0.0163329759227656,0.0162978255609481,0.0163682020951831,0.000103481325258531,0.00145788339072632,0.00263099956274089
"2020/09/03","IQ",39309789,3946,78,242284,7201,533,647344.906685485,645953.549540076,648739.260756458,5299.06941949076,56096.005655973,100186.265123914,0.0164677787175476,0.0164323840440883,0.016503249629665,0.000134802794782001,0.00142702383001784,0.00254863400879394
"2020/09/04","IQ",39309789,4755,74,247039,7275,535,654473.18521954,653068.193676475,655881.19941974,7128.27853405464,58368.0456556182,99073.2717874808,0.0166491146828476,0.0166133731645437,0.0166849330943939,0.000181335965300008,0.00148482215601865,0.00252032062007458
"2020/09/05","IQ",39309789,5036,84,252075,7359,545,663178.397563858,661756.634023469,664603.215718982,8705.21234431851,63905.6032974564,101722.637932451,0.016870566198253,0.0168343980178441,0.0169068120848723,0.000221451515405451,0.00162569184223951,0.00258771772935364
"2020/09/06","IQ",39309789,4644,63,256719,7422,531,668775.318710151,667342.947352438,670210.764480674,5596.92114629271,63877.7572990007,98442.5858414206,0.0170129460300627,0.0169765079978536,0.0170494622721245,0.000142379831809647,0.00162498346910488,0.00250427662792646
"2020/09/07","IQ",39309789,3651,90,260370,7512,553,673990.381031071,672548.851541471,675435.000269861,5215.06232092006,63838.256516479,96259.8802602654,0.0171456117719449,0.0171089407664201,0.017182361377464,0.000132665741882259,0.00162397861042904,0.0024487508762834
"2020/09/08","IQ",39309789,4314,77,264684,7589,547,679589.101745456,678137.277994917,681044.033704717,5598.72071438504,64987.6572239632,94852.3529555177,0.0172880373828884,0.0172511045021106,0.0173250493332518,0.000142425610943499,0.00165321816466538,0.00241294485084918
"2020/09/09","IQ",39309789,4894,68,269578,7657,534,685773.192284641,684309.614015986,687239.900805019,6184.09053918545,67245.5479030359,94524.2912551294,0.0174453541911568,0.0174081222877077,0.0174826657249424,0.00015731680826843,0.0017106565467201,0.00240459930362713
"2020/09/10","IQ",39309789,4243,75,273821,7732,531,690820.919430799,689348.169225251,692296.816077093,5047.72714615765,66699.6983389412,94715.7798668776,0.0175737631008602,0.0175362978729103,0.0176113083709784,0.000128408909703322,0.00169677070357567,0.00240947057403126
"2020/09/11","IQ",39309789,4597,82,278418,7814,539,697265.097300267,695780.350707146,698753.012238748,6444.17786946776,68246.3420388926,97992.3030338651,0.0177376962593278,0.0176999258558001,0.0177755472622544,0.000163933158467672,0.00173611570489205,0.00249282190331434
"2020/09/12","IQ",39309789,4254,67,282672,7881,522,701410.676974833,699918.48846983,702906.046745327,4145.57967456582,68625.3156686326,96513.1155636825,0.0178431554790292,0.0178051957610312,0.0178811961251007,0.000105459219701378,0.00174575639845415,0.00245519291807144
"2020/09/13","IQ",39309789,4106,60,286778,7941,519,704495.270332643,702997.736076699,705995.99465412,3084.59335781028,66517.2621280019,94343.145818051,0.0179216243143061,0.0178835286059841,0.0179598011745654,7.84688352768896e-05,0.00169212971679909,0.00239999115279024
"2020/09/14","IQ",39309789,3531,73,290309,8014,502,707304.136401074,705802.11632948,708809.35292709,2808.86606843153,65258.2991350802,92702.6918795817,0.0179930789351496,0.0179548691123598,0.0180313700724034,7.14546208434628e-05,0.00166010301238402,0.00235825971692653
"2020/09/15","IQ",39309789,4169,72,294478,8086,497,711622.341856965,710112.599049245,713135.294470213,4318.20545589097,64277.4351714804,93094.6974753599,0.0181029295745384,0.0180645232934027,0.0181414175097763,0.000109850639388855,0.00163515085699087,0.00236823193010168
"2020/09/16","IQ",39309789,4224,80,298702,8166,509,716851.196970575,715331.963406443,718373.65710746,5228.85511360969,62378.0117510355,92729.9758787173,0.0182359461906696,0.0181972984745973,0.0182746759873847,0.000133016616131155,0.00158683150782202,0.00235895379338508
"2020/09/17","IQ",39309789,4357,82,303059,8248,516,722623.321211998,721093.481860408,724156.406201638,5772.12424142333,59444.9236481403,93604.5659506242,0.0183827830063397,0.018343865490105,0.0184217830882185,0.000146836815670095,0.00151221680808666,0.00238120245190388
"2020/09/18","IQ",39309789,4326,84,307385,8332,518,728512.321639491,726971.665239584,730056.243121458,5889.00042749231,59737.0029293399,95726.9603332907,0.0185325930301862,0.0184934003395333,0.0185718687811186,0.000149810023846536,0.00151964700012355,0.00243519394961114
"2020/09/19","IQ",39309789,4305,76,311690,8408,527,733643.730009619,732093.689141202,735197.052734892,5131.4083701279,59653.3489785477,95665.7218049776,0.0186631307028796,0.0186236992811435,0.0187026456116285,0.000130537672693382,0.00151751893093468,0.00243363610537257
"2020/09/20","IQ",39309789,3907,83,315597,8491,550,738435.879817935,736877.305918973,739997.750266512,4792.14980831684,58846.7780724795,96390.0425519412,0.0187850379918838,0.0187453894987575,0.0188247703457913,0.000121907289004193,0.00149700060899537,0.00245206206911824
"2020/09/21","IQ",39309789,3438,64,319035,8555,541,740498.310220722,738936.574308764,742063.346847713,2062.43040278705,54725.1179360811,93153.4035352375,0.0188375040685342,0.0187977751370979,0.0188773169667157,5.24660766504509e-05,0.00139214987737739,0.00236972535098669
"2020/09/22","IQ",39309789,3821,70,322856,8625,539,744048.692052535,742480.766246456,745619.928909143,3550.38183181256,53227.772621736,89575.5068329955,0.0189278220763926,0.0188879356805109,0.0189677927019436,9.03180078583621e-05,0.00135405897553243,0.00227870739354504
"2020/09/23","IQ",39309789,4724,57,327580,8682,516,748660.157085799,747083.548169187,750240.093201466,4611.46503326378,51395.0597855321,85481.7595219407,0.019045132933321,0.0190050256481709,0.019085324858942,0.000117310856928379,0.00130743667399314,0.00217456673506797
"2020/09/24","IQ",39309789,5055,72,332635,8754,506,755365.20564698,753775.798039639,756957.964670682,6705.04856118083,53954.5286721471,86589.8869368288,0.019215702369885,0.0191752694994023,0.0192562204969017,0.000170569436564028,0.00137254689085579,0.00220275633982235
"2020/09/25","IQ",39309789,4471,45,337106,8799,467,758363.970028173,756769.042563941,759962.258879398,2998.76438119379,53868.6996955306,84373.5889971026,0.0192919878055864,0.019251414515706,0.0193326466056431,7.62854357013666e-05,0.00137036349128027,0.00214637603364146
"2020/09/26","IQ",39309789,4593,68,341699,8867,459,763518.555511227,761914.013267161,765126.476818767,5154.58548305347,56214.4191101525,83929.453765771,0.01942311507984,0.0193822971999967,0.0194640189195309,0.000131127274253583,0.00143003614469039,0.00213507769695154
"2020/09/27","IQ",39309789,4270,68,345969,8935,444,767855.776890586,766243.33431392,769471.612607455,4337.22137935937,56233.4350336209,82082.5846059449,0.0195334494644727,0.0194924306084146,0.0195745546384758,0.000110334384632779,0.00143051988993431,0.00208809527331589
"2020/09/28","IQ",39309789,3481,55,349450,8990,435,769271.791071555,767657.331937096,770889.645572916,1416.01418096898,52420.5941009802,78450.8716407563,0.0195694713871793,0.0195284012319958,0.0196106279169526,3.60219227065549e-05,0.00133352519650971,0.00199570828631912
"2020/09/29","IQ",39309789,4116,62,353566,9052,427,772702.146180111,771081.567587381,774326.130735434,3430.3551085561,50078.824968113,75437.0488798446,0.0196567360404837,0.0196155102126694,0.0196980485124312,8.72646533044506e-05,0.00127395303414406,0.0019190397811559
"2020/09/30","IQ",39309789,4724,70,358290,9122,440,778201.320330984,776570.428797474,779835.636933356,5499.17415087286,49688.9986914935,76790.6433561516,0.0197966292907597,0.0197551411124968,0.0198382045991993,0.000139893250275977,0.00126403626057351,0.0019534738117305
"2020/10/01","IQ",39309789,4691,59,362981,9181,427,782714.687348522,781075.347250667,784357.468133586,4513.36701753782,49070.9573389034,78219.4170158792,0.0199114446365642,0.0198697415356431,0.0199532352649765,0.000114815345804523,0.00124831393368465,0.00198982032225813
"2020/10/02","IQ",39309789,4493,50,367474,9231,432,786006.263241376,784360.86916359,787655.108946821,3291.57589285367,47570.3834234403,78702.1268403013,0.0199951788914811,0.0199533217836298,0.0200371238051372,8.37342549168521e-05,0.00121014089959731,0.00200209995633152
"2020/10/03","IQ",39309789,4785,67,372259,9298,431,791314.969257888,789659.604280811,792973.804379813,5308.70601651235,50816.6590371656,79692.6274009227,0.0201302268312325,0.020088116074111,0.0201724258652167,0.000135047939751403,0.00129272276269826,0.00202729725669407
"2020/10/04","IQ",39309789,3672,49,375931,9347,412,792676.213114415,791018.809775675,794337.089171873,1361.24385652714,48627.5210618802,75825.0161438402,0.0201648554540554,0.0201226928431408,0.0202071064073092,3.46286228228583e-05,0.00123703337766275,0.00192890926338577
"2020/10/05","IQ",39309789,3210,52,379141,9399,409,793321.195727193,791663.298710773,794982.564702616,644.982612777618,44661.038641394,70697.8745151944,0.0201812631384817,0.0201390879689223,0.0202235266310541,1.640768442633e-05,0.0011361302051607,0.00179848013214201
"2020/10/06","IQ",39309789,3808,65,382949,9464,412,796406.828928616,794743.559919904,798073.578888839,3085.63320142368,41041.6232816369,67894.5072891258,0.0202597584262947,0.0202174465988587,0.0203021588055036,7.84952878130097e-05,0.00104405605640969,0.00172716539610848
"2020/10/07","IQ",39309789,4172,67,387121,9531,409,800554.133850401,798883.30649226,802228.455666416,4147.30492178479,42190.1638222279,66910.4038407827,0.0203652615344845,0.0203227574305286,0.0204078545338011,0.000105503108189789,0.00107327372889811,0.00170213083160489
"2020/10/08","IQ",39309789,3923,73,391044,9604,423,804806.409767317,803127.904753872,806488.422788719,4252.2759169162,41287.8542560906,66370.5299493821,0.0204734349952201,0.0204307355797273,0.0205162236507736,0.0001081734607356,0.00105031991538013,0.0016883970033363
"2020/10/09","IQ",39309789,3522,79,394566,9683,452,808822.190688917,807136.597608557,810511.303897147,4015.78092159913,40966.4137983304,68323.8804681941,0.0205755922701319,0.0205327125416154,0.0206185615470271,0.000102157274911833,0.00104214280565918,0.00173808820159768
"2020/10/10","IQ",39309789,3214,52,397780,9735,437,810052.596980784,808365.258769048,811743.457251651,1230.40629186737,40780.8059092287,66003.904928249,0.0206068925218801,0.020563968399043,0.0206499062422251,3.13002517481682e-05,0.00103742113470079,0.00167907044548748
"2020/10/11","IQ",39309789,2344,55,400124,9790,443,809914.783234382,808228.593181,811604.491150062,0,37350.4508006726,61392.4398949852,0.0206033866840237,0.0205604917691367,0.0206463710896556,0,0.000950156481396342,0.0015617595885591
"2020/10/12","IQ",39309789,2206,62,402330,9852,453,810299.086535428,808613.064191367,811988.624369741,108.675808242057,31959.9524580418,54796.0671420464,0.0206131629588607,0.0205702723103237,0.0206561430378001,2.76459912420432e-06,0.000813027830244569,0.00139395475111928
"2020/10/13","IQ",39309789,3107,60,405437,9912,448,812621.594172175,810931.667243633,814315.042794516,2460.32138314878,29906.9068236528,54257.6241440014,0.0206722451288704,0.0206292551517799,0.0207153246941752,6.25880078661521e-05,0.000760800492306199,0.00138025732328407
"2020/10/14","IQ",39309789,3921,58,409358,9970,439,816693.84506309,814996.340630098,818394.885120915,4072.25089091517,30687.5818217143,53175.2895518631,0.0207758389408575,0.0207326561999633,0.0208191116243568,0.000103593811987013,0.00078066004937636,0.0013527238610175
"2020/10/15","IQ",39309789,3857,51,413215,10021,417,820255.939449725,818551.805488819,821963.621228299,3562.09438663535,28940.9701918373,52400.1625591391,0.0208664549038848,0.0208231035147204,0.0209098965458273,9.06159630273098e-05,0.000736228072652267,0.00133300543941203
"2020/10/16","IQ",39309789,3587,65,416802,10086,403,824515.073502008,822803.084500606,826230.62460277,4259.13405228278,31838.8603875929,55243.2824304529,0.0209748028284255,0.0209312516152301,0.0210184446577103,0.000108347924540699,0.000809947374370107,0.00140533144124617
"2020/10/17","IQ",39309789,3501,56,420303,10142,407,827902.329032783,826184.15062486,829624.080659872,3387.25553077506,34581.1333055904,55200.1828526718,0.0210609710734592,0.0210172624082225,0.0211047706376616,8.61682450337004e-05,0.000879707934977478,0.00140423503297542
"2020/10/18","IQ",39309789,3221,56,423524,10198,408,830763.785919052,829040.506812189,832490.647107678,2861.45688626857,34356.9569904353,52562.4655880675,0.0211337635498133,0.0210899251281198,0.0211776930959278,7.27924763541359e-05,0.000874005123518604,0.00133713425905358
"2020/10/19","IQ",39309789,3110,56,426634,10254,402,833447.092381079,831719.078998929,835178.695954105,2683.30646202725,32892.9585306777,50732.405032557,0.0212020240653309,0.0211580652086158,0.0212460742527543,6.82605155175788e-05,0.000836762530846393,0.00129057942876664
"2020/10/20","IQ",39309789,4044,63,430678,10317,405,838581.405714566,836843.683543564,840322.736299425,5134.31333348714,33774.9959472487,52575.1424731904,0.0213326356372599,0.0212884297990906,0.0213769332697111,0.000130611571928996,0.000859200642039789,0.00133745674577878
"2020/10/21","IQ",39309789,3920,49,434598,10366,396,842375.279467288,840630.410810484,844123.76989008,3793.87375272205,33553.0887783716,51060.3102094001,0.0214291478254256,0.0213847601881171,0.0214736275966803,9.65121881657022e-05,0.000853555555293659,0.00129892099419308
"2020/10/22","IQ",39309789,3667,52,438265,10418,397,845912.537203832,844161.099110732,847667.609123932,3537.25773654366,35859.9402230479,53236.3240894167,0.0215191319699994,0.0214745772130889,0.0215637791676758,8.99841445738531e-05,0.000912239448119344,0.00135427651594407
"2020/10/23","IQ",39309789,3899,47,442164,10465,379,849461.121561941,847703.013704768,851222.875676337,3548.5843581087,39408.5245811566,56139.9258347477,0.021609404252003,0.0215646798232564,0.0216542214377273,9.02722820035665e-05,0.00100251173012291,0.00142814111352131
"2020/10/24","IQ",39309789,3785,48,445949,10513,371,852838.080507255,851073.672808385,854606.14609689,3376.95894531452,42676.807718229,56431.2515786386,0.0216953105626503,0.0216504258725068,0.0217402883057167,8.59063106473178e-05,0.00108565344164602,0.00143555213635562
"2020/10/25","IQ",39309789,3204,55,449153,10568,370,855638.548597272,853869.137548582,857411.626268071,2800.46809001651,43016.9544250967,55084.4147468703,0.0217665515476888,0.0217215395775485,0.0218116567928683,7.12409850385234e-05,0.0010943064188184,0.00140129001320435
"2020/10/26","IQ",39309789,2554,55,451707,10623,369,857199.299594788,855427.444887222,858974.82436125,1560.75099751609,40505.4545316977,52392.8898274702,0.0218062554239298,0.0217611812896585,0.0218514229206687,3.97038762410069e-05,0.00103041648307239,0.00133282042870976
"2020/10/27","IQ",39309789,3691,48,455398,10671,354,860413.113092286,858635.291178644,862194.616022525,3213.81349749863,40157.173642561,51590.9224033697,0.0218880114846784,0.0218427855509131,0.0219333310596637,8.17560607485996e-05,0.00102155658079368,0.00131241921454653
"2020/10/28","IQ",39309789,4510,53,459908,10724,358,865656.951847544,863869.043102629,867448.560942305,5243.83875525801,41141.8783455362,55604.3548667603,0.022021409269013,0.0219759267367889,0.0220669859342747,0.000133397784334533,0.00104660644058751,0.00141451674713289
"2020/10/29","IQ",39309789,4043,46,463951,10770,352,869468.969511863,867673.829405077,871267.823604127,3812.01766431844,41566.6404790796,59416.3725310788,0.0221183830193508,0.0220727165288289,0.0221641439897865,9.69737503378214e-05,0.00105741194589163,0.00151149049747071
"2020/10/30","IQ",39309789,3804,45,467755,10815,350,872698.039139975,870896.856417744,874502.947055581,3229.0696281126,41934.2532209236,62536.7663509493,0.0222005271801376,0.0221547069717862,0.0222464421535201,8.21441607868361e-05,0.00106676363032433,0.00159087005913334
"2020/10/31","IQ",39309789,2878,47,470633,10862,349,874303.821053678,872499.973333124,876111.398134344,1605.78191370249,40856.7286725988,61682.226881503,0.0222413765958825,0.0221954885927555,0.022287359470038,4.08494157448287e-05,0.00103935253055158,0.00156913146701202
"2020/11/01","IQ",39309789,1997,48,472630,10910,342,874353.647959953,872550.355636861,876160.667131794,49.8269062747713,35772.2422453865,57659.8028968626,0.022242644140368,0.0221967702659727,0.0222886128219054,1.26754448554204e-06,0.000910008503108131,0.00146680519951055
"2020/11/02","IQ",39309789,2658,56,475288,10966,343,876367.486529196,874560.809486916,878177.895824167,2013.83856924297,33992.2070619074,56111.5470794702,0.022293874091494,0.0222479141133756,0.0223399290142251,5.12299511259898e-05,0.000864726266068419,0.00142741918760923
"2020/11/03","IQ",39309789,3413,51,478701,11017,346,879542.032606,877729.504790319,881358.303325462,3174.54607680452,33629.4954021682,55026.959103992,0.0223746312300481,0.0223285224143615,0.0224208352613,8.07571385540766e-05,0.000855499260048642,0.00139982840162261
"2020/11/04","IQ",39309789,3595,51,482296,11068,344,883199.301817608,881379.928276711,885022.430969423,3657.26921160833,33738.1802556679,55296.9727848253,0.0224676683412778,0.0224213853774873,0.0225140468438898,9.30371112296821e-05,0.000858264089274758,0.00140669726781859
"2020/11/05","IQ",39309789,3574,60,485870,11128,358,887619.157807728,885791.494432959,889450.592220526,4419.85599011951,34781.0773004729,56855.3718886762,0.022580104864153,0.0225336110156419,0.0226266946439353,0.000112436522875244,0.000884794301502684,0.0014463413143397
"2020/11/06","IQ",39309789,3701,47,489571,11175,360,891262.366736225,889427.830315238,893100.687077351,3643.20892849681,35623.8181389532,57815.2743551458,0.0226727842964567,0.022626115604824,0.022719549247068,9.26794323036638e-05,0.000906232748767824,0.00147076023112578
"2020/11/07","IQ",39309789,3568,69,493139,11244,382,896411.497699998,894567.295290814,898259.502039505,5149.13096377335,39212.1981052104,57830.091985432,0.0228037728134333,0.0227568582291504,0.0228507841148551,0.000130988516976607,0.000997517389503425,0.00147113717617339
"2020/11/08","IQ",39309789,2880,39,496019,11283,373,897898.99385889,896052.24132029,899749.552531531,1487.49615889159,37485.8807666034,55523.7143916015,0.0228416131630442,0.0227946337061308,0.0228886894440347,3.78403496109224e-05,0.000953601678365747,0.00141246533761861
"2020/11/09","IQ",39309789,2530,44,498549,11327,361,899157.622290121,897308.857166306,901010.196506486,1258.62843123102,33500.6704425764,53245.0850862889,0.0228736313565591,0.0228266007015786,0.022920758910878,3.20181935148778e-05,0.000852222087546092,0.00135449938655964
"2020/11/10","IQ",39309789,3184,53,501733,11380,363,902368.414787986,900513.744781355,904226.904615085,3210.79249786539,32899.4452761234,52907.2932260456,0.0229553105662304,0.0229081296971946,0.0230025886075116,8.16792096712956e-05,0.000836927546879566,0.00134590631422737
"2020/11/11","IQ",39309789,3577,52,505310,11432,364,906287.448831275,904425.404206157,908153.327061872,3919.03404328844,33589.4096912992,53449.3683240195,0.0230550067015438,0.0230076382299116,0.023102472696098,9.96961353134824e-05,0.000854479521406212,0.00135969613889353
"2020/11/12","IQ",39309789,3198,50,508508,11482,354,909420.988561609,907553.155674503,911292.665630923,3133.53973033431,35117.167507931,53782.4399643373,0.0231347206814468,0.0230872049624714,0.0231823341924049,7.97139799029271e-05,0.000893344085564311,0.00136816913375794
"2020/11/13","IQ",39309789,3298,50,511806,11532,357,912757.056294421,910883.018392379,914634.949815666,3336.06773281179,38403.408334468,55557.756699633,0.0232195867623309,0.0231719131942524,0.0232673584133374,8.48660808841225e-05,0.000976942621962891,0.00141333133840105
"2020/11/14","IQ",39309789,2690,48,514496,11580,336,914870.677224847,912992.915968055,916752.300491163,2113.62093042606,38503.1906956511,54457.5641325604,0.023273355072571,0.0232255867862342,0.0233212216043989,5.37683102401302e-05,0.000979480981077032,0.00138534358789258
"2020/11/15","IQ",39309789,2419,43,516915,11623,340,916145.91199991,914266.079326806,918029.609817919,1275.23477506323,36603.8793939098,50488.9601523656,0.023305795714139,0.0232579747331334,0.0233537150203965,3.24406415680133e-05,0.000931164484090968,0.00128438644512606
"2020/11/16","IQ",39309789,2237,47,519152,11670,343,917495.980034309,915613.973110904,919381.855345663,1350.06803439907,34296.6782167006,48027.0105224462,0.0233401400357125,0.0232922637440487,0.0233881147351278,3.43443215734144e-05,0.000872471694434701,0.00122175701636166
"2020/11/17","IQ",39309789,2390,42,521542,11712,332,918846.552152555,916962.30201471,920734.674203753,1350.57211824565,31227.3943448267,46148.5130125793,0.0233744971806528,0.0233265638239551,0.0234225290347845,3.43571449403009e-05,0.000794392316499758,0.00117397000051512
"2020/11/18","IQ",39309789,2961,40,524503,11752,320,921188.288020846,919299.735064637,923080.720704343,2341.73586829111,29925.921284621,46884.4669671679,0.0234340684968023,0.0233860256808969,0.0234822100089202,5.95713161495503e-05,0.000761284200345644,0.00119269190091984
"2020/11/19","IQ",39309789,2349,43,526852,11795,313,922814.216353105,920922.866384665,924709.450691055,1625.92833225918,26402.7186531068,48460.5683931523,0.0234754304164061,0.023427316447429,0.0235236431996889,4.13619196037705e-05,0.000671657602972807,0.00123278627603807
"2020/11/20","IQ",39309789,2374,39,529226,11834,302,924272.426322761,922378.569844897,926170.171325876,1458.20996965643,26373.4324638717,47904.9397935658,0.0235125257559322,0.0234643480239718,0.0235608024079162,3.70953395261528e-05,0.000670912592888038,0.00121865166443823
"2020/11/21","IQ",39309789,2543,49,531769,11883,303,926910.423592254,925011.771175659,928812.973127904,2637.99726949283,27752.8013021335,47368.3909862541,0.0235796336528862,0.0235313339172505,0.0236280325271627,6.71078969539325e-05,0.000706002296327092,0.00120500242283809
"2020/11/22","IQ",39309789,1786,42,533555,11925,302,927784.519784572,925884.593021183,929688.345221438,874.096192317782,25416.1049965859,44585.2179669635,0.0236018697476237,0.0235535375939358,0.0236503010794955,2.22360947375673e-05,0.000646559181393364,0.00113420140634597
