"","date","ccaa","reg_code","cases","deaths","cum_cases","cum_deaths","cases_daily","cases_active","p_cases","p_cases_low","p_cases_high","p_cases_daily","p_cases_active","population"
"1",2020-01-01,"Navarra","ESNC",0,0,0,0,0,0,NA,NA,NA,0,0,654214
"2",2020-01-02,"Navarra","ESNC",0,0,0,0,0,0,NA,NA,NA,0,0,654214
"3",2020-01-03,"Navarra","ESNC",0,0,0,0,0,0,NA,NA,NA,0,0,654214
"4",2020-01-04,"Navarra","ESNC",0,0,0,0,0,0,NA,NA,NA,0,0,654214
"5",2020-01-05,"Navarra","ESNC",0,0,0,0,0,0,NA,NA,NA,0,0,654214
"6",2020-01-06,"Navarra","ESNC",0,0,0,0,0,0,NA,NA,NA,0,0,654214
"7",2020-01-07,"Navarra","ESNC",0,0,0,0,0,0,NA,NA,NA,0,0,654214
"8",2020-01-08,"Navarra","ESNC",0,0,0,0,0,0,NA,NA,NA,0,0,654214
"9",2020-01-09,"Navarra","ESNC",0,0,0,0,0,0,NA,NA,NA,0,0,654214
"10",2020-01-10,"Navarra","ESNC",0,0,0,0,0,0,NA,NA,NA,0,0,654214
"11",2020-01-11,"Navarra","ESNC",0,0,0,0,0,0,NA,NA,NA,0,0,654214
"12",2020-01-12,"Navarra","ESNC",0,0,0,0,0,0,NA,NA,NA,0,0,654214
"13",2020-01-13,"Navarra","ESNC",0,0,0,0,0,0,NA,NA,NA,0,0,654214
"14",2020-01-14,"Navarra","ESNC",0,0,0,0,0,0,NA,NA,NA,0,0,654214
"15",2020-01-15,"Navarra","ESNC",0,0,0,0,0,0,NA,NA,NA,0,0,654214
"16",2020-01-16,"Navarra","ESNC",0,0,0,0,0,0,NA,NA,NA,0,0,654214
"17",2020-01-17,"Navarra","ESNC",0,0,0,0,0,0,NA,NA,NA,0,0,654214
"18",2020-01-18,"Navarra","ESNC",0,0,0,0,0,0,NA,NA,NA,0,0,654214
"19",2020-01-19,"Navarra","ESNC",0,0,0,0,0,0,NA,NA,NA,0,0,654214
"20",2020-01-20,"Navarra","ESNC",0,0,0,0,0,0,NA,NA,NA,0,0,654214
"21",2020-01-21,"Navarra","ESNC",0,0,0,0,0,0,NA,NA,NA,0,0,654214
"22",2020-01-22,"Navarra","ESNC",0,0,0,0,0,0,NA,NA,NA,0,0,654214
"23",2020-01-23,"Navarra","ESNC",0,0,0,0,0,0,NA,NA,NA,0,0,654214
"24",2020-01-24,"Navarra","ESNC",0,0,0,0,0,0,NA,NA,NA,0,0,654214
"25",2020-01-25,"Navarra","ESNC",0,0,0,0,0,0,NA,NA,NA,0,0,654214
"26",2020-01-26,"Navarra","ESNC",0,0,0,0,0,0,NA,NA,NA,0,0,654214
"27",2020-01-27,"Navarra","ESNC",0,0,0,0,0,0,NA,NA,NA,0,0,654214
"28",2020-01-28,"Navarra","ESNC",0,0,0,0,0,0,NA,NA,NA,0,0,654214
"29",2020-01-29,"Navarra","ESNC",0,0,0,0,0,0,NA,NA,NA,0,0,654214
"30",2020-01-30,"Navarra","ESNC",0,0,0,0,0,0,NA,NA,NA,0,0,654214
"31",2020-01-31,"Navarra","ESNC",0,0,0,0,0,0,NA,NA,NA,0,0,654214
"32",2020-02-01,"Navarra","ESNC",0,0,0,0,0,0,NA,NA,NA,0,0,654214
"33",2020-02-02,"Navarra","ESNC",0,0,0,0,0,0,NA,NA,NA,0,0,654214
"34",2020-02-03,"Navarra","ESNC",0,0,0,0,0,0,NA,NA,NA,0,0,654214
"35",2020-02-04,"Navarra","ESNC",0,0,0,0,0,0,NA,NA,NA,0,0,654214
"36",2020-02-05,"Navarra","ESNC",0,0,0,0,0,0,NA,NA,NA,0,0,654214
"37",2020-02-06,"Navarra","ESNC",0,0,0,0,0,0,NA,NA,NA,0,0,654214
"38",2020-02-07,"Navarra","ESNC",0,0,0,0,0,0,NA,NA,NA,0,0,654214
"39",2020-02-08,"Navarra","ESNC",0,0,0,0,0,0,NA,NA,NA,0,0,654214
"40",2020-02-09,"Navarra","ESNC",0,0,0,0,0,0,NA,NA,NA,0,0,654214
"41",2020-02-10,"Navarra","ESNC",1,0,1,0,0,0,NA,NA,NA,0,0,654214
"42",2020-02-11,"Navarra","ESNC",0,0,1,0,0,0,0,NA,NA,0,0,654214
"43",2020-02-12,"Navarra","ESNC",0,0,1,0,0,0,0,NA,NA,0,0,654214
"44",2020-02-13,"Navarra","ESNC",0,0,1,0,0,0,0,NA,NA,0,0,654214
"45",2020-02-14,"Navarra","ESNC",0,0,1,0,0,0,0,NA,NA,0,0,654214
"46",2020-02-15,"Navarra","ESNC",0,0,1,0,0,0,0,NA,NA,0,0,654214
"47",2020-02-16,"Navarra","ESNC",0,0,1,0,0,0,0,NA,NA,0,0,654214
"48",2020-02-17,"Navarra","ESNC",0,0,1,0,0,0,0,NA,NA,0,0,654214
"49",2020-02-18,"Navarra","ESNC",0,0,1,0,0,0,0,NA,NA,0,0,654214
"50",2020-02-19,"Navarra","ESNC",0,0,1,0,0,0,0,0,NA,0,0,654214
"51",2020-02-20,"Navarra","ESNC",0,0,1,0,0,0,0,0,NA,0,0,654214
"52",2020-02-21,"Navarra","ESNC",1,0,2,0,0,0,0,0,NA,0,0,654214
"53",2020-02-22,"Navarra","ESNC",1,0,3,0,0,0,0,0,NA,0,0,654214
"54",2020-02-23,"Navarra","ESNC",1,0,4,0,0,0,0,0,NA,0,0,654214
"55",2020-02-24,"Navarra","ESNC",3,0,7,0,0,0,0,0,NA,0,0,654214
"56",2020-02-25,"Navarra","ESNC",2,0,9,0,0,0,0,0,NA,0,0,654214
"57",2020-02-26,"Navarra","ESNC",2,0,11,0,0,0,0,0,NA,0,0,654214
"58",2020-02-27,"Navarra","ESNC",4,0,15,0,0,0,0,0,NA,0,0,654214
"59",2020-02-28,"Navarra","ESNC",2,0,17,0,0,0,0,0,NA,0,0,654214
"60",2020-02-29,"Navarra","ESNC",4,0,21,0,0,0,0,0,NA,0,0,654214
"61",2020-03-01,"Navarra","ESNC",8,0,29,0,0,0,0,0,NA,0,0,654214
"62",2020-03-02,"Navarra","ESNC",11,0,40,0,0,0,0,0,NA,0,0,654214
"63",2020-03-03,"Navarra","ESNC",14,0,54,0,0,0,0,0,NA,0,0,654214
"64",2020-03-04,"Navarra","ESNC",18,0,72,0,0,0,0,0,NA,0,0,654214
"65",2020-03-05,"Navarra","ESNC",19,0,91,0,0,0,0,0,NA,0,0,654214
"66",2020-03-06,"Navarra","ESNC",19,0,110,0,0,0,0,0,NA,0,0,654214
"67",2020-03-07,"Navarra","ESNC",43,0,153,0,0,0,0,0,NA,0,0,654214
"68",2020-03-08,"Navarra","ESNC",38,0,191,0,0,0,0,0,NA,0,0,654214
"69",2020-03-09,"Navarra","ESNC",77,0,268,0,0,0,0,0,NA,0,0,654214
"70",2020-03-10,"Navarra","ESNC",84,0,352,0,0,0,0,0,NA,0,0,654214
"71",2020-03-11,"Navarra","ESNC",109,0,461,0,0,0,0,0,NA,0,0,654214
"72",2020-03-12,"Navarra","ESNC",140,0,601,0,0,0,0,0,NA,0,0,654214
"73",2020-03-13,"Navarra","ESNC",138,0,739,0,0,0,0,0,NA,0,0,654214
"74",2020-03-14,"Navarra","ESNC",121,1,860,1,393.650819024017,393.650819024017,0.000601715675641331,8.56328913162562e-05,0.00422806877996622,0.000601715675641331,0.000601715675641331,654214
"75",2020-03-15,"Navarra","ESNC",167,1,1027,2,335.946038179234,729.596857203251,0.00111522660353226,0.000421741261105617,0.00294903651107218,0.000513510927890925,0.00111522660353226,654214
"76",2020-03-16,"Navarra","ESNC",156,1,1183,3,267.269793549358,996.86665075261,0.00152376233274221,0.000797271970724442,0.00291224542181537,0.00040853572920995,0.00152376233274221,654214
"77",2020-03-17,"Navarra","ESNC",171,1,1354,4,227.051198476139,1223.91784922875,0.00187082185527786,0.00115087106658271,0.00304115249380436,0.000347059522535652,0.00187082185527786,654214
"78",2020-03-18,"Navarra","ESNC",178,3,1532,7,758.395416163427,1982.31326539218,0.0030300685485058,0.00229703778240536,0.00399702411469687,0.00149999353645416,0.0030300685485058,654214
"79",2020-03-19,"Navarra","ESNC",154,2,1686,9,347.000039584282,2329.31330497646,0.00356047609035645,0.00287001959116285,0.00441703953137952,0.000732790832913749,0.00356047609035645,654214
"80",2020-03-20,"Navarra","ESNC",231,5,1917,14,1142.07226784904,3471.38557282549,0.00530619273330362,0.00462018981359454,0.00609405294131386,0.00316121834562762,0.00530619273330362,654214
"81",2020-03-21,"Navarra","ESNC",152,4,2069,18,639.25873650941,4110.6443093349,0.00628333283808495,0.00564102116626582,0.00699878096367635,0.00194136075937277,0.00628333283808495,654214
"82",2020-03-22,"Navarra","ESNC",142,9,2211,27,1573.53949621597,5684.18380555088,0.00868856949797906,0.0080854413882526,0.0093366875469401,0.00618354014956465,0.00868856949797906,654214
"83",2020-03-23,"Navarra","ESNC",164,9,2375,36,1422.64343399038,7106.82723954126,0.0108631537074126,0.0102908733541342,0.0114672588428528,0.00650711338706477,0.0108631537074126,654214
"84",2020-03-24,"Navarra","ESNC",200,10,2575,46,1587.9602430569,8694.78748259816,0.0132904332261281,0.0127368882354824,0.0138680352745892,0.00819599206838597,0.0132904332261281,654214
"85",2020-03-25,"Navarra","ESNC",187,12,2762,58,1789.97089208317,10484.7583746813,0.0160264964899579,0.0154917265621968,0.0165797265212129,0.0103863005862049,0.0160264964899579,654214
"86",2020-03-26,"Navarra","ESNC",121,17,2883,75,2230.02908343227,12714.7874581136,0.0194352115028318,0.0189277977129806,0.0199562279715596,0.0150333287873647,0.0194352115028318,654214
"87",2020-03-27,"Navarra","ESNC",116,12,2999,87,1171.79226633398,13886.5797244476,0.0212263567035367,0.0207437221839039,0.0217202204556803,0.00829372478414496,0.0212263567035367,654214
"88",2020-03-28,"Navarra","ESNC",109,22,3108,109,2563.19903412351,16449.7787585711,0.0251443392507209,0.0246815556713026,0.0256158001049524,0.0207367908883918,0.0251443392507209,654214
"89",2020-03-29,"Navarra","ESNC",79,13,3187,122,911.076550377129,17360.8553089482,0.0265369669694446,0.026095782627798,0.0269856101264135,0.00758619652462924,0.0265369669694446,654214
"90",2020-03-30,"Navarra","ESNC",213,15,3400,137,1909.83008789974,19270.685396848,0.0294562412251159,0.0290149940772421,0.02990419866371,0.0165460046376938,0.0294562412251159,654214
"91",2020-03-31,"Navarra","ESNC",127,15,3527,152,1405.73199079601,20676.417387644,0.0316049754172854,0.031173197133242,0.0320427342392177,0.0125965764140628,0.0316049754172854,654214
"92",2020-04-01,"Navarra","ESNC",197,11,3724,163,1240.26046662079,21523.0270352407,0.0335007778101122,0.0330696947096662,0.0339374803346601,0.0111572745217318,0.0328990621344709,654214
"93",2020-04-02,"Navarra","ESNC",128,13,3852,176,1075.74312755227,22262.8241246138,0.0351451069249772,0.0347216567091645,0.0355737213553542,0.00981492919045531,0.0340298803214449,654214
"94",2020-04-03,"Navarra","ESNC",128,18,3980,194,1671.82825095276,23667.3825820172,0.0377005830397543,0.0372828862183725,0.0381229595051307,0.0158364069857417,0.0361768207070121,654214
"95",2020-04-04,"Navarra","ESNC",80,7,4060,201,0,23440.331383541,0.0376417379012438,0.0372360365034343,0.0380518595768175,0,0.0358297611844764,654214
"96",2020-04-05,"Navarra","ESNC",86,19,4146,220,1385.80002086786,24067.7359882455,0.0398776953215357,0.0394794750539631,0.0402799323441764,0.0133291150527609,0.0367887816345194,654214
"97",2020-04-06,"Navarra","ESNC",136,16,4282,236,1447.55117163537,25168.2871202966,0.0420315071601541,0.0416353813035038,0.0424314018232712,0.0142089578316865,0.0384710310697976,654214
"98",2020-04-07,"Navarra","ESNC",85,20,4367,256,1540.01097470607,25566.2258271536,0.0443854937374912,0.0439942652326928,0.0447802013262603,0.015652426717079,0.0390793010041876,654214
"99",2020-04-08,"Navarra","ESNC",93,12,4460,268,682.385588510315,25609.3526791545,0.0454285554703651,0.0450422433288492,0.0458181808809291,0.00695062591027322,0.0391452226322801,654214
"100",2020-04-09,"Navarra","ESNC",80,17,4540,285,1162.3167404226,25198.1299233611,0.0472052168386981,0.046822969478638,0.0475905847407891,0.0120853334288321,0.038516647340719,654214
"101",2020-04-10,"Navarra","ESNC",70,13,4610,298,673.593891701017,24449.0803810718,0.0482348400074181,0.0478574698595169,0.0486151858293143,0.00704787279743442,0.0373716863000055,654214
"102",2020-04-11,"Navarra","ESNC",46,19,4656,317,1153.82733403004,24014.9474720449,0.0499985248781638,0.0496258447268024,0.0503740037827955,0.012390391895534,0.0367080916520358,654214
"103",2020-04-12,"Navarra","ESNC",59,11,4715,328,440.759596392265,22665.736176354,0.0506722487611628,0.0503040064160134,0.0510431867648575,0.00473685682126374,0.0346457522712048,654214
"104",2020-04-13,"Navarra","ESNC",59,22,4774,350,1578.23364361608,22013.9407365378,0.053084660668606,0.0527177653432911,0.0534541094439555,0.0175492244296475,0.0336494491657742,654214
"105",2020-04-14,"Navarra","ESNC",49,11,4823,361,438.877276032872,21281.0257462367,0.0537555073273948,0.0533922566464262,0.0541212293603069,0.00489157591283685,0.0325291506238581,654214
"106",2020-04-15,"Navarra","ESNC",35,15,4858,376,759.705518523988,19477.5322306372,0.0549167565799697,0.0545567043245441,0.0552791850351353,0.00858801215175823,0.0297724173292488,654214
"107",2020-04-16,"Navarra","ESNC",31,10,4889,386,287.158442208987,18853.614122469,0.0553556931392744,0.0549994826871319,0.0557142106292292,0.00325135091210324,0.0288187261698298,654214
"108",2020-04-17,"Navarra","ESNC",47,14,4936,400,820.986207645918,17764.7702422152,0.0566106131007028,0.0562556783679599,0.0569677872280839,0.009415829125214,0.0271543718755869,654214
"109",2020-04-18,"Navarra","ESNC",39,14,4975,414,793.870424016975,17152.9086754362,0.0578240851817298,0.0574704686569566,0.0581798775134785,0.00922710171288714,0.0262191097644443,654214
"110",2020-04-19,"Navarra","ESNC",35,11,5010,425,519.966200767019,16432.6144095824,0.058618880463957,0.0582669838330692,0.0589729023333707,0.00608379971418359,0.0251181026538448,654214
"111",2020-04-20,"Navarra","ESNC",31,5,5041,430,0,15356.8712820301,0.0585959026570328,0.0582467630564498,0.0589471350513488,0,0.0234737735389798,654214
"112",2020-04-21,"Navarra","ESNC",11,10,5052,440,283.037081359558,13968.0801124369,0.0590744951165611,0.0587281227029266,0.0594229103989849,0.00330963433899068,0.0213509342698825,654214
"113",2020-04-22,"Navarra","ESNC",22,8,5074,448,268.379403130639,14236.4595155676,0.0594617491345911,0.0591173749048973,0.059808129434586,0.00314511406027697,0.0217611660948368,654214
"114",2020-04-23,"Navarra","ESNC",19,8,5093,456,266.052169178001,13116.7116638777,0.0598684236618528,0.0595258705623266,0.060212948049239,0.0031274541489306,0.0200495734788276,654214
"115",2020-04-24,"Navarra","ESNC",22,6,5115,462,152.15673166643,11821.3172239088,0.0601010031108808,0.0597600963811821,0.0604438545730247,0.00178783425283002,0.0180694959507268,654214
"116",2020-04-25,"Navarra","ESNC",23,6,5138,468,192.743616358857,10474.0498655616,0.0603956217163507,0.0600559768814774,0.0607371874027336,0.00226564237871759,0.0160101279788595,654214
"117",2020-04-26,"Navarra","ESNC",8,3,5146,471,0,9791.66427705124,0.0601740434552337,0.0598369398207895,0.0605130462319252,0,0.0149670662459856,654214
"118",2020-04-27,"Navarra","ESNC",20,6,5166,477,0,8629.34753662864,0.0605197387311177,0.0601835696316725,0.0608577855799904,0,0.0131904048776526,654214
"119",2020-04-28,"Navarra","ESNC",13,6,5179,483,215.094077405687,8170.84772233331,0.0608218654060689,0.0604868476418751,0.0611587387290609,0.00252605194547427,0.0124895641523008,654214
"120",2020-04-29,"Navarra","ESNC",19,2,5198,485,2.28635361383203,7019.30674191711,0.0607278989696952,0.0603941679080142,0.0610634741899331,2.6711321906462e-05,0.0107293740915314,654214
"121",2020-04-30,"Navarra","ESNC",17,3,5215,488,28.3921024565716,6606.93924798141,0.0607712977695628,0.0604386085734139,0.0611058182802281,0.000330858084888255,0.0100990490084,654214
"122",2020-05-01,"Navarra","ESNC",24,5,5239,493,263.527747954766,5292.2333523201,0.0611741135881707,0.0608414945971043,0.06150855099928,0.00307712853350251,0.0080894529195647,654214
"123",2020-05-02,"Navarra","ESNC",16,3,5255,496,55.6419644108028,4908.99804069803,0.0612591652141078,0.0609273541156333,0.0615927833597891,0.000648635640471717,0.00750365788671296,654214
"124",2020-05-03,"Navarra","ESNC",10,6,5265,502,264.479410706015,4413.77193288006,0.0616634356985456,0.0613321488947255,0.0619965119545269,0.0030975705860702,0.00674667911857597,654214
"125",2020-05-04,"Navarra","ESNC",14,1,5279,503,0,4126.61349067107,0.0615202892379123,0.0611900719517151,0.0618522885690168,0,0.00630774255927124,654214
"126",2020-05-05,"Navarra","ESNC",5,4,5284,507,0,3305.62728302515,0.061660910692112,0.0613316616773758,0.0619919272264414,0,0.00505282259784284,654214
"127",2020-05-06,"Navarra","ESNC",7,3,5291,510,0,2511.75685900818,0.0617242118163506,0.0613958654860557,0.0620543141494605,0,0.00383935051681587,654214
"128",2020-05-07,"Navarra","ESNC",2,4,5293,514,81.1461166653753,2072.93677490653,0.0618723670920766,0.0615449342008914,0.0622015419998815,0.000948555132895632,0.00316859127885758,654214
"129",2020-05-08,"Navarra","ESNC",7,1,5300,515,0,2072.93677490653,0.061741378241693,0.0614149609389141,0.0620695304353506,0,0.00316859127885758,654214
"130",2020-05-09,"Navarra","ESNC",3,1,5303,516,0,1789.89969354698,0.0615884506217112,0.0612631727075885,0.0619154556047521,0,0.00273595443317779,654214
"131",2020-05-10,"Navarra","ESNC",5,4,5308,520,0,1521.52029041634,0.0618381603172286,0.0615132502126153,0.0621647865817866,0,0.00232572260822351,654214
"132",2020-05-11,"Navarra","ESNC",12,2,5320,522,0,1255.46812123834,0.0619509169878991,0.0616262040518181,0.062277340859977,0,0.00191904808096179,654214
"133",2020-05-12,"Navarra","ESNC",2,1,5322,523,17.8682610207834,1121.17965059269,0.0618457651084345,0.0615219503655848,0.0621712842183771,0.000207643042838701,0.00171378119482721,654214
"134",2020-05-13,"Navarra","ESNC",9,2,5331,525,91.4599024724012,1019.89593670623,0.0619545855060376,0.0616309914967451,0.0622798785482405,0.00106290758733826,0.00155896378968691,654214
"135",2020-05-14,"Navarra","ESNC",19,0,5350,525,1.40541918807867,1021.30135589431,0.0619567337620946,0.0616330444719402,0.062282123029225,1.62757350392391e-05,0.00156111204574392,654214
"136",2020-05-15,"Navarra","ESNC",11,0,5361,525,0,1021.30135589431,0.0618752761914433,0.061551933728551,0.0622003172256392,0,0.00156111204574392,654214
"137",2020-05-16,"Navarra","ESNC",4,0,5365,525,0,806.207278488626,0.0617181580622219,0.0613955586313628,0.062042452573232,0,0.00123232960237571,654214
"138",2020-05-17,"Navarra","ESNC",20,0,5385,525,0,803.920924874794,0.0617504605251082,0.0614276147027421,0.0620750031319827,0,0.00122883479239942,654214
"139",2020-05-18,"Navarra","ESNC",6,0,5391,525,0,775.528822418222,0.0616271270372132,0.0613048536569768,0.0619510945758304,0,0.00118543599253184,654214
"140",2020-05-19,"Navarra","ESNC",9,0,5400,525,0,512.001074463456,0.0615414214107227,0.0612195243934104,0.0618650109875703,0,0.000782620173923909,654214
"141",2020-05-20,"Navarra","ESNC",4,2,5404,527,0,456.359110052654,0.0616375732497529,0.0613159749967175,0.0619608582644579,0,0.000697568547986826,654214
"142",2020-05-21,"Navarra","ESNC",3,0,5407,527,0,191.879699346638,0.0614944012652366,0.0611734835218453,0.0618170025517595,0,0.000293298063548989,654214
"143",2020-05-22,"Navarra","ESNC",6,0,5413,527,0,191.879699346638,0.0613937894412163,0.0610733351347861,0.061715925184599,0,0.000293298063548989,654214
"144",2020-05-23,"Navarra","ESNC",12,0,5425,527,0,191.879699346638,0.0613700574483841,0.0610496657470987,0.0616921305813529,0,0.000293298063548989,654214
"145",2020-05-24,"Navarra","ESNC",2,0,5427,527,0,191.879699346638,0.0612402202785106,0.0609204499329434,0.0615616690928682,0,0.000293298063548989,654214
"146",2020-05-25,"Navarra","ESNC",5,0,5432,527,0,110.733582681263,0.0611500737471455,0.060830717991277,0.0614711060917866,0,0.000169262019280026,654214
"147",2020-05-26,"Navarra","ESNC",4,0,5436,527,0,110.733582681263,0.0610554321338967,0.0607365191680639,0.0613760196355964,0,0.000169262019280026,654214
"148",2020-05-27,"Navarra","ESNC",11,1,5447,528,0,110.733582681263,0.061161953121664,0.0608428652669646,0.0614827144192326,0,0.000169262019280026,654214
"149",2020-05-28,"Navarra","ESNC",9,0,5456,528,0,110.733582681263,0.0611354366077216,0.0608164402457742,0.0614561061797175,0,0.000169262019280026,654214
"150",2020-05-29,"Navarra","ESNC",5,0,5461,528,0,110.733582681263,0.0610670302684584,0.0607483442414088,0.0613873881235242,0,0.000169262019280026,654214
"151",2020-05-30,"Navarra","ESNC",7,0,5468,528,0,92.8653216604797,0.0610234604099531,0.060704959591507,0.0613436323072044,0,0.000141949456386564,654214
"152",2020-05-31,"Navarra","ESNC",3,0,5471,528,0,1.40541918807855,0.0609382727390895,0.0606201704066534,0.0612580443029583,0,2.14825605700666e-06,654214
"153",2020-06-01,"Navarra","ESNC",1,0,5472,528,0,-1.13686837721616e-13,0.0608345082841195,0.0605169059046894,0.0611537774915196,0,-1.73776222645214e-19,654214
"154",2020-06-02,"Navarra","ESNC",3,0,5475,528,0,-1.13686837721616e-13,0.0607581953900548,0.0604409499248649,0.0610771060290269,0,-1.73776222645214e-19,654214
"155",2020-06-03,"Navarra","ESNC",6,0,5481,528,0,-1.13686837721616e-13,0.0607212644909515,0.0604041746660883,0.0610400188689286,0,-1.73776222645214e-19,654214
"156",2020-06-04,"Navarra","ESNC",7,0,5488,528,0,-1.13686837721616e-13,0.0607007081765693,0.0603836927540654,0.0610193879354779,0,-1.73776222645214e-19,654214
"157",2020-06-05,"Navarra","ESNC",6,0,5494,528,0,-1.13686837721616e-13,0.0606726693340859,0.0603557634196823,0.0609912392048856,0,-1.73776222645214e-19,654214
"158",2020-06-06,"Navarra","ESNC",1,0,5495,528,0,-1.13686837721616e-13,0.0605917693988852,0.0602752533644669,0.0609099475150777,0,-1.73776222645214e-19,654214
"159",2020-06-07,"Navarra","ESNC",2,0,5497,528,0,-1.13686837721616e-13,0.0605246241258762,0.0602084262973283,0.0608424825370524,0,-1.73776222645214e-19,654214
"160",2020-06-08,"Navarra","ESNC",0,0,5497,528,0,-1.13686837721616e-13,0.0604395097641116,0.0601237282402545,0.0607569498339992,0,-1.73776222645214e-19,654214
"161",2020-06-09,"Navarra","ESNC",5,0,5502,528,0,-1.13686837721616e-13,0.0604142418909916,0.060098560081103,0.0607315818937714,0,-1.73776222645214e-19,654214
"162",2020-06-10,"Navarra","ESNC",4,0,5506,528,0,-1.13686837721616e-13,0.0603826906310051,0.0600671495325283,0.0606998893107988,0,-1.73776222645214e-19,654214
"163",2020-06-11,"Navarra","ESNC",1,0,5507,528,0,-1.13686837721616e-13,0.0603216276515209,0.0600063775666638,0.0606385339372692,0,-1.73776222645214e-19,654214
"164",2020-06-12,"Navarra","ESNC",1,0,5508,528,0,-1.13686837721616e-13,0.0602636595847966,0.059948688460055,0.0605802855715872,0,-1.73776222645214e-19,654214
"165",2020-06-13,"Navarra","ESNC",1,0,5509,528,0,-1.13686837721616e-13,0.0602093266280333,0.0598946155620008,0.0605256913160844,0,-1.73776222645214e-19,654214
"166",2020-06-14,"Navarra","ESNC",2,0,5511,528,0,-1.13686837721616e-13,0.0601698439268798,0.0598553193588792,0.0604860212419534,0,-1.73776222645214e-19,654214
"167",2020-06-15,"Navarra","ESNC",4,0,5515,528,0,-1.13686837721616e-13,0.0601559155123631,0.0598414399545819,0.0604720436853976,0,-1.73776222645214e-19,654214
"168",2020-06-16,"Navarra","ESNC",12,0,5527,528,0,-1.13686837721616e-13,0.0602320015059854,0.0599171123394988,0.0605485455450669,0,-1.73776222645214e-19,654214
"169",2020-06-17,"Navarra","ESNC",3,0,5530,528,0,-1.13686837721616e-13,0.0602102396208327,0.0598954444441647,0.0605266892806449,0,-1.73776222645214e-19,654214
"170",2020-06-18,"Navarra","ESNC",6,0,5536,528,0,-1.13686837721616e-13,0.0602193889753563,0.0599045222717288,0.060535910663237,0,-1.73776222645214e-19,654214
"171",2020-06-19,"Navarra","ESNC",9,0,5545,528,0,-1.13686837721616e-13,0.0602598807908759,0.0599447826527635,0.0605766352338785,0,-1.73776222645214e-19,654214
"172",2020-06-20,"Navarra","ESNC",4,0,5549,528,0,-1.13686837721616e-13,0.0602442594995889,0.0599292233696329,0.060560951712464,0,-1.73776222645214e-19,654214
"173",2020-06-21,"Navarra","ESNC",15,0,5564,528,0,-1.13686837721616e-13,0.0603460045178158,0.0600304127284723,0.0606632554358072,0,-1.73776222645214e-19,654214
"174",2020-06-22,"Navarra","ESNC",18,0,5582,528,0,-1.13686837721616e-13,0.060477365384481,0.0601610669443867,0.0607953267721972,0,-1.73776222645214e-19,654214
"175",2020-06-23,"Navarra","ESNC",8,0,5590,528,0,-1.13686837721616e-13,0.0604940943581658,0.0601776809366354,0.0608121714771297,0,-1.73776222645214e-19,654214
"176",2020-06-24,"Navarra","ESNC",11,0,5601,528,0,-1.13686837721616e-13,0.0605359387174842,0.0602192789924135,0.060854263580085,0,-1.73776222645214e-19,654214
"177",2020-06-25,"Navarra","ESNC",6,0,5607,528,0,-1.13686837721616e-13,0.060518179805842,0.0602015856171703,0.060836438932061,0,-1.73776222645214e-19,654214
"178",2020-06-26,"Navarra","ESNC",6,0,5613,528,0,-1.13686837721616e-13,0.0604967273017755,0.0601802141679247,0.0608149051117211,0,-1.73776222645214e-19,654214
"179",2020-06-27,"Navarra","ESNC",7,0,5620,528,0,-1.13686837721616e-13,0.0604847186053476,0.0601682372249028,0.0608028646591948,0,-1.73776222645214e-19,654214
"180",2020-06-28,"Navarra","ESNC",2,0,5622,528,0,-1.13686837721616e-13,0.0604190110781882,0.0601028425558081,0.0607368427920298,0,-1.73776222645214e-19,654214
"181",2020-06-29,"Navarra","ESNC",1,0,5623,528,0,-1.13686837721616e-13,0.060344075079695,0.0600282678688389,0.0606615437443623,0,-1.73776222645214e-19,654214
"182",2020-06-30,"Navarra","ESNC",3,0,5626,528,0,-1.13686837721616e-13,0.06029415027701,0.0599785774695693,0.0606113834472169,0,-1.73776222645214e-19,654214
"183",2020-07-01,"Navarra","ESNC",6,0,5632,528,0,-1.13686837721616e-13,0.06028091951602,0.0599653891555178,0.0605981101577244,0,-1.73776222645214e-19,654214
"184",2020-07-02,"Navarra","ESNC",6,0,5638,528,0,-1.13686837721616e-13,0.0602715544762664,0.0599560464058761,0.0605887228519711,0,-1.73776222645214e-19,654214
"185",2020-07-03,"Navarra","ESNC",8,0,5646,528,0,-1.13686837721616e-13,0.0602859809599174,0.0599703707014621,0.0606032522025233,0,-1.73776222645214e-19,654214
"186",2020-07-04,"Navarra","ESNC",5,0,5651,528,0,-1.13686837721616e-13,0.0602694242622052,0.0599538778825043,0.0605866314105045,0,-1.73776222645214e-19,654214
"187",2020-07-05,"Navarra","ESNC",1,0,5652,528,0,-1.13686837721616e-13,0.0602105404588823,0.0598952758599854,0.0605274644836001,0,-1.73776222645214e-19,654214
"188",2020-07-06,"Navarra","ESNC",12,0,5664,528,0,-1.13686837721616e-13,0.0602700263052555,0.0599544275431306,0.0605872863721871,0,-1.73776222645214e-19,654214
"189",2020-07-07,"Navarra","ESNC",14,0,5678,528,0,-1.13686837721616e-13,0.0603516337205314,0.0600355849532283,0.060669346281456,0,-1.73776222645214e-19,654214
"190",2020-07-08,"Navarra","ESNC",8,0,5686,528,0,-1.13686837721616e-13,0.0603672047495658,0.0600510480405909,0.0606850259601255,0,-1.73776222645214e-19,654214
"191",2020-07-09,"Navarra","ESNC",29,0,5715,528,0,-1.13686837721616e-13,0.0606016507792726,0.0602842435601734,0.0609207292035953,0,-1.73776222645214e-19,654214
"192",2020-07-10,"Navarra","ESNC",20,0,5735,528,0,-1.13686837721616e-13,0.0607336654571226,0.0604155365901272,0.0610534694888476,0,-1.73776222645214e-19,654214
"193",2020-07-11,"Navarra","ESNC",35,0,5770,528,0,-1.13686837721616e-13,0.061012552988091,0.0606929330210196,0.0613338561317412,0,-1.73776222645214e-19,654214
"194",2020-07-12,"Navarra","ESNC",23,0,5793,528,0,-1.13686837721616e-13,0.0611492960587612,0.0608289219619798,0.0614713575035766,0,-1.73776222645214e-19,654214
"195",2020-07-13,"Navarra","ESNC",40,0,5833,528,0,-1.13686837721616e-13,0.0614475256283297,0.0611255474295954,0.0617711998439475,0,-1.73776222645214e-19,654214
"196",2020-07-14,"Navarra","ESNC",53,0,5886,528,0,-1.13686837721616e-13,0.0618631000076302,0.0615388949429091,0.062189013080337,0,-1.73776222645214e-19,654214
"197",2020-07-15,"Navarra","ESNC",43,1,5929,529,0,-1.13686837721616e-13,0.0622656946167805,0.06193975735058,0.0625933470188816,0,-1.73776222645214e-19,654214
"198",2020-07-16,"Navarra","ESNC",47,0,5976,529,0,-1.13686837721616e-13,0.0625630146540335,0.0622354527333412,0.0628923006211844,0,-1.73776222645214e-19,654214
"199",2020-07-17,"Navarra","ESNC",73,0,6049,529,0,-1.13686837721616e-13,0.06310149185222,0.0627710308043774,0.0634336926278118,0,-1.73776222645214e-19,654214
"200",2020-07-18,"Navarra","ESNC",78,0,6127,529,0,-1.13686837721616e-13,0.0636561223057926,0.0633226691637334,0.0639913313908563,0,-1.73776222645214e-19,654214
"201",2020-07-19,"Navarra","ESNC",51,0,6178,529,0,-1.13686837721616e-13,0.0638865743241801,0.0635518117921249,0.06422310023559,0,-1.73776222645214e-19,654214
"202",2020-07-20,"Navarra","ESNC",105,0,6283,529,0,-1.13686837721616e-13,0.0646295798587797,0.0642908102693425,0.0649701345374737,0,-1.73776222645214e-19,654214
"203",2020-07-21,"Navarra","ESNC",118,0,6401,529,0,-1.13686837721616e-13,0.0654557373184525,0.0651125081292176,0.0658007757802793,0,-1.73776222645214e-19,654214
"204",2020-07-22,"Navarra","ESNC",65,0,6466,529,0,-1.13686837721616e-13,0.0656775838046738,0.0653330445650437,0.0660239400006151,0,-1.73776222645214e-19,654214
"205",2020-07-23,"Navarra","ESNC",67,0,6533,529,0,-1.13686837721616e-13,0.0658593509780392,0.0655136908171346,0.0662068348943351,0,-1.73776222645214e-19,654214
"206",2020-07-24,"Navarra","ESNC",56,0,6589,529,0,-1.13686837721616e-13,0.0658863813920078,0.0655404035393949,0.0662341856092452,0,-1.73776222645214e-19,654214
"207",2020-07-25,"Navarra","ESNC",83,0,6672,529,0,-1.13686837721616e-13,0.0661529694572567,0.0658054072448798,0.0665023673773138,0,-1.73776222645214e-19,654214
"208",2020-07-26,"Navarra","ESNC",79,0,6751,529,0,-1.13686837721616e-13,0.0663551671024793,0.0660063571098889,0.0667058203782967,0,-1.73776222645214e-19,654214
"209",2020-07-27,"Navarra","ESNC",52,0,6803,529,0,-1.13686837721616e-13,0.0662689801474644,0.0659204307544884,0.0666193724695285,0,-1.73776222645214e-19,654214
"210",2020-07-28,"Navarra","ESNC",40,0,6843,529,0,-1.13686837721616e-13,0.0660512453394021,0.0657036493521683,0.0664006802346954,0,-1.73776222645214e-19,654214
"211",2020-07-29,"Navarra","ESNC",62,0,6905,529,0,-1.13686837721616e-13,0.0660428278430804,0.0656950878376603,0.0663924085205408,0,-1.73776222645214e-19,654214
"212",2020-07-30,"Navarra","ESNC",52,0,6957,529,0,-1.13686837721616e-13,0.0659420586760423,0.0655946613200631,0.0662912958909447,0,-1.73776222645214e-19,654214
"213",2020-07-31,"Navarra","ESNC",72,0,7029,529,0,-1.13686837721616e-13,0.0660335284322736,0.0656854675984943,0.0663834336061854,0,-1.73776222645214e-19,654214
"214",2020-08-01,"Navarra","ESNC",88,0,7117,529,0,-1.13686837721616e-13,0.066273073015696,0.0659235704930703,0.0666244284721421,0,-1.73776222645214e-19,654214
"215",2020-08-02,"Navarra","ESNC",84,0,7201,529,0,-1.13686837721616e-13,0.0664638898180138,0.0661132014181722,0.0668164383963242,0,-1.73776222645214e-19,654214
"216",2020-08-03,"Navarra","ESNC",106,0,7307,529,0,-1.13686837721616e-13,0.0668366557404951,0.0664838199923295,0.0671913640204316,0,-1.73776222645214e-19,654214
"217",2020-08-04,"Navarra","ESNC",84,0,7391,529,0,-1.13686837721616e-13,0.0669804656814558,0.0666266839607524,0.06733612595139,0,-1.73776222645214e-19,654214
"218",2020-08-05,"Navarra","ESNC",82,0,7473,529,1362.00190615736,1362.00190615736,0.0670765907726862,0.066722111759232,0.0674329530504386,0.0122251364232485,0.00208189049173109,654214
"219",2020-08-06,"Navarra","ESNC",87,0,7560,529,2063.09074822378,3425.09265438114,0.0671921653706832,0.066836880475378,0.0675493388543835,0.018336446392775,0.00523543160858854,654214
"220",2020-08-07,"Navarra","ESNC",114,1,7674,530,300.46691415926,3725.5595685404,0.0676514446190014,0.067294006186095,0.0680107816197084,0.00264881688859623,0.00569471085690677,654214
"221",2020-08-08,"Navarra","ESNC",91,0,7765,530,67.6507510129959,3793.2103195534,0.0677548522975485,0.067396667055556,0.0681149411450631,0.000590298344198811,0.00579811853545384,654214
"222",2020-08-09,"Navarra","ESNC",118,0,7883,530,202.593174438254,3995.80349399165,0.0680645264629412,0.0677045012747256,0.0684264661196738,0.00174925897282301,0.0061077927008466,654214
"223",2020-08-10,"Navarra","ESNC",97,1,7980,531,148.659208484059,4144.46270247571,0.0682917597665453,0.067930798186982,0.0686546393754178,0.00127220538256619,0.00633502600445071,654214
"224",2020-08-11,"Navarra","ESNC",123,0,8103,531,189.978080452034,4334.44078292775,0.0685821511070731,0.0682194452666481,0.0689467853643324,0.00160793600155413,0.00662541734497848,654214
"225",2020-08-12,"Navarra","ESNC",94,1,8197,532,94.6817119600746,4429.12249488782,0.0687268770101569,0.0683636642648897,0.0690920194866599,0.000793848770646718,0.00677014324806229,654214
"226",2020-08-13,"Navarra","ESNC",90,0,8287,532,0,4429.12249488782,0.0686839444622968,0.0683207451897489,0.0690490745350901,0,0.00677014324806229,654214
"227",2020-08-14,"Navarra","ESNC",87,0,8374,532,0,4429.12249488782,0.0686002873408191,0.0682373145426751,0.0689651908898004,0,0.00677014324806229,654214
"228",2020-08-15,"Navarra","ESNC",122,0,8496,532,0,4429.12249488782,0.0687922548101762,0.0684280523067184,0.0691583957505624,0,0.00677014324806229,654214
"229",2020-08-16,"Navarra","ESNC",80,0,8576,532,0,4429.12249488782,0.0686341728793519,0.0682705987253517,0.0689996832426123,0,0.00677014324806229,654214
"230",2020-08-17,"Navarra","ESNC",91,0,8667,532,0,4429.12249488782,0.0685560957858243,0.0681927269540585,0.0689214008491179,0,0.00677014324806229,654214
"231",2020-08-18,"Navarra","ESNC",103,0,8770,532,0,4429.12249488782,0.0685690116194887,0.0682053685261015,0.0689345935089301,0,0.00677014324806229,654214
"232",2020-08-19,"Navarra","ESNC",114,0,8884,532,0,4429.12249488782,0.0686629199538784,0.0682985797278953,0.069029203760545,0,0.00677014324806229,654214
"233",2020-08-20,"Navarra","ESNC",103,0,8987,532,0,4429.12249488782,0.0686631432707943,0.0682986028590866,0.0690296293989034,0,0.00677014324806229,654214
"234",2020-08-21,"Navarra","ESNC",147,0,9134,532,0,4429.12249488782,0.0689851653505963,0.0686187177539153,0.0693535699037101,0,0.00677014324806229,654214
"235",2020-08-22,"Navarra","ESNC",109,1,9243,533,5.49435011593596,4434.61684500376,0.0691301730272093,0.0687632328063726,0.0694990713457122,4.10933002474003e-05,0.00677854164692862,654214
"236",2020-08-23,"Navarra","ESNC",122,0,9365,533,317.128735241029,3389.74367408743,0.0692200231142711,0.0688524084969217,0.0695896004880417,0.00234401050545474,0.0051813988604454,654214
"237",2020-08-24,"Navarra","ESNC",135,0,9500,533,107.361742568646,1434.01466843229,0.0693841311012122,0.0690154475575302,0.0697547841685325,0.000784126444382898,0.00219196573052899,654214
"238",2020-08-25,"Navarra","ESNC",151,0,9651,533,167.774346577731,1301.32210085076,0.0696405828839281,0.0692703372540359,0.0700128074536073,0.00121064172506925,0.00198913826492671,654214
"239",2020-08-26,"Navarra","ESNC",280,0,9931,533,749.82758784746,1983.49893768522,0.0707867332075951,0.070410192290615,0.0711652877969931,0.00534466271399181,0.0030318809100466,654214
"240",2020-08-27,"Navarra","ESNC",149,0,10080,533,98.4366153531737,1879.34237860014,0.0709371986750922,0.0705596485818433,0.0713167689608417,0.000692739855179733,0.00287267221215098,654214
"241",2020-08-28,"Navarra","ESNC",157,0,10237,533,90.3990206632807,1821.08219077937,0.0710753782626022,0.0706968738706822,0.0714559091313218,0.000627639404924438,0.00278361849605689,654214
"242",2020-08-29,"Navarra","ESNC",158,1,10395,534,147.013700498042,1778.11781082537,0.0713000963219804,0.0709206589687704,0.0716815637283104,0.00100837816317087,0.00271794521490731,654214
"243",2020-08-30,"Navarra","ESNC",103,0,10498,534,0,1683.4360988653,0.0709797594881375,0.0706018006128131,0.0713597417242005,0,0.0025732193118235,654214
"244",2020-08-31,"Navarra","ESNC",205,1,10703,535,0,1683.4360988653,0.0714600599065001,0.071079806337614,0.0718423477068242,0,0.0025732193118235,654214
"245",2020-09-01,"Navarra","ESNC",214,1,10917,536,337.36208848557,2020.79818735087,0.0719761450054667,0.0715934111911423,0.0723609248903748,0.00222423949804749,0.00308889474598659,654214
"246",2020-09-02,"Navarra","ESNC",177,0,11094,536,171.682833120423,2192.48102047129,0.0720781978630755,0.0716946974578109,0.0724637496412596,0.00111543079280217,0.0033513208529186,654214
"247",2020-09-03,"Navarra","ESNC",207,0,11301,536,167.045030172223,2359.52605064352,0.0723335348478729,0.0719484496622273,0.0727206811008646,0.00106919365641328,0.00360665783771597,654214
"248",2020-09-04,"Navarra","ESNC",214,3,11515,539,434.032671985384,2793.5587226289,0.0729969762783305,0.0726096090445153,0.073386410089501,0.00275146093451476,0.00427009926817356,654214
"249",2020-09-05,"Navarra","ESNC",246,0,11761,539,270.18840817771,3063.74713080661,0.0734099732612408,0.0730201829500337,0.0738018443189015,0.00168646576139979,0.00468309625108391,654214
"250",2020-09-06,"Navarra","ESNC",192,1,11953,540,105.930361489693,3169.6774922963,0.0735718933080293,0.0731815037537902,0.0739643654104021,0.000652011817418275,0.00484501629787241,654214
"251",2020-09-07,"Navarra","ESNC",323,0,12276,540,507.127900738422,3676.80539303472,0.0743470645833894,0.0739523270992452,0.074743909069267,0.00307131563931559,0.00562018757323249,654214
"252",2020-09-08,"Navarra","ESNC",272,0,12548,540,260.887182720784,3937.69257575551,0.0747458441612046,0.0743487496299263,0.0751450595629421,0.00155405106019313,0.00601896715104768,654214
"253",2020-09-09,"Navarra","ESNC",307,1,12855,541,436.38540125321,4368.58362689278,0.0754128818602652,0.0750125018734976,0.075815398879258,0.0025600218366591,0.00667760645124192,654214
"254",2020-09-10,"Navarra","ESNC",313,1,13168,542,404.613420595095,4456.06831224685,0.0760313544404837,0.0756279456224538,0.0764369150910554,0.00233621707113018,0.0068113313262126,654214
"255",2020-09-11,"Navarra","ESNC",313,1,13481,543,348.262522082536,4696.96909176074,0.0765636917522541,0.0761577075734853,0.0769718401657229,0.00197791442694087,0.00717956065104192,654214
"256",2020-09-12,"Navarra","ESNC",281,3,13762,546,361.239372706652,4890.43411788966,0.0771158648526565,0.0767082121602103,0.0775256839457131,0.00202421789311906,0.00747528196872836,654214
"257",2020-09-13,"Navarra","ESNC",321,2,14083,548,368.685508315582,4509.29203835778,0.0776794197571916,0.077269534016586,0.0780914797870885,0.00203360621734287,0.00689268654959658,654214
"258",2020-09-14,"Navarra","ESNC",355,1,14438,549,353.612642908403,4764.46806591301,0.0782199350058846,0.077807436643928,0.0786346202397644,0.00191574719113135,0.00728273633079239,654214
"259",2020-09-15,"Navarra","ESNC",319,1,14757,550,180.961473987547,4855.03051923728,0.0784965439961959,0.0780828254944206,0.0789124545677078,0.000962583879140743,0.00742116573359371,654214
"260",2020-09-16,"Navarra","ESNC",326,2,15083,552,256.561369394811,4964.57818813404,0.0788887113441812,0.0784736702360631,0.0793059475722791,0.00134189457085826,0.00758861502220075,654214
"261",2020-09-17,"Navarra","ESNC",298,3,15381,555,219.014329741149,5183.59251787519,0.0792234860963894,0.0788079285411014,0.079641234904321,0.00112808521599102,0.00792338977440898,654214
"262",2020-09-18,"Navarra","ESNC",327,3,15708,558,288.41585343195,5472.00837130714,0.0796643446739068,0.0792477148231499,0.0800831648771921,0.00146272345029424,0.00836424835192635,654214
"263",2020-09-19,"Navarra","ESNC",224,2,15932,560,0,5134.64628282157,0.079413021117852,0.0789984378466977,0.0798297801192283,0,0.00784857291776326,654214
"264",2020-09-20,"Navarra","ESNC",292,1,16224,561,0,4962.96344970115,0.0793484608724545,0.0789344552512652,0.0797646379237731,0,0.00758614681083124,654214
"265",2020-09-21,"Navarra","ESNC",376,5,16600,566,14.8566546705115,4810.77507419944,0.0802542611979412,0.0798377481787067,0.0806729471629205,7.18258942442676e-05,0.00735351899256121,654214
"266",2020-09-22,"Navarra","ESNC",356,1,16956,567,517.240019096876,4893.98242131093,0.0804776820127093,0.0800602594955094,0.0808972809100379,0.00245495858581777,0.00748070573437886,654214
"267",2020-09-23,"Navarra","ESNC",320,0,17276,567,0,4623.79401313322,0.0803594679346587,0.0799424260318205,0.0807786854525909,0,0.00706770875146851,654214
"268",2020-09-24,"Navarra","ESNC",268,1,17544,568,0,4517.86365164353,0.0801184039102101,0.079702870539769,0.0805361036766767,0,0.00690578870468001,654214
"269",2020-09-25,"Navarra","ESNC",324,2,17868,570,0,4010.73575090511,0.0802618517094079,0.0798463189555815,0.080679546960789,0,0.00613061742931993,654214
"270",2020-09-26,"Navarra","ESNC",268,2,18136,572,0,3749.84856818432,0.0801506800732114,0.0797364668657621,0.0805670450261288,0,0.00573183785150474,654214
"271",2020-09-27,"Navarra","ESNC",241,4,18377,576,0,3313.46316693111,0.0802055917924964,0.0797927862158835,0.0806205330063286,0,0.00506480015244417,654214
"272",2020-09-28,"Navarra","ESNC",357,2,18734,578,0,2908.84974633602,0.0804975005122945,0.0800839352800306,0.0809132014563054,0,0.00444632757222563,654214
"273",2020-09-29,"Navarra","ESNC",295,3,19029,581,0,2560.58722425348,0.0806689335860249,0.0802557003279014,0.0810842945649822,0,0.00391399026045527,654214
"274",2020-09-30,"Navarra","ESNC",274,4,19303,585,0,2199.34785154683,0.0808916954854628,0.0804789908139038,0.0813065165496879,0,0.00336181716005287,654214
"275",2020-10-01,"Navarra","ESNC",328,5,19631,590,219.368357834544,2050.03070106579,0.0814803290131118,0.0810667409923528,0.0818960270860183,0.000910509193185509,0.0031335781580122,654214
"276",2020-10-02,"Navarra","ESNC",257,4,19888,594,540.288810202124,2236.70686835951,0.0816388573590588,0.0812261058830763,0.0820537062368443,0.00221784800426321,0.00341892235317421,654214
"277",2020-10-03,"Navarra","ESNC",300,1,20188,595,0,2055.74539437197,0.0815666534791469,0.081154546937297,0.0819808527170716,0,0.00314231336286287,654214
"278",2020-10-04,"Navarra","ESNC",315,2,20503,597,0,1799.18402497716,0.0816989718358654,0.0812869297584538,0.0821131025476253,0,0.00275014601487763,654214
"279",2020-10-05,"Navarra","ESNC",426,5,20929,602,674.749727027534,2254.91942226354,0.0826823366850755,0.0822674173196528,0.0830993487147072,0.0026656736637323,0.00344676118558078,654214
"280",2020-10-06,"Navarra","ESNC",402,3,21331,605,397.576391227085,2364.07996005868,0.0832779633981448,0.082861234896964,0.0836967877242782,0.00155217065100444,0.00361361872423806,654214
"281",2020-10-07,"Navarra","ESNC",483,5,21814,610,752.453613956459,3116.53357401513,0.0844281277387986,0.0840077160051542,0.0848506433985368,0.00291226963585938,0.00476378306489182,654214
"282",2020-10-08,"Navarra","ESNC",457,6,22271,616,744.222142281185,3860.75571629632,0.0855657098484465,0.0851421381452605,0.0859913887689474,0.00285931910956945,0.00590136517453971,654214
"283",2020-10-09,"Navarra","ESNC",515,4,22786,620,666.838908678001,4512.73797030381,0.0865850076755764,0.0861579963100172,0.0870141353706016,0.00253393540008153,0.00689795383514234,654214
"284",2020-10-10,"Navarra","ESNC",513,2,23299,622,431.517362218066,4427.015313425,0.0872446043247127,0.0868150579757052,0.0876762759970253,0.00161584452233825,0.00676692231200341,654214
"285",2020-10-11,"Navarra","ESNC",504,2,23803,624,358.798773985247,4785.81408741025,0.087793046843499,0.0873615156889287,0.0882267095904061,0.00132336417980409,0.00731536483078969,654214
"286",2020-10-12,"Navarra","ESNC",515,4,24318,628,520.813635617771,5306.62772302802,0.0885891374738092,0.0881552881066426,0.089025121996761,0.00189729545044729,0.00811145546109991,654214
"287",2020-10-13,"Navarra","ESNC",543,2,24861,630,356.780684713201,5663.40840774122,0.089134495238567,0.0886986839780187,0.0895724478099702,0.00127917083957932,0.00865681322585762,654214
"288",2020-10-14,"Navarra","ESNC",564,8,25425,638,917.584047082317,6580.99245482354,0.0905370700032194,0.0900977434720259,0.0909785387390184,0.00326746789005031,0.01005938799051,654214
"289",2020-10-15,"Navarra","ESNC",500,5,25925,643,448.60830101242,7029.60075583596,0.0912227910379457,0.0907821332116438,0.0916655878238976,0.00157852656899301,0.0107451090252363,654214
"290",2020-10-16,"Navarra","ESNC",520,7,26445,650,643.176297814061,7672.77705365002,0.0922059193381869,0.0917633512584276,0.0926506218921404,0.00224256614998968,0.0117282373254776,654214
"291",2020-10-17,"Navarra","ESNC",457,4,26902,654,192.950047301347,7865.72710095136,0.0925008534840495,0.0920583963833453,0.0929454371510819,0.000663446734635429,0.0120231714713402,654214
"292",2020-10-18,"Navarra","ESNC",545,2,27447,656,185.032481548209,8050.75958249957,0.0927836852203747,0.0923405509008668,0.0932289461031661,0.000625496248169702,0.0123060032076653,654214
"293",2020-10-19,"Navarra","ESNC",735,6,28182,662,953.015664690305,8784.40688935533,0.0942404190485873,0.093792700938054,0.0946902743350895,0.00318687799305522,0.0134274211333835,654214
"294",2020-10-20,"Navarra","ESNC",623,8,28805,670,861.169141060323,9105.28722021353,0.0955567607059965,0.0951059849556046,0.0960096730072821,0.00285681421765978,0.0139179033469377,654214
"295",2020-10-21,"Navarra","ESNC",590,3,29395,673,281.281190580812,9386.56841079435,0.0959867135816318,0.0955349901535961,0.0964405729187737,0.000918498284612376,0.014347856222573,654214
"296",2020-10-22,"Navarra","ESNC",497,4,29892,677,140.445555965598,9527.01396675994,0.0962013918917346,0.0957501416135422,0.0966547688175761,0.000451995783784927,0.0145625345326758,654214
"297",2020-10-23,"Navarra","ESNC",505,5,30397,682,228.284258743297,9080.54849847571,0.0965503362107851,0.0960993271048315,0.0970034619727005,0.000725101882859992,0.0138800889288149,654214
"298",2020-10-24,"Navarra","ESNC",576,2,30973,684,87.3304021294753,8770.3025093781,0.0966838252558521,0.096232844166363,0.0971369198019769,0.000272606377780954,0.0134058618577073,654214
"299",2020-10-25,"Navarra","ESNC",504,3,31477,687,28.2322814783111,8046.08117689995,0.0967269797610726,0.096276849929703,0.0971792141156503,8.67561495428884e-05,0.012298852022274,654214
"300",2020-10-26,"Navarra","ESNC",535,3,32012,690,88.7150516441907,7390.57408626295,0.0968625853146746,0.0964128727596897,0.0973143955291973,0.000268435875877208,0.0112968754662281,654214
"301",2020-10-27,"Navarra","ESNC",443,9,32455,699,457.693094624359,7181.42827220931,0.0975621929272056,0.0971126404782672,0.0980138264379229,0.00137586017560288,0.0109771852516291,654214
"302",2020-10-28,"Navarra","ESNC",454,5,32909,704,119.584743903841,6869.49565389509,0.0977449844050765,0.0972963889814983,0.0981956481259077,0.00035518578285472,0.0105003800803637,654214
"303",2020-10-29,"Navarra","ESNC",465,3,33374,707,0,6510.69687990984,0.0977045273376126,0.0972571339460486,0.098153978787426,0,0.00995193756157746,654214
"304",2020-10-30,"Navarra","ESNC",411,8,33785,715,285.078629744872,6274.96187403694,0.098221198930719,0.0977743449916791,0.0986700951073504,0.00082879280162995,0.00959160438944587,654214
"305",2020-10-31,"Navarra","ESNC",376,4,34161,719,0,5918.18118932374,0.0981157135895938,0.0976707074649268,0.0985627472459141,0,0.00904624662468816,654214
"306",2020-11-01,"Navarra","ESNC",369,3,34530,722,0,5000.59714224142,0.0978936842075278,0.097450673409036,0.0983387089332785,0,0.00764367186003574,654214
"307",2020-11-02,"Navarra","ESNC",316,9,34846,731,0,4551.988841229,0.0983761638411537,0.0979341324273238,0.0988201903895294,0,0.00695795082530946,654214
"308",2020-11-03,"Navarra","ESNC",218,7,35064,738,13.2020110356316,3922.01455445057,0.0983575857727339,0.0979180236830806,0.0987991210928854,3.7032795254669e-05,0.00599500248305688,654214
"309",2020-11-04,"Navarra","ESNC",153,4,35217,742,0,3729.06450714923,0.0978192123945484,0.0973833529415613,0.0982570226271813,0,0.00570006833719429,654214
"310",2020-11-05,"Navarra","ESNC",0,6,35217,748,0,3544.03202560102,0.0971988374541088,0.0967677021743599,0.0976318935982087,0,0.00541723660086916,654214
"311",2020-11-06,"Navarra","ESNC",NA,9,NA,757,0,2591.01636091071,NA,NA,NA,0,0.00396050277265652,654214
"312",2020-11-07,"Navarra","ESNC",NA,5,NA,762,0,1729.84721985039,NA,NA,NA,0,0.00264416111524729,654214
"313",2020-11-08,"Navarra","ESNC",NA,5,NA,767,0,1448.56602926958,NA,NA,NA,0,0.00221420823961208,654214
