"","date","ccaa","reg_code","population","cases","deaths","cum_cases","cum_deaths","cases_infected","cases_infected_low","cases_infected_high","cases_daily","cases_contagious","cases_active","p_cases_infected","p_cases_infected_low","p_cases_infected_high","p_cases_daily","p_cases_contagious","p_cases_active"
"1",2020-01-01,"País Vasco","ESPV",2207776,0,0,0,0,NA,NA,NA,0,0,0,NA,NA,NA,0,0,0
"2",2020-01-02,"País Vasco","ESPV",2207776,0,0,0,0,NA,NA,NA,0,0,0,NA,NA,NA,0,0,0
"3",2020-01-03,"País Vasco","ESPV",2207776,0,0,0,0,NA,NA,NA,0,0,0,NA,NA,NA,0,0,0
"4",2020-01-04,"País Vasco","ESPV",2207776,0,0,0,0,NA,NA,NA,0,0,0,NA,NA,NA,0,0,0
"5",2020-01-05,"País Vasco","ESPV",2207776,0,0,0,0,NA,NA,NA,0,0,0,NA,NA,NA,0,0,0
"6",2020-01-06,"País Vasco","ESPV",2207776,0,0,0,0,NA,NA,NA,0,0,0,NA,NA,NA,0,0,0
"7",2020-01-07,"País Vasco","ESPV",2207776,0,0,0,0,NA,NA,NA,0,0,0,NA,NA,NA,0,0,0
"8",2020-01-08,"País Vasco","ESPV",2207776,0,0,0,0,NA,NA,NA,0,0,0,NA,NA,NA,0,0,0
"9",2020-01-09,"País Vasco","ESPV",2207776,0,0,0,0,NA,NA,NA,0,0,0,NA,NA,NA,0,0,0
"10",2020-01-10,"País Vasco","ESPV",2207776,0,0,0,0,NA,NA,NA,0,0,0,NA,NA,NA,0,0,0
"11",2020-01-11,"País Vasco","ESPV",2207776,0,0,0,0,NA,NA,NA,0,0,0,NA,NA,NA,0,0,0
"12",2020-01-12,"País Vasco","ESPV",2207776,0,0,0,0,NA,NA,NA,0,0,0,NA,NA,NA,0,0,0
"13",2020-01-13,"País Vasco","ESPV",2207776,0,0,0,0,NA,NA,NA,0,0,0,NA,NA,NA,0,0,0
"14",2020-01-14,"País Vasco","ESPV",2207776,0,0,0,0,NA,NA,NA,0,0,0,NA,NA,NA,0,0,0
"15",2020-01-15,"País Vasco","ESPV",2207776,0,0,0,0,NA,NA,NA,0,0,0,NA,NA,NA,0,0,0
"16",2020-01-16,"País Vasco","ESPV",2207776,0,0,0,0,NA,NA,NA,0,0,0,NA,NA,NA,0,0,0
"17",2020-01-17,"País Vasco","ESPV",2207776,0,0,0,0,NA,NA,NA,0,0,0,NA,NA,NA,0,0,0
"18",2020-01-18,"País Vasco","ESPV",2207776,0,0,0,0,NA,NA,NA,0,0,0,NA,NA,NA,0,0,0
"19",2020-01-19,"País Vasco","ESPV",2207776,0,0,0,0,NA,NA,NA,0,0,0,NA,NA,NA,0,0,0
"20",2020-01-20,"País Vasco","ESPV",2207776,0,0,0,0,NA,NA,NA,0,0,0,NA,NA,NA,0,0,0
"21",2020-01-21,"País Vasco","ESPV",2207776,0,0,0,0,NA,NA,NA,0,0,0,NA,NA,NA,0,0,0
"22",2020-01-22,"País Vasco","ESPV",2207776,0,0,0,0,NA,NA,NA,0,0,0,NA,NA,NA,0,0,0
"23",2020-01-23,"País Vasco","ESPV",2207776,0,0,0,0,NA,NA,NA,0,0,0,NA,NA,NA,0,0,0
"24",2020-01-24,"País Vasco","ESPV",2207776,0,0,0,0,NA,NA,NA,0,0,0,NA,NA,NA,0,0,0
"25",2020-01-25,"País Vasco","ESPV",2207776,0,0,0,0,NA,NA,NA,0,0,0,NA,NA,NA,0,0,0
"26",2020-01-26,"País Vasco","ESPV",2207776,0,0,0,0,NA,NA,NA,0,0,0,NA,NA,NA,0,0,0
"27",2020-01-27,"País Vasco","ESPV",2207776,0,0,0,0,NA,NA,NA,0,0,0,NA,NA,NA,0,0,0
"28",2020-01-28,"País Vasco","ESPV",2207776,0,0,0,0,NA,NA,NA,0,0,0,NA,NA,NA,0,0,0
"29",2020-01-29,"País Vasco","ESPV",2207776,0,0,0,0,NA,NA,NA,0,0,0,NA,NA,NA,0,0,0
"30",2020-01-30,"País Vasco","ESPV",2207776,0,0,0,0,NA,NA,NA,0,0,0,NA,NA,NA,0,0,0
"31",2020-01-31,"País Vasco","ESPV",2207776,0,0,0,0,NA,NA,NA,0,0,0,NA,NA,NA,0,0,0
"32",2020-02-01,"País Vasco","ESPV",2207776,0,0,0,0,NA,NA,NA,0,0,0,NA,NA,NA,0,0,0
"33",2020-02-02,"País Vasco","ESPV",2207776,0,0,0,0,NA,NA,NA,0,0,0,NA,NA,NA,0,0,0
"34",2020-02-03,"País Vasco","ESPV",2207776,0,0,0,0,NA,NA,NA,0,0,0,NA,NA,NA,0,0,0
"35",2020-02-04,"País Vasco","ESPV",2207776,0,0,0,0,NA,NA,NA,0,0,0,NA,NA,NA,0,0,0
"36",2020-02-05,"País Vasco","ESPV",2207776,0,0,0,0,NA,NA,NA,0,0,0,NA,NA,NA,0,0,0
"37",2020-02-06,"País Vasco","ESPV",2207776,0,0,0,0,NA,NA,NA,0,0,0,NA,NA,NA,0,0,0
"38",2020-02-07,"País Vasco","ESPV",2207776,0,0,0,0,NA,NA,NA,0,0,0,NA,NA,NA,0,0,0
"39",2020-02-08,"País Vasco","ESPV",2207776,0,0,0,0,NA,NA,NA,0,0,0,NA,NA,NA,0,0,0
"40",2020-02-09,"País Vasco","ESPV",2207776,0,0,0,0,NA,NA,NA,0,0,0,NA,NA,NA,0,0,0
"41",2020-02-10,"País Vasco","ESPV",2207776,0,0,0,0,NA,NA,NA,0,0,0,NA,NA,NA,0,0,0
"42",2020-02-11,"País Vasco","ESPV",2207776,0,0,0,0,NA,NA,NA,0,0,0,NA,NA,NA,0,0,0
"43",2020-02-12,"País Vasco","ESPV",2207776,2,0,2,0,NA,NA,NA,0,0,0,NA,NA,NA,0,0,0
"44",2020-02-13,"País Vasco","ESPV",2207776,0,0,2,0,0,NA,NA,0,0,0,0,NA,NA,0,0,0
"45",2020-02-14,"País Vasco","ESPV",2207776,0,0,2,0,0,NA,NA,0,0,0,0,NA,NA,0,0,0
"46",2020-02-15,"País Vasco","ESPV",2207776,3,0,5,0,0,NA,NA,0,0,0,0,NA,NA,0,0,0
"47",2020-02-16,"País Vasco","ESPV",2207776,1,0,6,0,0,NA,NA,0,0,0,0,NA,NA,0,0,0
"48",2020-02-17,"País Vasco","ESPV",2207776,2,0,8,0,0,0,NA,0,0,0,0,0,NA,0,0,0
"49",2020-02-18,"País Vasco","ESPV",2207776,0,0,8,0,0,0,NA,0,0,0,0,0,NA,0,0,0
"50",2020-02-19,"País Vasco","ESPV",2207776,1,0,9,0,0,0,NA,0,0,0,0,0,NA,0,0,0
"51",2020-02-20,"País Vasco","ESPV",2207776,1,0,10,0,0,0,NA,0,0,0,0,0,NA,0,0,0
"52",2020-02-21,"País Vasco","ESPV",2207776,3,0,13,0,0,0,NA,0,0,0,0,0,NA,0,0,0
"53",2020-02-22,"País Vasco","ESPV",2207776,4,0,17,0,0,0,NA,0,0,0,0,0,NA,0,0,0
"54",2020-02-23,"País Vasco","ESPV",2207776,1,0,18,0,0,0,NA,0,0,0,0,0,NA,0,0,0
"55",2020-02-24,"País Vasco","ESPV",2207776,6,0,24,0,0,0,NA,0,0,0,0,0,NA,0,0,0
"56",2020-02-25,"País Vasco","ESPV",2207776,11,0,35,0,0,0,NA,0,0,0,0,0,NA,0,0,0
"57",2020-02-26,"País Vasco","ESPV",2207776,11,0,46,0,0,0,NA,0,0,0,0,0,NA,0,0,0
"58",2020-02-27,"País Vasco","ESPV",2207776,13,0,59,0,0,0,NA,0,0,0,0,0,NA,0,0,0
"59",2020-02-28,"País Vasco","ESPV",2207776,31,0,90,0,0,0,NA,0,0,0,0,0,NA,0,0,0
"60",2020-02-29,"País Vasco","ESPV",2207776,25,0,115,0,0,0,NA,0,0,0,0,0,NA,0,0,0
"61",2020-03-01,"País Vasco","ESPV",2207776,47,0,162,0,0,0,NA,0,0,0,0,0,NA,0,0,0
"62",2020-03-02,"País Vasco","ESPV",2207776,54,0,216,0,0,0,NA,0,0,0,0,0,NA,0,0,0
"63",2020-03-03,"País Vasco","ESPV",2207776,58,0,274,0,0,0,NA,0,0,0,0,0,NA,0,0,0
"64",2020-03-04,"País Vasco","ESPV",2207776,69,1,343,1,466.992657492778,68.0825090237895,3203.20366095739,466.992657492778,466.992657492778,466.992657492778,0.000211521756506447,3.08375981185544e-05,0.00145087348578723,0.000211521756506447,0.000211521756506447,0.000211521756506447
"65",2020-03-05,"País Vasco","ESPV",2207776,75,0,418,1,428.802246439991,61.9500600480468,2968.05792293626,0,466.992657492778,466.992657492778,0.000194223619805628,2.80599390735504e-05,0.0013443655166721,0,0.000211521756506447,0.000211521756506447
"66",2020-03-06,"País Vasco","ESPV",2207776,80,0,498,1,391.015407458099,56.1321389225223,2723.80585889765,0,466.992657492778,466.992657492778,0.000177108278855327,2.54247436889079e-05,0.00123373288725742,0,0.000211521756506447,0.000211521756506447
"67",2020-03-07,"País Vasco","ESPV",2207776,90,1,588,2,719.33569100531,273.902437254404,1889.15382258348,138.175372425067,605.168029917844,605.168029917844,0.000325819146057077,0.000124062602933633,0.000855681836646234,6.25857751986917e-05,0.000274107531705139,0.000274107531705139
"68",2020-03-08,"País Vasco","ESPV",2207776,98,2,686,4,1330.9083900869,824.372286180269,2148.6859426232,725.740360169052,1330.9083900869,1330.9083900869,0.000602827637444603,0.000373394894310052,0.000973235483410999,0.000328720105739464,0.000602827637444603,0.000602827637444603
"69",2020-03-09,"País Vasco","ESPV",2207776,140,2,826,6,1937.30531599916,1409.40462985579,2662.93426876472,606.396925912269,1937.30531599916,1937.30531599916,0.000877491790833474,0.000638382077645461,0.00120616143520208,0.000274664153388871,0.000877491790833474,0.000877491790833474
"70",2020-03-10,"País Vasco","ESPV",2207776,225,0,1051,6,2011.47670764101,1460.52771796108,2770.25796609369,74.171391641846,2011.47670764101,2011.47670764101,0.000911087314854863,0.000661537999308389,0.00125477311380036,3.35955240213889e-05,0.000911087314854863,0.000911087314854863
"71",2020-03-11,"País Vasco","ESPV",2207776,224,5,1275,11,3665.29786228764,3082.72325933758,4357.96770877744,1653.82115464663,3665.29786228764,3665.29786228764,0.00166017651350845,0.00139630255032104,0.00197391751191128,0.00074908919865359,0.00166017651350845,0.00166017651350845
"72",2020-03-12,"País Vasco","ESPV",2207776,267,3,1542,14,4617.1069984569,4029.23486878826,5290.75065847693,951.809136169264,4617.1069984569,4617.1069984569,0.0020912932283243,0.00182501977953753,0.00239641642017892,0.000431116714815843,0.0020912932283243,0.0020912932283243
"73",2020-03-13,"País Vasco","ESPV",2207776,416,6,1958,20,6855.51767762273,6232.83323061567,7540.41073926751,2238.41067916583,6855.51767762273,6855.51767762273,0.00310516903781123,0.00282312754129752,0.00341538758427826,0.00101387580948694,0.00310516903781123,0.00310516903781123
"74",2020-03-14,"País Vasco","ESPV",2207776,416,2,2374,22,7473.65072649191,6849.77924780249,8154.34383516992,618.133048869176,7473.65072649191,7473.65072649191,0.00338514900356373,0.00310256984757624,0.0036934652044274,0.000279979965752493,0.00338514900356373,0.00338514900356373
"75",2020-03-15,"País Vasco","ESPV",2207776,424,14,2798,36,11751.1554595439,11142.0779309285,12393.5279837753,4277.50473305196,11751.1554595439,11751.1554595439,0.00532262125303648,0.00504674293539221,0.00561358035587639,0.00193747224947275,0.00532262125303648,0.00532262125303648
"76",2020-03-16,"País Vasco","ESPV",2207776,581,5,3379,41,13200.7911494003,12592.7500049479,13838.1915706748,1449.6356898564,12733.7984919075,13200.7911494003,0.0059792257681034,0.00570381687496733,0.00626793278424748,0.000656604515066925,0.00576770401159696,0.0059792257681034
"77",2020-03-17,"País Vasco","ESPV",2207776,523,11,3902,52,15859.3818146363,15275.6846730503,16465.3825295409,2658.59066523606,15392.3891571435,15859.3818146363,0.00718341979196998,0.00691903738107955,0.00745790448376143,0.00120419402386658,0.00697189803546354,0.00718341979196998
"78",2020-03-18,"País Vasco","ESPV",2207776,546,19,4448,71,20361.0761286955,19803.3123929378,20934.5493770214,4501.69431405922,19894.0834712028,20361.0761286955,0.0092224374794796,0.00896980146216724,0.00948218903413274,0.00203901768750961,0.00901091572297315,0.0092224374794796
"79",2020-03-19,"País Vasco","ESPV",2207776,455,16,4903,87,22882.7548904476,22362.7124621389,23414.8908484522,2521.67876175208,22277.5868605298,22882.7548904476,0.0103646180094573,0.0101290676509478,0.0106056460657477,0.00114218052997772,0.0100905104777522,0.0103646180094573
"80",2020-03-20,"País Vasco","ESPV",2207776,588,16,5491,103,25533.5778877457,25035.1024568852,26041.978492893,2650.82299729808,24202.6694976588,25533.5778877457,0.011565293710841,0.011339512005242,0.0117955709695608,0.00120067570138369,0.0109624660733964,0.011565293710841
"81",2020-03-21,"País Vasco","ESPV",2207776,426,21,5917,124,28220.4844695987,27753.9250483269,28694.887022723,2686.90658185303,26283.1791535996,28220.4844695987,0.0127823132734475,0.0125709877489052,0.0129971913014377,0.00121701956260645,0.011904821482614,0.0127823132734475
"82",2020-03-22,"País Vasco","ESPV",2207776,386,21,6303,145,30306.8500271858,29869.894587551,30750.1975233999,2086.36555758701,28295.3733195447,29839.857369693,0.0137273210811177,0.0135294045172839,0.0139281328918332,0.000945007807670258,0.0128162337662629,0.0135157993246113
"83",2020-03-23,"País Vasco","ESPV",2207776,465,17,6768,162,31747.0963490577,31330.2776213692,32169.4604426012,1440.2463218719,28081.79848677,31280.1036915649,0.0143796727335824,0.0141908769827053,0.014570980227433,0.000652351652464698,0.012719496220074,0.014168150977076
"84",2020-03-24,"País Vasco","ESPV",2207776,383,25,7151,187,34219.9139558069,33822.2608529141,34622.2423224537,2472.81760674929,29602.80695735,33752.9212983142,0.015499721872059,0.0153196070855531,0.0156819542935758,0.00112004913847659,0.0134084286437347,0.0152882001155526
"85",2020-03-25,"País Vasco","ESPV",2207776,397,35,7548,222,38302.5581235999,37917.3058522991,38691.7246844105,4082.64416779294,31447.0404459771,37697.390093682,0.0173489330999159,0.0171744352018951,0.0175252039538479,0.00184921122785687,0.0142437640621046,0.0170748255682107
"86",2020-03-26,"País Vasco","ESPV",2207776,353,26,7901,248,40397.262639199,40025.5815431654,40772.3951988171,2094.70451559907,32923.611912707,39066.3542491121,0.0182977179927669,0.0181293670839639,0.0184676322230231,0.000948784892851028,0.0149125689892032,0.0176948903553223
"87",2020-03-27,"País Vasco","ESPV",2207776,392,32,8293,280,43554.8784011973,43191.0035295129,43921.8188400467,3157.61576199834,31803.7229416534,41617.5730851981,0.0197279426903804,0.0195631275679747,0.0198941463445778,0.0014302246976135,0.0144053214373439,0.0188504508995469
"88",2020-03-28,"País Vasco","ESPV",2207776,281,36,8574,316,46594.769655052,46240.4355125732,46951.8190116747,3039.89125385472,33393.9785056518,44583.292947411,0.0211048447193248,0.0209443510177542,0.0212665682622126,0.00137690202894439,0.0151256189512214,0.0201937574044699
"89",2020-03-29,"País Vasco","ESPV",2207776,243,39,8817,355,49697.2159982649,49351.1727670156,50045.6856342211,3102.44634321287,33837.8341836286,46031.9181359772,0.0225100807320421,0.0223533423531262,0.0226679181376286,0.00140523601271726,0.0153266609400721,0.0208499042185336
"90",2020-03-30,"País Vasco","ESPV",2207776,308,41,9125,396,53327.782953967,52985.1602675906,53672.6211721004,3630.56695570216,32966.7068252715,48710.6759555101,0.0241545260723765,0.0239993370104533,0.0243107186472271,0.00164444534033442,0.0149320885928969,0.0220632328440522
"91",2020-03-31,"País Vasco","ESPV",2207776,255,42,9380,438,56706.8583145741,56367.8363830019,57047.9192789966,3379.07536060707,33824.1034241265,49851.3406369514,0.0256850596775099,0.025531501557677,0.025839541366061,0.00153053360513343,0.0153204416680526,0.0225798906396987
"92",2020-04-01,"País Vasco","ESPV",2207776,271,43,9651,481,60249.1206235968,59911.5688990798,60588.5741705634,3542.26230902268,34715.5427358511,52775.4698971049,0.0272895079136637,0.0271366157160327,0.0274432615313163,0.0016044482361538,0.0157242142028227,0.0239043589101
"93",2020-04-02,"País Vasco","ESPV",2207776,243,33,9894,514,62361.7599630081,62027.4127181352,62697.9094445898,2112.63933941131,34141.2754934094,50610.6045034642,0.0282464162863479,0.0280949755401523,0.0283986733457515,0.000956908372684236,0.0154641030129005,0.0229237950333115
"94",2020-04-03,"País Vasco","ESPV",2207776,312,50,10206,564,66972.9745064837,66635.3107328484,67312.3493372562,4611.21454347558,36666.1244792979,53772.1833570834,0.0303350405595874,0.0301820976099244,0.0304887585231727,0.00208862427323949,0.0166077194784697,0.024355814791484
"95",2020-04-04,"País Vasco","ESPV",2207776,202,51,10408,615,70918.6798946241,70580.4148398008,71258.5661250608,3945.70538814043,39171.5835455665,55059.2980799878,0.0321222261201427,0.0319690108234716,0.032276175719394,0.00178718556055525,0.0177425533865603,0.0249388063281727
"96",2020-04-05,"País Vasco","ESPV",2207776,220,46,10628,661,74351.6088784796,74012.4076705161,74692.36465632,3432.92898385548,40131.6949226727,53990.5327497841,0.0336771524278186,0.03352351310573,0.0338314958837853,0.00155492630767591,0.0181774305557596,0.024454714948339
"97",2020-04-06,"País Vasco","ESPV",2207776,289,51,10917,712,78823.4591352589,78479.5956036146,79168.829327679,4471.8502567793,40520.901011659,55940.7042448113,0.0357026524136773,0.0355469013177128,0.0358590859433561,0.00202549998585876,0.0183537193137615,0.02533803440422
"98",2020-04-07,"País Vasco","ESPV",2207776,229,47,11146,759,82417.7201134038,82071.2958327556,82765.6066566008,3594.26097814491,42020.4574742049,56884.1422256581,0.0373306531611014,0.0371737421879555,0.0374882264580287,0.00162800074742407,0.0190329351683345,0.0257653594502604
"99",2020-04-08,"País Vasco","ESPV",2207776,223,39,11369,798,85101.9046664178,84754.0739140689,85451.1629163097,2684.18455301394,41547.0262652205,56881.420196819,0.038546439795712,0.0383888917689425,0.0387046343996446,0.00121578663461055,0.0188184971053315,0.0257641265222645
"100",2020-04-09,"País Vasco","ESPV",2207776,194,49,11563,847,88637.2300110962,88286.7165041994,88989.1351171303,3535.32534467847,42042.4603560442,58330.3799839105,0.0401477459720081,0.039988982806317,0.0403071394548769,0.00160130617629618,0.0190429012526833,0.0264204248908904
"101",2020-04-10,"País Vasco","ESPV",2207776,183,38,11746,885,90949.3240527832,90597.9433427445,91302.0675796677,2312.09404168697,41252.1080545183,59202.2277037255,0.0411949962554096,0.0410358402948236,0.0413547694963926,0.00104725028340147,0.0186849155233676,0.0268153235218272
"102",2020-04-11,"País Vasco","ESPV",2207776,129,42,11875,927,93287.1333245796,92935.3635130093,93640.2346206964,2337.80927179643,39959.3503706126,59067.2193687727,0.042253894110897,0.0420945619089116,0.0424138294014866,0.00105889785548735,0.0180993680385205,0.0267541722388379
"103",2020-04-12,"País Vasco","ESPV",2207776,148,32,12023,959,94825.5655006975,94474.02952827,95178.4095314404,1538.43217611786,38118.7071861234,56523.0073770976,0.0429507185061788,0.0427914922203475,0.0431105372698319,0.000696824395281885,0.0172656588286689,0.025601785406263
"104",2020-04-13,"País Vasco","ESPV",2207776,114,45,12137,1004,97447.9692247041,97095.0175275061,97802.203942429,2622.40372400658,37198.8486011073,57050.7065855051,0.0441385218539852,0.0439786543234033,0.0442989705216603,0.00118780334780638,0.0168490139403215,0.0258408038612183
"105",2020-04-14,"País Vasco","ESPV",2207776,90,32,12227,1036,98686.1289557786,98334.082360502,99039.4359157454,1238.15973107456,36324.3689927705,55131.2505545813,0.0446993394962979,0.0445398819266547,0.0448593679411976,0.000560817642312697,0.01645292320995,0.0249713968059175
"106",2020-04-15,"País Vasco","ESPV",2207776,103,29,12330,1065,99848.0241220422,99496.4625084722,100200.82794629,1161.89516626361,32875.0496155585,53253.2544669902,0.0452256135233113,0.0450663756234655,0.0453854140756536,0.000526274027013433,0.0148905729637239,0.0241207688039866
"107",2020-04-16,"País Vasco","ESPV",2207776,110,27,12440,1092,100992.97790452,100641.51066485,101345.672562377,1144.95378247746,30074.2980098956,51295.7619062548,0.0457442140436891,0.0455850188899823,0.0459039651497148,0.000518600520377728,0.0136219879235464,0.023234133311647
"108",2020-04-17,"País Vasco","ESPV",2207776,132,31,12572,1123,102790.162601544,102437.096141855,103144.445963407,1797.18469702457,28438.5537230647,49462.3796475772,0.046558238970595,0.0463983194589737,0.0467187096713647,0.000814024926905885,0.0128810865427764,0.0224037128982185
"109",2020-04-18,"País Vasco","ESPV",2207776,99,26,12671,1149,103947.931745194,103594.589397133,104302.479279893,1157.76914364957,25124.4726099349,47241.0734306197,0.0470826441383518,0.0469225996646096,0.0472432344947552,0.000524405167756859,0.0113799917246745,0.0213975844608419
"110",2020-04-19,"País Vasco","ESPV",2207776,50,23,12721,1172,104511.710969265,104159.579959458,104865.032424043,563.779224071448,22093.9908558615,44262.5903456685,0.0473380048380204,0.0471785090332794,0.0474980398482651,0.000255360699668557,0.010007351676919,0.0200484969243567
"111",2020-04-20,"País Vasco","ESPV",2207776,78,15,12799,1187,104683.460426357,104332.623113144,105035.477493483,171.749457091835,19581.5557599394,42321.700463349,0.0474157978102657,0.0472568879782841,0.0475752420052953,7.77929722452981e-05,0.00886935801455372,0.0191693815239177
"112",2020-04-21,"País Vasco","ESPV",2207776,72,28,12871,1215,106043.491530868,105691.810059194,106396.343195932,1360.03110451075,17406.2615197716,39070.5170243842,0.0480318164210807,0.0478725242321657,0.0481916386426576,0.000616018610815025,0.00788407044907257,0.0176967758614933
"113",2020-04-22,"País Vasco","ESPV",2207776,49,14,12920,1229,106077.762079911,105727.625059717,106429.058645048,34.2705490433,15128.438027128,35159.082185287,0.0480473390778372,0.0478887464397279,0.0482064569254526,1.55226567565278e-05,0.00685234282242762,0.0159251129576946
"114",2020-04-23,"País Vasco","ESPV",2207776,58,16,12978,1245,106449.238768096,106099.789438794,106799.839040621,371.476688184426,13162.105443516,32097.629889616,0.0482155974012289,0.0480573162489285,0.0483743998669345,0.000168258323391697,0.00596170329033197,0.0145384449734103
"115",2020-04-24,"País Vasco","ESPV",2207776,88,13,13066,1258,106896.566288029,106547.141872443,107247.136651032,447.327519932951,12071.0007873311,28073.1071527696,0.0484182119418041,0.0482599420740344,0.0485770008601563,0.000202614540575199,0.00546749343562529,0.0127155595281268
"116",2020-04-25,"País Vasco","ESPV",2207776,40,15,13106,1273,107196.110647927,106847.445265142,107545.913798197,299.544359898049,9748.14142322252,24778.3905345228,0.0485538889126101,0.0483959628445737,0.0487123303261731,0.000135676970805937,0.00441536705862484,0.0112232357515087
"117",2020-04-26,"País Vasco","ESPV",2207776,31,9,13137,1282,106984.962189282,106637.929522996,107333.124206747,0,8509.98169214797,22094.2059815088,0.0484582503792421,0.0483010638411667,0.0486159484507245,0,0.00385454941631215,0.0100074491168981
"118",2020-04-27,"País Vasco","ESPV",2207776,29,13,13166,1295,107162.257256599,106816.09714443,107509.539173688,0,7348.08652588436,18558.8806368304,0.0485385552051473,0.0483817638856616,0.0486958546400033,0,0.00332827538929871,0.00840614294060193
"119",2020-04-28,"País Vasco","ESPV",2207776,39,18,13205,1313,107901.053418319,107554.561515974,108248.661560057,459.940920420515,6663.07366382741,16706.7275155639,0.0488731888644135,0.0487162472623919,0.0490306360609304,0.000208327710972723,0.00301800257989371,0.00756722036817318
"120",2020-04-29,"País Vasco","ESPV",2207776,31,8,13236,1321,107818.825240655,107473.405990983,108165.354666904,162.7736723079,5028.66263911074,14531.6919160754,0.0488359440634625,0.0486794883135713,0.0489929026617303,7.3727439879725e-05,0.00227770509286755,0.00658204995256556
"121",2020-04-30,"País Vasco","ESPV",2207776,28,10,13264,1331,107939.48269574,107594.726292058,108285.343772317,120.657455084933,3991.55095054611,13113.9171950424,0.0488905951943222,0.0487344396768777,0.049047251067281,5.46511308597125e-05,0.0018079510559704,0.00593987668814338
"122",2020-05-01,"País Vasco","ESPV",2207776,34,12,13298,1343,108328.277845862,107983.561080691,108674.095053055,388.795150122387,3816.56687659705,10880.3086211583,0.0490666978198252,0.0489105602564257,0.0492233338223874,0.000176102625502944,0.00172869298180479,0.00492817596583995
"123",2020-05-02,"País Vasco","ESPV",2207776,42,11,13340,1354,108753.096488065,108408.184033513,109099.106319187,424.818642202372,4069.63606170758,10066.9675322861,0.0492591170879947,0.0491028908881668,0.0494158403385069,0.000192419268169584,0.00184331927772907,0.00455977759169683
"124",2020-05-03,"País Vasco","ESPV",2207776,29,12,13369,1366,109196.3778381,108851.322950316,109542.526537813,443.281350035206,3152.88630723204,9348.35371605767,0.0494598989381622,0.0493036082239849,0.0496166850884387,0.000200781850167411,0.00142808251708146,0.00423428541485081
"125",2020-05-04,"País Vasco","ESPV",2207776,13,12,13382,1378,109546.223899668,109201.314084483,109892.223104496,349.846061567921,3468.46181975666,8553.24599514813,0.0496183597881614,0.0494621347838201,0.0497750782255518,0.00015846084999924,0.00157102071032417,0.00387414574447232
"126",2020-05-05,"País Vasco","ESPV",2207776,19,9,13401,1387,109744.544431312,109399.914175326,110090.260337266,198.320531644,3295.30566321623,6954.38182976756,0.0497081879825271,0.0495520896029878,0.0498647781012502,8.98281943657327e-05,0.00149259058129821,0.00314994901193217
"127",2020-05-06,"País Vasco","ESPV",2207776,14,5,13415,1392,109626.982268185,109283.178403463,109971.867736674,0,2847.97814328328,5796.61268611799,0.049654938847141,0.0494992147769807,0.0498111528237803,0,0.00128997604072301,0.00262554384417531
"128",2020-05-07,"País Vasco","ESPV",2207776,14,10,13429,1402,109942.941904683,109599.156607585,110287.805570758,80.8353102443216,2629.26909362955,5313.66877229087,0.0497980510272249,0.0496423353671681,0.049954255128581,3.66139093115975e-05,0.00119091297922867,0.00240679705381835
"129",2020-05-08,"País Vasco","ESPV",2207776,20,9,13449,1411,110266.313114676,109922.413007271,110611.28913809,440.933373119959,3070.20246674951,5582.85268831899,0.0499445202387725,0.0497887525760183,0.050100775231767,0.000199718346933728,0.0013906313261624,0.00252872242850678
"130",2020-05-09,"País Vasco","ESPV",2207776,13,7,13462,1418,110410.366095814,110066.692347926,110755.112935321,144.052981138317,3214.25544788783,4366.87456494656,0.0500097682445205,0.0498541031100644,0.0501659194299247,6.52480057480092e-05,0.00145587933191041,0.00197795182343977
"131",2020-05-10,"País Vasco","ESPV",2207776,9,5,13471,1423,110397.610044609,110054.437417775,110741.852755072,0,2754.31452746732,4332.60401590326,0.0500039904612645,0.0498485523068349,0.0501599133041902,0,0.00124755162093768,0.00196242916668324
"132",2020-05-11,"País Vasco","ESPV",2207776,23,8,13494,1431,110762.285773621,110418.762353604,111106.877928131,339.163626600479,2930.70448175989,4300.29095431931,0.0501691683275933,0.0500135712833204,0.0503252494492789,0.000153622299816865,0.00132744648087482,0.00194779314310841
"133",2020-05-12,"País Vasco","ESPV",2207776,21,8,13515,1439,111136.97919861,110793.074131556,111481.951757438,387.449476195368,3197.49650287033,4240.41291058173,0.0503388836542341,0.0501831137450338,0.0504951370779635,0.000175493109896732,0.00144828845991184,0.00192067171242994
"134",2020-05-13,"País Vasco","ESPV",2207776,22,1,13537,1440,111001.638512992,110658.196868906,111346.146071455,0,2808.70135274794,3940.86855068368,0.0502775818348383,0.0501220218305234,0.0504336246392092,0,0.0012721858344089,0.001784994741624
"135",2020-05-14,"País Vasco","ESPV",2207776,13,3,13550,1443,110965.885562935,110622.81184652,111310.023251356,0,2383.88271054557,3940.86855068368,0.0502613877326936,0.0501059943791943,0.0504172630064624,0,0.00107976656623932,0.001784994741624
"136",2020-05-15,"País Vasco","ESPV",2207776,12,5,13562,1448,111092.527773651,110749.527815503,111436.590029523,0,1940.60136051037,3940.86855068368,0.0503187496257099,0.0501633896806119,0.0504745907327208,0,0.000878984716071905,0.001784994741624
"137",2020-05-16,"País Vasco","ESPV",2207776,9,8,13571,1456,111440.988034319,111097.688349791,111785.34853906,0,1590.75529894244,3480.92763026316,0.050476582784811,0.0503210870802975,0.0506325589820071,0,0.000720523866072665,0.00157666703065128
"138",2020-05-17,"País Vasco","ESPV",2207776,9,2,13580,1458,111347.451225147,111004.596161685,111691.365250118,163.595115993536,1556.02988329198,3481.7490739488,0.050434215801398,0.0502789214855515,0.0505899897680369,7.40995082805211e-05,0.000704795179987453,0.00157703909905208
"139",2020-05-18,"País Vasco","ESPV",2207776,13,6,13593,1464,111610.038734294,111266.943615122,111954.191798054,309.464419690397,1865.49430298238,3670.55603855426,0.0505531533698592,0.0503977503220988,0.0507090356078036,0.000140170207344584,0.000844965387332038,0.00166255817553695
"140",2020-05-19,"País Vasco","ESPV",2207776,12,4,13605,1468,111728.403077383,111385.307351764,112072.5556271,118.364343088717,1903.02333582677,3400.12523152059,0.0506067658482486,0.0504513625258015,0.0507626478533599,5.36124783894366e-05,0.000861963956409877,0.00154006802842344
"141",2020-05-20,"País Vasco","ESPV",2207776,8,4,13613,1472,111828.670871263,111485.631351223,112172.765918466,100.267793879684,1562.3577565865,3075.57438319791,0.0506521815941756,0.0504968037297368,0.0508080375538397,4.541574592698e-05,0.000707661355403129,0.00139306450618084
"142",2020-05-21,"País Vasco","ESPV",2207776,9,4,13622,1476,111950.81469547,111607.765510032,112294.918312409,122.143824207684,1540.44859965587,2754.43685737038,0.0507075059677568,0.0505521237254287,0.0508633658090353,5.53243735812346e-05,0.000697737723236354,0.00124760702959466
"143",2020-05-22,"País Vasco","ESPV",2207776,6,7,13628,1483,112288.696208694,111945.27817262,112633.167759035,337.881513224085,1878.33011287995,2742.47230902655,0.0508605475413694,0.0507049982301736,0.0510165740360591,0.000153041573612579,0.000850779296848933,0.001242187753208
"144",2020-05-23,"País Vasco","ESPV",2207776,6,3,13634,1486,112336.288182907,111992.989641693,112680.639056849,47.591974212366,1586.75846049184,2591.74375159491,0.0508821040644099,0.0507266088777546,0.0510380758993887,2.15565230405467e-05,0.000718713520072615,0.00117391608188281
"145",2020-05-24,"País Vasco","ESPV",2207776,2,9,13636,1495,112816.614975177,112472.709098218,113161.572407249,480.326792270644,1679.63577656711,3072.07054386556,0.0510996654439478,0.0509438951679055,0.0512559120160963,0.00021756137953789,0.000760781789713772,0.0013914774614207
"146",2020-05-25,"País Vasco","ESPV",2207776,7,3,13643,1498,112897.705219331,112553.817732324,113242.6433913,81.0902441537473,1760.72602072086,3072.32547777498,0.051136394824172,0.0509806328777576,0.0512926326725629,3.67293802241474e-05,0.00079751116993792,0.00139159293233325
"147",2020-05-26,"País Vasco","ESPV",2207776,9,3,13652,1501,113007.968592444,112664.012493942,113352.974767141,110.263373112466,1870.98939383333,2741.65547776749,0.0511863380127529,0.0510305449891393,0.0513426066626059,4.99431885809367e-05,0.000847454358518856,0.00124181777398046
"148",2020-05-27,"País Vasco","ESPV",2207776,2,2,13654,1503,112995.861789383,112652.112240264,113340.660264706,0,1870.98939383333,2597.60249662917,0.0511808543028744,0.0510251548346681,0.0513370288764377,0,0.000847454358518856,0.00117656976823245
"149",2020-05-28,"País Vasco","ESPV",2207776,5,4,13659,1507,113168.597769887,112824.68849306,113513.555342015,148.522374382897,2019.51176821622,2746.12487101207,0.0512590941154751,0.0511033222994814,0.0514153407510612,6.72723928437022e-05,0.000914726751362558,0.00124384216107616
"150",2020-05-29,"País Vasco","ESPV",2207776,4,6,13663,1513,113492.53309274,113148.199462801,113837.914601915,336.042125913678,2191.95877813637,2743.00337032527,0.0514058188388406,0.051249854814438,0.0515622574943811,0.000152208433243988,0.000992835676326025,0.00124242829450328
"151",2020-05-30,"País Vasco","ESPV",2207776,3,4,13666,1517,113666.842012928,113322.344360016,114012.386931793,174.308920187876,2056.80327863384,2529.86281431778,0.0514847711058223,0.051328732788116,0.0516412837768834,7.89522669817389e-05,0.000931617735963179,0.00114588745158829
"152",2020-05-31,"País Vasco","ESPV",2207776,2,2,13668,1519,113691.570350087,113347.169599651,114037.017548151,24.7283371586091,1963.16727270374,2554.59115147639,0.0514959716701724,0.0513399772439104,0.0516524400791344,1.12005643501012e-05,0.000889205821923844,0.00115708801593839
"153",2020-06-01,"País Vasco","ESPV",2207776,12,3,13680,1522,113882.847067816,113538.137165621,114228.603533921,191.276717729837,2054.17619655389,2745.86786920622,0.0515826094077554,0.0514264749529034,0.0517392178979756,8.66377375829058e-05,0.00093042781357977,0.00124372575352129
"154",2020-06-02,"País Vasco","ESPV",2207776,12,5,13692,1527,114230.745281913,113885.444045337,114577.093473569,347.898214096931,2279.93058644314,3093.76608330316,0.0517401879909526,0.0515837856944439,0.0518970645000075,0.000157578583197268,0.0010326820231958,0.00140130433671856
"155",2020-06-03,"País Vasco","ESPV",2207776,7,2,13699,1529,114316.418307822,113971.030967946,114662.852338365,85.6730259082251,2027.72209912728,3179.43910921138,0.0517789931169746,0.0516225518204501,0.051935908506282,3.88051260219448e-05,0.000918445575605169,0.0014401094627405
"156",2020-06-04,"País Vasco","ESPV",2207776,6,5,13705,1534,114620.366273585,114274.520816093,114967.258413046,303.947965763044,2284.07809067795,3319.79195898089,0.0519166646768443,0.0517600158784645,0.0520737875640671,0.000137671559869771,0.00103456061243439,0.00150368151432975
"157",2020-06-05,"País Vasco","ESPV",2207776,9,4,13714,1538,114877.268761001,114531.012710159,115224.571630952,256.902487416301,2060.65378582361,3267.23002670679,0.0520330272459711,0.051876192471591,0.0521903361713109,0.000116362569126714,0.000933361802023218,0.00147987387611188
"158",2020-06-06,"País Vasco","ESPV",2207776,9,4,13723,1542,115136.978706254,114790.302060491,115484.702345488,259.709945253329,2239.27348692319,3408.5756288714,0.0521506614376886,0.0519936361571513,0.0523081609481615,0.000117634191717515,0.00101426661351659,0.00154389558943996
"159",2020-06-07,"País Vasco","ESPV",2207776,12,2,13735,1544,115274.830403708,114927.911893764,115622.796113157,137.851697453356,2266.86181126408,3446.15953244508,0.0522131006060885,0.0520559657745008,0.0523707097609345,6.24391683999445e-05,0.00102676259333559,0.00156091901191293
"160",2020-06-08,"País Vasco","ESPV",2207776,14,2,13749,1546,115430.967730585,115083.752308579,115779.230724875,156.13732687688,2422.99913814096,3480.15303511427,0.0522838221497944,0.0521265528335205,0.0524415659581745,7.07215437059196e-05,0.00109748413704151,0.00157631618203761
"161",2020-06-09,"País Vasco","ESPV",2207776,13,1,13762,1547,115504.174635316,115156.8173906,115852.579643058,73.2069047309924,2347.68366848906,3215.47842662118,0.0523169808147727,0.0521596472606821,0.0524747889473649,3.31586649782371e-05,0.00106337040917605,0.00145643327340327
"162",2020-06-10,"País Vasco","ESPV",2207776,8,3,13770,1550,115683.74829399,115336.117857855,116032.426510495,179.573658674679,2191.21520125006,3347.46011108349,0.0523983177161045,0.0522408604214625,0.0525562495971034,8.13369013317832e-05,0.000992498877263843,0.00151621365169451
"163",2020-06-11,"País Vasco","ESPV",2207776,10,2,13780,1552,115804.795834375,115456.973820354,116153.665685953,121.047540384767,2137.95382144695,2988.18085919762,0.0524531455339559,0.052295601465164,0.052611164215008,5.48278178514336e-05,0.000968374428133538,0.00135348009000805
"164",2020-06-12,"País Vasco","ESPV",2207776,18,0,13798,1552,115844.213249684,115496.256899975,116193.217889827,39.4174153093045,2152.64289959765,2946.50803035317,0.0524709994354882,0.0523133945200851,0.0526290791682795,1.7853901532268e-05,0.000975027765315705,0.00133460461131617
"165",2020-06-13,"País Vasco","ESPV",2207776,10,2,13808,1554,115965.444181733,115617.295681819,116314.641031527,121.230932048798,2082.59711391661,2957.47558928951,0.0525259103195855,0.0523682183708034,0.0526840771126812,5.4910884097299e-05,0.000943300911830098,0.00133957230683253
"166",2020-06-14,"País Vasco","ESPV",2207776,10,0,13818,1554,115936.212880435,115588.135019964,116285.338929779,0,1734.69889981968,2957.47558928951,0.0525126701623875,0.052355010209353,0.0526708048868087,0,0.00078572232863283,0.00133957230683253
"167",2020-06-15,"País Vasco","ESPV",2207776,16,0,13834,1554,115957.00454731,115608.848396889,116306.209170289,0,1649.02587391145,2808.95321490661,0.0525220876335777,0.0523643922195407,0.0526802579474951,0,0.000746917202610886,0.00127229991398883
"168",2020-06-16,"País Vasco","ESPV",2207776,10,0,13844,1554,115927.22437602,115579.141806977,116276.355243856,0,1345.07790814841,2472.91108899293,0.0525085988687348,0.0523509367829783,0.0526667357756657,0,0.000609245642741115,0.00112009148074484
"169",2020-06-17,"País Vasco","ESPV",2207776,10,0,13854,1554,115896.860396448,115548.851986078,116245.916933662,0,1088.17542073211,2298.60216880505,0.0524948456711403,0.0523372171751473,0.0526529489104249,0,0.0004928830736144,0.00104113921376311
"170",2020-06-18,"País Vasco","ESPV",2207776,11,1,13865,1555,115949.704884529,115601.615787348,116298.842116018,0,828.465475478777,2273.87383164644,0.0525187812914575,0.052361116248817,0.0526769210807698,0,0.000375248881896885,0.001029938649413
"171",2020-06-19,"País Vasco","ESPV",2207776,11,0,13876,1555,115928.799997253,115580.756708337,116277.891333736,0,690.613778025421,2082.59711391661,0.0525093125377089,0.0523516682436703,0.0526674315391308,0,0.000312809713496941,0.000943300911830098
"172",2020-06-20,"País Vasco","ESPV",2207776,5,0,13881,1555,115858.740831982,115510.89217735,116207.636995505,0,534.476451148541,1734.69889981968,0.0524775796240116,0.0523200234885015,0.0526356102229142,0,0.000242088169791021,0.000785722328632831
"173",2020-06-21,"País Vasco","ESPV",2207776,8,0,13889,1555,115815.485680624,115467.751230318,116164.267343218,0,461.269546417549,1649.02587391145,0.0524579874410377,0.052300483033749,0.0526159661773742,0,0.000208929504812784,0.000746917202610886
"174",2020-06-22,"País Vasco","ESPV",2207776,10,0,13899,1555,115791.806182553,115444.127199654,116140.532257912,0,281.69588774287,1345.07790814841,0.0524472619425853,0.0522897826589537,0.0526052155009894,0,0.000127592603481001,0.000609245642741115
"175",2020-06-23,"País Vasco","ESPV",2207776,7,1,13906,1556,115820.328924739,115472.643433378,116169.061289171,0,160.648347358103,1088.17542073211,0.0524601811618293,0.0523026989302257,0.0526181375688346,0,7.27647856295671e-05,0.000492883073614401
"176",2020-06-24,"País Vasco","ESPV",2207776,15,0,13921,1556,115843.425506078,115495.656297517,116192.241883219,0,121.230932048799,828.465475478778,0.0524706426313529,0.052313122480504,0.0526286370914524,0,5.49108840972991e-05,0.000375248881896885
"177",2020-06-25,"País Vasco","ESPV",2207776,5,1,13926,1557,115859.348535178,115511.610615981,116208.133289925,0,2.27373675443232e-13,690.613778025422,0.0524778548798331,0.0523203489013294,0.0526358350167433,0,1.02987656104257e-19,0.000312809713496941
"178",2020-06-26,"País Vasco","ESPV",2207776,11,0,13937,1557,115851.697104591,115503.96781663,116200.4732454,0,2.27373675443232e-13,534.476451148541,0.0524743892064189,0.052316887137386,0.0526323654416933,0,1.02987656104257e-19,0.000242088169791021
"179",2020-06-27,"País Vasco","ESPV",2207776,8,0,13945,1557,115820.608413312,115472.959324469,116169.304153159,0,2.27373675443232e-13,461.269546417549,0.0524603077546416,0.0523028420113586,0.0526182475727426,0,1.02987656104257e-19,0.000208929504812784
"180",2020-06-28,"País Vasco","ESPV",2207776,11,1,13956,1558,115890.101852971,115542.323236595,116238.927271614,0,2.27373675443232e-13,281.69588774287,0.0524917844260336,0.0523342600139666,0.0526497829814321,0,1.02987656104257e-19,0.000127592603481001
"181",2020-06-29,"País Vasco","ESPV",2207776,9,1,13965,1559,115944.10762049,115596.247131833,116293.014915792,0,2.27373675443232e-13,160.648347358103,0.0525162460414871,0.0523586845458205,0.0526742816824676,0,1.02987656104257e-19,7.27647856295672e-05
"182",2020-06-30,"País Vasco","ESPV",2207776,15,0,13980,1559,115974.28548478,115626.321388648,116323.29673878,0,2.27373675443232e-13,121.230932048799,0.0525299149391876,0.0523723065150847,0.052687997667689,0,1.02987656104257e-19,5.49108840972992e-05
"183",2020-07-01,"País Vasco","ESPV",2207776,8,2,13988,1561,116095.191012625,115747.037540768,116444.391689167,0,2.27373675443232e-13,4.54747350886464e-13,0.0525846784332401,0.0524269842324439,0.0527428469596403,0,1.02987656104257e-19,2.05975312208514e-19
"184",2020-07-02,"País Vasco","ESPV",2207776,10,0,13998,1561,116083.403378081,115735.271034234,116432.582905969,0,2.27373675443232e-13,4.54747350886464e-13,0.0525793392889863,0.0524216546580059,0.0527374982362203,0,1.02987656104257e-19,2.05975312208514e-19
"185",2020-07-03,"País Vasco","ESPV",2207776,13,0,14011,1561,116096.616457698,115748.431471836,116445.848825221,0,2.27373675443232e-13,4.54747350886464e-13,0.0525853240807483,0.0524276156058568,0.0527435069614041,0,1.02987656104257e-19,2.05975312208514e-19
"186",2020-07-04,"País Vasco","ESPV",2207776,9,0,14020,1561,116076.639484116,115728.501417833,116425.824830125,0,2.27373675443232e-13,4.54747350886464e-13,0.0525762756204054,0.052418588397479,0.0527344372029251,0,1.02987656104257e-19,2.05975312208514e-19
"187",2020-07-05,"País Vasco","ESPV",2207776,18,0,14038,1561,116130.874851486,115782.559964396,116480.237592938,0,2.27373675443232e-13,4.54747350886464e-13,0.0526008412318485,0.0524430739189102,0.0527590831646589,0,1.02987656104257e-19,2.05975312208514e-19
"188",2020-07-06,"País Vasco","ESPV",2207776,34,0,14072,1561,116316.429735758,115967.545331201,116666.363747145,0,2.27373675443232e-13,4.54747350886464e-13,0.0526848872964276,0.0525268620236841,0.0528433879828139,0,1.02987656104257e-19,2.05975312208514e-19
"189",2020-07-07,"País Vasco","ESPV",2207776,33,0,14105,1561,116488.560750208,116139.14589439,116839.026851415,182.798527669074,182.798527669074,182.798527669075,0.0527628530929806,0.0526045875552546,0.0529215947865249,8.27975880112268e-05,8.27975880112269e-05,8.2797588011227e-05
"190",2020-07-08,"País Vasco","ESPV",2207776,37,0,14142,1561,116683.185206154,116333.171230114,117034.252276356,534.942496752134,717.741024421208,717.741024421208,0.0528510071701814,0.0526924702642453,0.0530100210693276,0.000242299262584671,0.000325096850595897,0.000325096850595898
"191",2020-07-09,"País Vasco","ESPV",2207776,34,0,14176,1561,116839.20597672,116488.706307401,117190.760254868,156.02077056581,873.761794987018,873.761794987019,0.052921675920347,0.0527629190223107,0.0530809104976539,7.06687501656918e-05,0.000395765600761589,0.000395765600761589
"192",2020-07-10,"País Vasco","ESPV",2207776,26,0,14202,1561,116914.058738266,116563.314519661,117265.858361889,74.8527615463536,948.614556533372,948.614556533372,0.0529555800671202,0.0527967124018291,0.0531149257723106,3.39041467732023e-05,0.000429669747534792,0.000429669747534792
"193",2020-07-11,"País Vasco","ESPV",2207776,41,0,14243,1561,117098.595508317,116747.276516813,117450.97169822,184.536770050443,1133.15132658382,1133.15132658382,0.0530391649824606,0.0528800369769455,0.0531987718401776,8.35849153403439e-05,0.000513254662875135,0.000513254662875136
"194",2020-07-12,"País Vasco","ESPV",2207776,42,1,14285,1562,117353.789596757,117001.775526036,117706.862744619,255.194088439966,1388.34541502378,1388.34541502378,0.0531547537416644,0.0529953109038398,0.0533146762826571,0.000115588759203817,0.000628843422078953,0.000628843422078953
"195",2020-07-13,"País Vasco","ESPV",2207776,54,0,14339,1562,117618.092967912,117265.261437951,117971.986108849,264.303371155533,1652.64878617931,1652.64878617931,0.0532744685003879,0.0531146553988951,0.0534347624527347,0.000119714758723499,0.000748558180802452,0.000748558180802452
"196",2020-07-14,"País Vasco","ESPV",2207776,80,1,14419,1563,118153.766420182,117799.395502998,118509.203376342,535.673452269693,2188.32223844901,2188.32223844901,0.0535170988452552,0.053356588486784,0.053678092060219,0.000242630344867275,0.000991188525669727,0.000991188525669727
"197",2020-07-15,"País Vasco","ESPV",2207776,100,0,14519,1563,118753.289766327,118397.090120869,119110.561044435,599.523346145026,2787.84558459403,2787.84558459403,0.0537886496484821,0.0536273109775943,0.0539504737094863,0.000271550803226879,0.00126273932889661,0.00126273932889661
"198",2020-07-16,"País Vasco","ESPV",2207776,131,0,14650,1563,119569.816463344,119211.132223326,119929.579917875,816.52669701651,3604.37228161054,3604.37228161054,0.0541584909263184,0.053996026871986,0.0543214438049308,0.000369841277836388,0.00163258060673299,0.00163258060673299
"199",2020-07-17,"País Vasco","ESPV",2207776,102,0,14752,1563,120099.381091921,119739.065766764,120460.780667508,529.564628577456,4133.936910188,4133.936910188,0.054398354313083,0.054235151467705,0.0545620482637316,0.000239863386764534,0.00187244399349753,0.00187244399349753
"200",2020-07-18,"País Vasco","ESPV",2207776,188,1,14940,1564,121346.379850581,120982.370527538,121711.484397554,1246.99875866005,5380.93566884805,5380.93566884805,0.0549631755443402,0.0547982995229306,0.0551285476414067,0.000564821231257178,0.00243726522475471,0.00243726522475471
"201",2020-07-19,"País Vasco","ESPV",2207776,95,0,15035,1564,121692.353818413,121327.248736273,122058.557596207,345.973967831553,5544.11110901053,5726.9096366796,0.0551198825507718,0.0549545102113045,0.0552857525383949,0.000156707006431609,0.00251117464317509,0.00259397223118632
"202",2020-07-20,"País Vasco","ESPV",2207776,113,0,15148,1564,122111.34306668,121744.912639325,122478.876384129,418.989248267346,5428.15786052574,6145.89888494695,0.0553096614270107,0.0551436887797153,0.0554761336223099,0.00018977887623896,0.00245865425682938,0.00278375110742528
"203",2020-07-21,"País Vasco","ESPV",2207776,122,0,15270,1564,122543.578476445,122175.776034168,122912.488164699,432.23540976466,5704.37249972459,6578.13429471161,0.0555054400792674,0.0553388459853571,0.0556725356941551,0.000195778652256687,0.00258376415892037,0.00297952975968196
"204",2020-07-22,"País Vasco","ESPV",2207776,159,0,15429,1564,123220.578051523,122850.661980534,123591.607978126,676.999575078298,6306.51931325653,7255.1338697899,0.0558120833143956,0.0556445318639818,0.0559801392795855,0.000306643235128155,0.00285650324727533,0.00328617299481012
"205",2020-07-23,"País Vasco","ESPV",2207776,126,0,15555,1564,123581.530025202,123210.443460429,123953.73423256,360.951973679039,6482.93451688513,7616.08584346894,0.055975574526221,0.0558074929070834,0.0561441623754223,0.000163491211825402,0.00293640954376039,0.00344966420663552
"206",2020-07-24,"País Vasco","ESPV",2207776,112,0,15667,1564,123779.221662808,123407.448489119,124152.114827991,197.691637605763,6425.43206605093,7813.77748107471,0.05606511786649,0.0558967252516192,0.0562340177753501,8.95433402690143e-05,0.00291036412482558,0.00353920754690454
"207",2020-07-25,"País Vasco","ESPV",2207776,172,0,15839,1564,124405.73595921,124031.984077511,124780.61408645,626.514296402078,6787.64299129747,8257.49324980771,0.0563488940722292,0.0561796052124449,0.056518693058739,0.000283776205739204,0.00307442557184129,0.00374018616463251
"208",2020-07-26,"País Vasco","ESPV",2207776,165,0,16004,1564,124932.492838989,124557.05542362,125309.061890397,526.756879778914,6778.72641880669,8249.30763283449,0.0565874857046135,0.0564174333916213,0.0567580505859276,0.000238591632384315,0.00307038685935833,0.00373647853443216
"209",2020-07-27,"País Vasco","ESPV",2207776,217,0,16221,1564,125810.737447255,125432.55387548,126190.06125583,878.244608265712,7057.44768092738,8971.53147053439,0.0569852817710015,0.0568139856015644,0.057157094404428,0.000397796066387945,0.00319663212251939,0.00406360585065441
"210",2020-07-28,"País Vasco","ESPV",2207776,225,0,16446,1564,126684.046972723,126303.124182882,127066.118603282,873.309525468896,7114.23050937976,9769.98823445693,0.0573808425187716,0.0572083056355728,0.0575538997630566,0.000395560747770107,0.00322235159245311,0.00442526245165132
"211",2020-07-29,"País Vasco","ESPV",2207776,206,0,16652,1564,127330.640935107,126947.652013911,127714.785297239,646.593962384053,7231.25984318636,10232.0454267905,0.0576737136988116,0.057500240972776,0.0578477097754657,0.000292871180040028,0.00327535938572861,0.004634548716351
"212",2020-07-30,"País Vasco","ESPV",2207776,146,1,16798,1565,127519.466093416,127135.879859792,127904.209658855,188.825158308711,6173.08624283502,10165.6764966593,0.0577592410160343,0.0575854977406188,0.0579335084985321,8.55273172227215e-05,0.00279606547169415,0.0046044872743699
"213",2020-07-31,"País Vasco","ESPV",2207776,178,1,16976,1566,127885.839483844,127501.117249653,128271.72258,366.373390427892,6193.48566543136,10267.7465159316,0.0579251878287671,0.0577509300081408,0.0580999714554375,0.000165946812732765,0.0028053052779953,0.00465071932837917
"214",2020-08-01,"País Vasco","ESPV",2207776,229,1,17205,1567,128585.347475582,128198.482538785,128973.379855834,699.507991738108,6474.00440890212,10431.5810554001,0.0582420261274614,0.0580667977814709,0.0584177832605455,0.000316838298694301,0.00293236470045065,0.00472492728220619
"215",2020-08-02,"País Vasco","ESPV",2207776,295,1,17500,1568,129721.627797352,129331.302565185,130113.131041213,1136.28032176979,7178.04932090726,10968.3380310248,0.0587566980515016,0.0585799023837495,0.0589340272931735,0.000514671924040208,0.00325125797223417,0.00496804840301952
"216",2020-08-03,"País Vasco","ESPV",2207776,431,0,17931,1568,131695.850311566,131299.432979352,132093.464501205,1974.22251421418,8475.27226004314,12126.0338482225,0.0596509112842816,0.05947135623331,0.0598310084452432,0.000894213232780039,0.00383882796988605,0.00549242035796317
"217",2020-08-04,"País Vasco","ESPV",2207776,382,1,18313,1569,133261.420308702,132860.233079021,133663.8189708,1565.5699971359,9679.8902835,13162.0392167809,0.0603600276063795,0.0601783120565767,0.0605422918678345,0.000709116322097848,0.0043844530801585,0.00596167329329649
"218",2020-08-05,"País Vasco","ESPV",2207776,374,0,18687,1569,134514.885476674,134109.745688591,134921.249174675,1253.46516797191,10735.6638138662,13168.5056260928,0.0609277777621797,0.0607442719227816,0.0611118379648457,0.000567750155800185,0.00486265989568967,0.0059646022178395
"219",2020-08-06,"País Vasco","ESPV",2207776,362,1,19049,1570,135592.551907222,135184.079202679,136002.258854372,1077.66643054789,11186.815948012,13900.1980888091,0.0614159008464726,0.0612308853808895,0.0616014753554582,0.000488123084292923,0.00506700677424339,0.00629601829570081
"220",2020-08-07,"País Vasco","ESPV",2207776,276,1,19325,1571,135901.85347662,135492.349320322,136312.595294342,309.301569398289,10969.3606376313,13790.5104099401,0.0615559972916728,0.0613705146356886,0.0617420405395938,0.000140096445200187,0.00496851158705926,0.00624633586466204
"221",2020-08-08,"País Vasco","ESPV",2207776,293,2,19618,1573,136295.649095237,135884.957677268,136707.581764951,393.795618617296,10484.9116479829,13752.0706187927,0.061734364851886,0.061548344432256,0.0619209474896689,0.000178367560213217,0.00474908308088453,0.00622892477261857
"222",2020-08-09,"País Vasco","ESPV",2207776,524,1,20142,1574,138101.112405672,137684.866900033,138518.616294493,1805.46331043422,11417.0654329482,14880.5343541487,0.0625521395312168,0.0623636034181152,0.0627412456220618,0.000817774679330793,0.00517129701244522,0.0067400562168212
"223",2020-08-10,"País Vasco","ESPV",2207776,504,1,20646,1575,139638.270955675,139217.273020255,140060.542003674,1537.15855000293,12307.6300205671,16056.7409304725,0.0632483870445528,0.0630576983445126,0.063439652393936,0.000696247513336014,0.0055746733457412,0.00727281251833182
"224",2020-08-11,"País Vasco","ESPV",2207776,565,2,21211,1577,141501.293635582,141074.660873219,141929.216604938,1863.02267990753,13981.8275421659,17722.0719727743,0.064092232923803,0.0638989919598813,0.0642860582798879,0.000843845879250219,0.0063329919077687,0.00802711505731302
"225",2020-08-12,"País Vasco","ESPV",2207776,553,1,21764,1578,142988.01279087,142556.75584293,143420.574359934,1486.71915528778,15102.1733070258,18582.27683166,0.064765634190638,0.064570298727285,0.064961560574956,0.00067340126683494,0.00684044636187088,0.00841674011840876
"226",2020-08-13,"País Vasco","ESPV",2207776,386,0,22150,1578,143084.51662655,142652.703322199,143517.637040584,96.5038356798759,14499.1691509676,18152.023787561,0.064809345072394,0.0646137576104635,0.0650055245824685,4.3710881756064e-05,0.00656731894493264,0.00822185936778051
"227",2020-08-14,"País Vasco","ESPV",2207776,298,2,22448,1580,142645.64841723,142215.110705449,143077.489525819,0,13362.8888291978,17273.7791792953,0.0646105621300486,0.064415552440759,0.0648061621857555,0,0.00605264702089243,0.00782406330139256
"228",2020-08-15,"País Vasco","ESPV",2207776,525,1,22973,1581,143462.935240553,143029.769522909,143897.412800757,0,11388.6663149836,16400.4696538264,0.0649807477029161,0.0647845476728207,0.0651775419248859,0,0.00515843378811239,0.00742850255362245
"229",2020-08-16,"País Vasco","ESPV",2207776,556,0,23529,1581,144294.409091969,143858.460377321,144731.678905713,1149.44287010343,10972.5391879512,16903.3185615457,0.0653573592121525,0.065159898638866,0.0655554181700103,0.000520633827935186,0.00496995129394973,0.00765626520151761
"230",2020-08-17,"País Vasco","ESPV",2207776,673,1,24202,1582,145810.719984595,145370.030017074,146252.745905941,1576.76048794223,11295.8345079215,18291.2538911793,0.0660441638937082,0.0658445557960019,0.0662443771043534,0.000714184993378961,0.00511638613152851,0.00828492287767385
"231",2020-08-18,"País Vasco","ESPV",2207776,576,1,24778,1583,146586.029668742,146142.834104017,147030.569276846,775.309684146225,10993.4777615198,18700.1901848976,0.0663953361521919,0.0661945931580092,0.0665966879234331,0.000351172258483752,0.00497943530571934,0.00847014832342484
"232",2020-08-19,"País Vasco","ESPV",2207776,651,5,25429,1588,148004.596042575,147557.403205312,148453.144158728,1418.5663738329,12102.7425659544,19419.2485669924,0.067037867991397,0.0668353144545969,0.0672410353943188,0.000642531839205111,0.00548187069972426,0.00879584186393565
"233",2020-08-20,"País Vasco","ESPV",2207776,457,3,25886,1591,147954.994594479,147508.009069231,148403.334595739,0,11708.9469473371,18282.9682452226,0.0670154012882101,0.0668129416522468,0.0672184744266353,0,0.00530350313951104,0.00828116993989544
"234",2020-08-21,"País Vasco","ESPV",2207776,395,4,26281,1595,147541.163099258,147095.597037435,147988.07882157,0,9903.48363690291,16308.7457310084,0.0668279585878539,0.0666261418900445,0.067030386606961,0,0.00448572846018025,0.0073869567071154
"235",2020-08-22,"País Vasco","ESPV",2207776,530,5,26811,1600,147925.467705714,147479.027077688,148373.259774947,0,8366.32508689997,14743.1757338725,0.0670020272462941,0.0667998144185317,0.0672048522019204,0,0.00378948094684423,0.00667784038501755
"236",2020-08-23,"País Vasco","ESPV",2207776,705,4,27516,1604,149135.067239363,148685.155152423,149586.340732463,538.308468516392,7041.61087550884,14028.019034417,0.0675499087042179,0.0673461234982276,0.0677543105516424,0.000243823860987887,0.0031894589285819,0.00635391409020526
"237",2020-08-24,"País Vasco","ESPV",2207776,740,6,28256,1610,150635.603661035,150181.577571484,151091.002353626,2092.69914994386,7647.59087016492,15043.051753813,0.0682295684258887,0.0680239198050363,0.0684358387597411,0.00094787657350377,0.00346393423525073,0.0068136675794161
"238",2020-08-25,"País Vasco","ESPV",2207776,823,5,29079,1615,152348.536248334,151889.647655589,152808.811234056,1712.93258729953,9264.01962178457,16446.6827717142,0.0690054318229451,0.0687975807580065,0.0692139108469589,0.00077586339705637,0.00419608675055104,0.00744943453127229
"239",2020-08-26,"País Vasco","ESPV",2207776,689,10,29768,1625,153665.873398958,153203.885754131,154129.254171531,1317.33715062376,10581.3567724083,17370.2243037207,0.0696021124420947,0.0693928576785556,0.0698119982151862,0.00059668061914966,0.0047927673697007,0.00786774759020873
"240",2020-08-27,"País Vasco","ESPV",2207776,483,2,30251,1627,153022.919398778,152562.816203141,153484.410186464,0,10581.3567724083,15564.7609932864,0.0693108899629212,0.0691024887502812,0.06951991967775,0,0.0047927673697007,0.00704997291087793
"241",2020-08-28,"País Vasco","ESPV",2207776,485,9,30736,1636,152970.219052936,152511.013101013,153430.807659804,0,9431.91390230489,14027.6024432835,0.0692870196310387,0.0690790248200056,0.0694956407080264,0,0.00427213354176551,0.00635372539754192
"242",2020-08-29,"País Vasco","ESPV",2207776,521,6,31257,1642,152797.094026098,152338.810587839,153256.756126228,0,7855.15341436266,12164.579763376,0.0692086036020401,0.0690010266384992,0.0694168050228954,0,0.00355794854838655,0.0055098795182917
"243",2020-08-30,"País Vasco","ESPV",2207776,563,3,31820,1645,152563.216600163,152105.712157431,153022.09712741,0,7079.84373021644,10677.8606080882,0.0691026701079109,0.0688954459861104,0.0693105175196262,0,0.0032067762899028,0.00483647825145676
"244",2020-08-31,"País Vasco","ESPV",2207776,674,4,32494,1649,152963.36926026,152504.862274232,153423.254750902,0,5661.27735638354,10581.3567724083,0.0692839170551088,0.0690762388368348,0.069492219659468,0,0.00256424445069769,0.0047927673697007
"245",2020-09-01,"País Vasco","ESPV",2207776,737,10,33231,1659,154198.379475093,153737.035263389,154661.108118865,0,5661.27735638354,10581.3567724083,0.0698433081413571,0.0696343448173132,0.0700528985362941,0,0.00256424445069769,0.0047927673697007
"246",2020-09-02,"País Vasco","ESPV",2207776,609,6,33840,1665,154426.137244752,153964.536475534,154889.121938315,0,5661.27735638354,10581.3567724083,0.0699464697708247,0.0697373902404655,0.0701561761421063,0,0.00256424445069769,0.0047927673697007
"247",2020-09-03,"País Vasco","ESPV",2207776,499,8,34339,1673,154300.318638066,153839.734948047,154762.281278299,0,5661.27735638354,9431.91390230489,0.0698894809247249,0.0696808620747969,0.0700987243625706,0,0.00256424445069769,0.00427213354176551
"248",2020-09-04,"País Vasco","ESPV",2207776,411,8,34750,1681,153777.362440159,153318.976474392,154237.118867028,0,5122.96888786714,7855.15341436266,0.069652610790297,0.069444987387485,0.0698608549359302,0,0.0023204205897098,0.00355794854838655
"249",2020-09-05,"País Vasco","ESPV",2207776,610,11,35360,1692,154437.13600998,153977.740396856,154897.902238939,0,3030.26973792328,7079.84373021644,0.069951451601059,0.0697433708840283,0.0701601531309964,0,0.00137254401620603,0.0032067762899028
"250",2020-09-06,"País Vasco","ESPV",2207776,610,6,35970,1698,154671.169572073,154211.507660181,155132.201609168,0,1317.33715062376,5661.27735638354,0.0700574558162029,0.0698492544806091,0.0702662777424739,0,0.00059668061914966,0.00256424445069769
"251",2020-09-07,"País Vasco","ESPV",2207776,610,9,36580,1707,155192.369914639,154731.906931494,155654.20317857,1329.21084549956,1329.21084549956,6990.4882018831,0.0702935306456087,0.0700849664691952,0.0705027154831693,0.000602058743957522,0.000602058743957522,0.00316630319465521
"252",2020-09-08,"País Vasco","ESPV",2207776,674,9,37254,1716,155980.705067757,155518.651224986,156444.131696055,985.620823299367,2314.83166879893,7976.10902518246,0.070650602718644,0.0704413179711103,0.0708605092618342,0.000446431532591788,0.00104849027654931,0.003612734727247
"253",2020-09-09,"País Vasco","ESPV",2207776,522,5,37776,1721,155758.710350617,155297.646801092,156221.1427528,0,2314.83166879893,7976.10902518246,0.0705500514321276,0.0703412152324749,0.0707595076460656,0,0.00104849027654931,0.003612734727247
"254",2020-09-10,"País Vasco","ESPV",2207776,324,8,38100,1729,154999.890858564,154541.711315171,155459.428795702,0,2314.83166879893,7437.80055666607,0.0702063483154832,0.0699988184105503,0.0704144934973939,0,0.00104849027654931,0.00336891086625911
"255",2020-09-11,"País Vasco","ESPV",2207776,309,9,38409,1738,154318.654206915,153863.222611714,154775.43386915,0,2314.83166879893,5345.10140672221,0.0698977859198195,0.0696915006829106,0.0701046817562785,0,0.00104849027654931,0.00242103429275534
"256",2020-09-12,"País Vasco","ESPV",2207776,434,10,38843,1748,154311.339646456,153856.762249498,154767.260114766,0,2314.83166879893,3632.16881942269,0.0698944728298776,0.0696885744973668,0.0701009794991729,0,0.00104849027654931,0.00164517089569897
"257",2020-09-13,"País Vasco","ESPV",2207776,533,7,39376,1755,154518.362704417,154063.713761671,154974.353336625,0,2314.83166879893,2314.83166879893,0.0699882427856889,0.0697823120469063,0.0701947812353358,0,0.00104849027654931,0.00104849027654931
"258",2020-09-14,"País Vasco","ESPV",2207776,536,10,39912,1765,155063.842315661,154608.423208797,155520.602918406,0,2314.83166879893,2314.83166879893,0.0702353147763454,0.0700290351959603,0.0704422019799137,0,0.00104849027654931,0.00104849027654931
"259",2020-09-15,"País Vasco","ESPV",2207776,602,12,40514,1777,156073.39723603,155616.041683767,156532.096956278,0,2314.83166879893,2314.83166879893,0.0706925871266061,0.0704854304439251,0.0709003526427851,0,0.00104849027654931,0.00104849027654931
"260",2020-09-16,"País Vasco","ESPV",2207776,463,14,40977,1791,156733.395517653,156275.3190025,157192.81475343,0,2314.83166879893,2314.83166879893,0.0709915297193435,0.0707840464804853,0.0711996211361252,0,0.00104849027654931,0.00104849027654931
"261",2020-09-17,"País Vasco","ESPV",2207776,390,22,41367,1813,157816.639210635,157357.354876634,158277.264073649,0,2314.83166879893,2314.83166879893,0.07148217899399,0.0712741486802257,0.0716908164929996,0,0.00104849027654931,0.00104849027654931
"262",2020-09-18,"País Vasco","ESPV",2207776,314,9,41681,1822,157501.544966444,157043.889305014,157960.53432322,0,2314.83166879893,2314.83166879893,0.0713394587885925,0.0711321661731147,0.0715473554940446,0,0.00104849027654931,0.00104849027654931
"263",2020-09-19,"País Vasco","ESPV",2207776,376,10,42057,1832,157557.924552715,157100.906060484,158016.272546523,0,985.620823299367,2314.83166879893,0.0713649956121977,0.0711579915990044,0.0715726018158197,0,0.000446431532591788,0.00104849027654931
"264",2020-09-20,"País Vasco","ESPV",2207776,474,6,42531,1838,157697.183951487,157240.194983567,158155.501071645,582.424704510369,582.42470451037,2897.2563733093,0.0714280723911697,0.0712210817508509,0.0716356646107418,0.000263806067513357,0.000263806067513357,0.00131229634406267
"265",2020-09-21,"País Vasco","ESPV",2207776,374,6,42905,1844,157519.179321724,157063.140933909,157976.541833136,956.049549456278,1538.47425396665,3853.30592276558,0.0713474461728562,0.0711408860925695,0.0715546060076457,0.000433037386698777,0.000696843454212134,0.00174533373076144
"266",2020-09-22,"País Vasco","ESPV",2207776,410,8,43315,1852,157687.678532851,157231.768265329,158144.910760778,168.499211127317,1706.97346509396,4021.80513389289,0.0714237669640629,0.0712172649151583,0.0716308677876642,7.63207912067695e-05,0.000773164245418903,0.00182165452196821
"267",2020-09-23,"País Vasco","ESPV",2207776,491,13,43806,1865,158613.090764352,158155.569448293,159071.935623777,925.41223150125,2632.38569659521,4947.21736539414,0.0718429273460497,0.0716356955815685,0.0720507586022209,0.000419160381986782,0.00119232462740569,0.00224081490395499
"268",2020-09-24,"País Vasco","ESPV",2207776,362,7,44168,1872,158589.078922761,158132.149457273,159047.328705067,0,2632.38569659521,4947.21736539414,0.0718320513144273,0.0716250876254082,0.0720396130336895,0,0.00119232462740569,0.00224081490395499
"269",2020-09-25,"País Vasco","ESPV",2207776,288,12,44456,1884,158748.187174344,158291.759358602,159205.93108103,111.084568400314,2743.47026499553,3729.0910882949,0.0719041185221435,0.0716973820526186,0.072111451107825,5.03151444713206e-05,0.00124263977187701,0.00168907130446879
"270",2020-09-26,"País Vasco","ESPV",2207776,398,5,44854,1889,158745.967071323,158289.889411872,159203.358818693,21.7917385701148,2765.26200356564,2765.26200356564,0.071903112938687,0.0716965350705288,0.072110286015743,9.87044816598914e-06,0.001252510220043,0.001252510220043
"271",2020-09-27,"País Vasco","ESPV",2207776,379,5,45233,1894,158718.830984134,158263.176569845,159175.797269888,0,2765.26200356564,2765.26200356564,0.0718908217971996,0.0716844356356103,0.0720978021637557,0,0.001252510220043,0.001252510220043
"272",2020-09-28,"País Vasco","ESPV",2207776,426,7,45659,1901,159058.661580184,158602.550831532,159516.084016535,285.558421672671,3050.82042523831,3050.82042523832,0.0720447461971612,0.0718381533414314,0.0722519331746224,0.00012934211698681,0.0013818523370298,0.00138185233702981
"273",2020-09-29,"País Vasco","ESPV",2207776,421,11,46080,1912,159739.986464646,159282.784292132,160198.500981288,708.460971651162,3759.28139688948,3759.28139688948,0.0723533485573928,0.0721462613472256,0.0725610301866167,0.000320893501718998,0.0017027458387488,0.0017027458387488
"274",2020-09-30,"País Vasco","ESPV",2207776,328,8,46408,1920,159865.132857008,159408.172912264,160323.402724494,125.146392361319,3884.4277892508,3884.4277892508,0.07241003292771,0.0722030554332795,0.0726176037444444,5.66843703171514e-05,0.00175943020906595,0.00175943020906595
"275",2020-10-01,"País Vasco","ESPV",2207776,278,2,46686,1922,159340.520933119,158885.151512789,159797.195455322,0,3884.4277892508,3884.4277892508,0.0721724128413021,0.0719661557661596,0.0723792610551623,0,0.00175943020906595,0.00175943020906595
"276",2020-10-02,"País Vasco","ESPV",2207776,342,7,47028,1929,159481.402826068,159026.144044454,159937.964918905,0,3302.00308474043,3884.4277892508,0.072236224520091,0.0720300175581464,0.0724430218096878,0,0.0014956241415526,0.00175943020906595
"277",2020-10-03,"País Vasco","ESPV",2207776,409,5,47437,1934,159718.781688531,159263.191016254,160175.675630316,0,2345.95353528415,3884.4277892508,0.0723437439706432,0.0721373866806479,0.0725506915693965,0,0.00106258675485382,0.00175943020906595
"278",2020-10-04,"País Vasco","ESPV",2207776,439,4,47876,1938,160000.187264407,159544.057469898,160457.621114941,0,2177.45432415683,3884.4277892508,0.0724712050789605,0.0722646035965145,0.0726783972264129,0,0.000986265963647051,0.00175943020906595
"279",2020-10-05,"País Vasco","ESPV",2207776,454,6,48330,1944,160507.482526279,160050.337577916,160965.933198248,0,1252.04209265558,3884.4277892508,0.0727009816785214,0.0724939203877185,0.0729086343896519,0,0.000567105581660269,0.00175943020906595
"280",2020-10-06,"País Vasco","ESPV",2207776,578,5,48908,1949,161339.001938807,160879.837216597,161799.477156141,1196.58003516396,2448.62212781954,5081.00782441476,0.0730776138244129,0.0728696376881517,0.0732861835422346,0.000541984347671124,0.00110908992933139,0.00230141455673708
"281",2020-10-07,"País Vasco","ESPV",2207776,563,3,49471,1952,161932.445051709,161471.773356475,162394.431022537,870.732159537205,3208.26971895644,5951.73998395196,0.0733464106194238,0.0731377519080173,0.073555664624734,0.000394393344042695,0.00145316812890277,0.00269580790077977
"282",2020-10-08,"País Vasco","ESPV",2207776,373,9,49844,1961,162365.436743747,161904.211347175,162827.976058374,432.991692038282,3619.4696724246,5802.30697147988,0.073542531825578,0.0733336223181949,0.0737520364649196,0.000196121206154194,0.00163941888689097,0.00262812303942061
"283",2020-10-09,"País Vasco","ESPV",2207776,536,11,50380,1972,163463.423720838,162999.919439329,163928.246016611,1097.9869770903,4717.4566495149,5944.2443991139,0.0740398589896971,0.0738299172739122,0.0742503976927963,0.000497327164119142,0.00213674605101011,0.00269241281684097
"284",2020-10-10,"País Vasco","ESPV",2207776,417,7,50797,1979,163822.970243719,163358.952487203,164288.306033162,359.546522881545,4791.44475072378,6135.29171086813,0.0742027136103115,0.0739925393188454,0.074413484897545,0.000162854620614385,0.00217025855463769,0.00277894664624859
"285",2020-10-11,"País Vasco","ESPV",2207776,652,5,51449,1984,164753.729250428,164287.416934021,165221.365144627,930.759006709006,5013.74278578162,6140.63848607588,0.07462429578473,0.0744130821849775,0.0748361088917655,0.000421582174418513,0.0022709472273372,0.00278136843868032
"286",2020-10-12,"País Vasco","ESPV",2207776,815,5,52264,1989,166173.943373744,165703.954346454,166645.265439143,1420.21412331637,6308.81051673667,7560.85260939226,0.0752675739630037,0.0750546950172727,0.0754810567010162,0.000643278178273689,0.00285754103529374,0.00342464661695401
"287",2020-10-13,"País Vasco","ESPV",2207776,872,8,53136,1997,167962.115391212,167487.660155001,168437.914653431,1788.1720174677,8096.98253420438,9237.94005845964,0.0760775166462595,0.0758626147557546,0.0762930273059545,0.000809942683255775,0.00366748371854952,0.00418427415573846
"288",2020-10-14,"País Vasco","ESPV",2207776,738,6,53874,2003,169063.341447556,168586.198540158,169541.834793816,1101.22605634361,9198.20859054799,10317.3743762331,0.0765763109335167,0.0763601916771256,0.0767930418637651,0.000498794287257228,0.00416627800580674,0.0046731979948297
"289",2020-10-15,"País Vasco","ESPV",2207776,680,5,54554,2008,169792.931100443,169314.066068956,170273.150489094,729.58965288708,9927.79824343507,11046.9640291202,0.0769067745552279,0.0766898752721997,0.0771242872868869,0.000330463621711206,0.00449674162751795,0.00500366161654091
"290",2020-10-16,"País Vasco","ESPV",2207776,650,10,55204,2018,170762.078100774,170281.225702167,171244.288365043,969.147000331111,10896.9452437662,11730.5526077787,0.0773457443602856,0.0771279449102478,0.077564158848109,0.000438969805057719,0.00493571143257567,0.00531328930461182
"291",2020-10-17,"País Vasco","ESPV",2207776,769,12,55973,2030,172198.551374019,171714.560474896,172683.906439289,1436.47327324474,12333.4185170109,12458.5649093722,0.0779963870311203,0.0777771660145306,0.0782162259392659,0.000650642670834697,0.00558635410341037,0.00564303847372752
"292",2020-10-18,"País Vasco","ESPV",2207776,968,10,56941,2040,174012.701472841,173524.352206314,174502.425099813,1814.15009882185,12950.9885806688,14147.5686158328,0.078818096343488,0.0785969012283466,0.0790399139676367,0.000821709312367671,0.00586607906810691,0.00640806341577804
"293",2020-10-19,"País Vasco","ESPV",2207776,1163,5,58104,2045,175907.512021328,175414.174721581,176402.236789857,1894.81054848726,13975.0669696189,16042.37916432,0.0796763403630295,0.079452885945667,0.0799004232267479,0.000858244019541505,0.00632992974360572,0.00726630743531954
"294",2020-10-20,"País Vasco","ESPV",2207776,1171,4,59275,2049,177611.023431524,177113.154763311,178110.291618656,1703.51141019657,15245.5866877772,17745.8905745166,0.0804479364897184,0.0802224296139244,0.0806740772699114,0.000771596126688837,0.00690540466414037,0.00803790356200838
"295",2020-10-21,"País Vasco","ESPV",2207776,999,6,60274,2055,178816.871251129,178316.031593245,179319.117626967,1205.84781960491,15353.4475302918,18951.7383941215,0.0809941186293942,0.0807672660601641,0.0812216083637863,0.000546182139675814,0.00695425963969704,0.00858408570168419
"296",2020-10-22,"País Vasco","ESPV",2207776,932,9,61206,2064,179935.292169863,179431.973656901,180440.022524428,1118.42091873326,16112.3219261435,20070.1593128548,0.0815007012350268,0.0812727258820193,0.081729316073926,0.000506582605632664,0.00729798762471532,0.00909066830731686
"297",2020-10-23,"País Vasco","ESPV",2207776,939,7,62145,2071,180777.291486243,180272.101673832,181283.897029342,841.999316379952,16023.5622358144,20912.1586292347,0.0818820801957457,0.0816532572479417,0.0821115443909806,0.000381378960718819,0.00725778441101562,0.00947204726803568
"298",2020-10-24,"País Vasco","ESPV",2207776,1066,8,63211,2079,181977.450721253,181469.47165666,182486.851748051,1200.15923501088,15803.5073475089,20915.7378290817,0.0824256857223076,0.0821955993980642,0.0826564161165134,0.000543605526561972,0.00715811175930391,0.00947366844692652
"299",2020-10-25,"País Vasco","ESPV",2207776,1146,7,64357,2086,183229.318762487,182718.32634001,183741.740232946,1251.86804123307,15267.2033712743,21296.8737107775,0.0829927124683331,0.082761261260205,0.0832248109558879,0.000567026746025445,0.00691519582207358,0.00964630184890928
"300",2020-10-26,"País Vasco","ESPV",2207776,1263,9,65620,2095,184890.355641599,184375.377210944,185406.772457292,1661.03687911236,15827.0141940431,22524.9188978516,0.0837450699897086,0.0835118133410928,0.0839789781469188,0.000752357521375521,0.00716875905619187,0.0102025381641306
"301",2020-10-27,"País Vasco","ESPV",2207776,1323,5,66943,2100,186249.907641021,185731.456809442,186769.805676371,1359.55199942185,16456.9765405778,22786.4839201831,0.0843608715925079,0.084126042138986,0.0845963565490207,0.00061580160279931,0.00745409703727997,0.0103210126028108
"302",2020-10-28,"País Vasco","ESPV",2207776,1063,13,68006,2113,187470.357726802,186949.482259917,187992.684448051,1220.45008578111,16708.2796260278,23647.3874830827,0.0849136677483594,0.0846777400696073,0.0851502527647962,0.000552796155851457,0.00756792338807371,0.0107109541380478
"303",2020-10-29,"País Vasco","ESPV",2207776,829,8,68835,2121,187500.567607588,186980.160970943,188022.422649595,30.2098807865696,15302.0162335697,22746.8383571603,0.0849273511477561,0.0846916358230829,0.0851637225196734,1.36833993967547e-05,0.00693096411663577,0.0103030553630261
"304",2020-10-30,"País Vasco","ESPV",2207776,987,10,69822,2131,188080.201915589,187558.898842476,188602.953903659,579.634308000328,14067.5004427481,21906.2585418442,0.0851898933205129,0.0849537719598711,0.0854266709592183,0.000262542172756805,0.0063717969770249,0.0099223193575092
"305",2020-10-31,"País Vasco","ESPV",2207776,1179,4,71001,2135,188617.468697444,188094.901396483,189141.487800564,537.266781855142,12709.956676116,20655.3533062317,0.0854332453552552,0.0851965513695605,0.0856705969267554,0.000243352034742266,0.00575690499222566,0.00935572870899569
"306",2020-11-01,"País Vasco","ESPV",2207776,1212,8,72213,2143,189562.822864218,189038.186843856,190088.914902322,945.354166774079,11951.7994326935,20499.4814166621,0.0858614383271754,0.0856238073264026,0.0860997288231785,0.000428192971920194,0.00541350183745702,0.00928512739365866
"307",2020-11-02,"País Vasco","ESPV",2207776,184,3,72397,2146,187356.549715375,186838.163935183,187876.373766055,0,10745.9516130886,19769.8917637751,0.0848621190353438,0.0846273190464896,0.0850975704809071,0,0.00486731969778121,0.00895466377194745
"308",2020-11-03,"País Vasco","ESPV",2207776,8,5,72405,2151,184936.474158446,184425.085122011,185449.281216439,0,9627.53069435534,18800.7447634439,0.0837659591183371,0.0835343282660973,0.0839982322556449,0,0.00436073709214854,0.00851569396688973
"309",2020-11-04,"País Vasco","ESPV",2207776,6,3,72411,2154,182508.089737714,182003.562615443,183014.015445888,0,8785.53137797539,17364.2714901992,0.0826660357471563,0.0824375129612075,0.0828951920149002,0,0.00397935813142973,0.00786505129605503
"310",2020-11-05,"País Vasco","ESPV",2207776,1,0,72412,2154,180048.804096419,179550.99992358,180547.988428625,0,7585.37214296451,15550.1213913774,0.0815521158380282,0.0813266381750592,0.0817782186365941,0,0.00343575260486775,0.00704334198368736
"311",2020-11-06,"País Vasco","ESPV",2207776,NA,1,NA,2155,NA,NA,NA,0,6333.50410173144,13655.3108428901,NA,NA,NA,0,0.00286872585884231,0.00618509796414586
"312",2020-11-07,"País Vasco","ESPV",2207776,NA,0,NA,2155,NA,NA,NA,0,4672.46722261907,11951.7994326935,NA,NA,NA,0,0.00211636833746679,0.00541350183745702
"313",2020-11-08,"País Vasco","ESPV",2207776,NA,0,NA,2155,NA,NA,NA,0,3312.91522319723,10745.9516130886,NA,NA,NA,0,0.00150056673466748,0.00486731969778121
