"date","ccaa","reg_code","population","cases","deaths","cum_cases","cum_deaths","deaths_prev_week","cases_infected","cases_infected_low","cases_infected_high","cases_daily","cases_contagious","cases_active","p_cases_infected","p_cases_infected_low","p_cases_infected_high","p_cases_daily","p_cases_contagious","p_cases_active"
2020-01-01,"La Rioja","ESRI",316798,0,0,0,0,0,NA,NA,NA,0,0,0,NA,NA,NA,0,0,0
2020-01-02,"La Rioja","ESRI",316798,0,0,0,0,0,NA,NA,NA,0,0,0,NA,NA,NA,0,0,0
2020-01-03,"La Rioja","ESRI",316798,0,0,0,0,0,NA,NA,NA,0,0,0,NA,NA,NA,0,0,0
2020-01-04,"La Rioja","ESRI",316798,0,0,0,0,0,NA,NA,NA,0,0,0,NA,NA,NA,0,0,0
2020-01-05,"La Rioja","ESRI",316798,0,0,0,0,0,NA,NA,NA,0,0,0,NA,NA,NA,0,0,0
2020-01-06,"La Rioja","ESRI",316798,0,0,0,0,0,NA,NA,NA,0,0,0,NA,NA,NA,0,0,0
2020-01-07,"La Rioja","ESRI",316798,0,0,0,0,0,NA,NA,NA,0,0,0,NA,NA,NA,0,0,0
2020-01-08,"La Rioja","ESRI",316798,0,0,0,0,0,NA,NA,NA,0,0,0,NA,NA,NA,0,0,0
2020-01-09,"La Rioja","ESRI",316798,0,0,0,0,0,NA,NA,NA,0,0,0,NA,NA,NA,0,0,0
2020-01-10,"La Rioja","ESRI",316798,0,0,0,0,0,NA,NA,NA,0,0,0,NA,NA,NA,0,0,0
2020-01-11,"La Rioja","ESRI",316798,0,0,0,0,0,NA,NA,NA,0,0,0,NA,NA,NA,0,0,0
2020-01-12,"La Rioja","ESRI",316798,0,0,0,0,0,NA,NA,NA,0,0,0,NA,NA,NA,0,0,0
2020-01-13,"La Rioja","ESRI",316798,0,0,0,0,0,NA,NA,NA,0,0,0,NA,NA,NA,0,0,0
2020-01-14,"La Rioja","ESRI",316798,1,0,1,0,0,NA,NA,NA,0,0,0,NA,NA,NA,0,0,0
2020-01-15,"La Rioja","ESRI",316798,0,0,1,0,0,0,NA,NA,0,0,0,0,NA,NA,0,0,0
2020-01-16,"La Rioja","ESRI",316798,0,0,1,0,0,0,NA,NA,0,0,0,0,NA,NA,0,0,0
2020-01-17,"La Rioja","ESRI",316798,0,0,1,0,0,0,NA,NA,0,0,0,0,NA,NA,0,0,0
2020-01-18,"La Rioja","ESRI",316798,0,0,1,0,0,0,NA,NA,0,0,0,0,NA,NA,0,0,0
2020-01-19,"La Rioja","ESRI",316798,0,0,1,0,0,0,NA,NA,0,0,0,0,NA,NA,0,0,0
2020-01-20,"La Rioja","ESRI",316798,0,0,1,0,0,0,NA,NA,0,0,0,0,NA,NA,0,0,0
2020-01-21,"La Rioja","ESRI",316798,0,0,1,0,0,0,NA,NA,0,0,0,0,NA,NA,0,0,0
2020-01-22,"La Rioja","ESRI",316798,0,0,1,0,0,0,NA,NA,0,0,0,0,NA,NA,0,0,0
2020-01-23,"La Rioja","ESRI",316798,0,0,1,0,0,0,0,NA,0,0,0,0,0,NA,0,0,0
2020-01-24,"La Rioja","ESRI",316798,0,0,1,0,0,0,0,NA,0,0,0,0,0,NA,0,0,0
2020-01-25,"La Rioja","ESRI",316798,0,0,1,0,0,0,0,NA,0,0,0,0,0,NA,0,0,0
2020-01-26,"La Rioja","ESRI",316798,0,0,1,0,0,0,0,NA,0,0,0,0,0,NA,0,0,0
2020-01-27,"La Rioja","ESRI",316798,0,0,1,0,0,0,0,NA,0,0,0,0,0,NA,0,0,0
2020-01-28,"La Rioja","ESRI",316798,0,0,1,0,0,0,0,NA,0,0,0,0,0,NA,0,0,0
2020-01-29,"La Rioja","ESRI",316798,0,0,1,0,0,0,0,NA,0,0,0,0,0,NA,0,0,0
2020-01-30,"La Rioja","ESRI",316798,0,0,1,0,0,0,0,NA,0,0,0,0,0,NA,0,0,0
2020-01-31,"La Rioja","ESRI",316798,0,0,1,0,0,0,0,NA,0,0,0,0,0,NA,0,0,0
2020-02-01,"La Rioja","ESRI",316798,0,0,1,0,0,0,0,NA,0,0,0,0,0,NA,0,0,0
2020-02-02,"La Rioja","ESRI",316798,0,0,1,0,0,0,0,NA,0,0,0,0,0,NA,0,0,0
2020-02-03,"La Rioja","ESRI",316798,0,0,1,0,0,0,0,NA,0,0,0,0,0,NA,0,0,0
2020-02-04,"La Rioja","ESRI",316798,0,0,1,0,0,0,0,NA,0,0,0,0,0,NA,0,0,0
2020-02-05,"La Rioja","ESRI",316798,0,0,1,0,0,0,0,NA,0,0,0,0,0,NA,0,0,0
2020-02-06,"La Rioja","ESRI",316798,0,0,1,0,0,0,0,NA,0,0,0,0,0,NA,0,0,0
2020-02-07,"La Rioja","ESRI",316798,0,0,1,0,0,0,0,NA,0,0,0,0,0,NA,0,0,0
2020-02-08,"La Rioja","ESRI",316798,0,0,1,0,0,0,0,NA,0,0,0,0,0,NA,0,0,0
2020-02-09,"La Rioja","ESRI",316798,0,0,1,0,0,0,0,NA,0,0,0,0,0,NA,0,0,0
2020-02-10,"La Rioja","ESRI",316798,0,0,1,0,0,0,0,NA,0,0,0,0,0,NA,0,0,0
2020-02-11,"La Rioja","ESRI",316798,0,0,1,0,0,0,0,NA,0,0,0,0,0,NA,0,0,0
2020-02-12,"La Rioja","ESRI",316798,0,0,1,0,0,0,0,NA,0,0,0,0,0,NA,0,0,0
2020-02-13,"La Rioja","ESRI",316798,0,0,1,0,0,0,0,NA,0,0,0,0,0,NA,0,0,0
2020-02-14,"La Rioja","ESRI",316798,0,0,1,0,0,0,0,NA,0,0,0,0,0,NA,0,0,0
2020-02-15,"La Rioja","ESRI",316798,0,0,1,0,0,0,0,NA,0,0,0,0,0,NA,0,0,0
2020-02-16,"La Rioja","ESRI",316798,0,0,1,0,0,0,0,NA,0,0,0,0,0,NA,0,0,0
2020-02-17,"La Rioja","ESRI",316798,0,0,1,0,0,0,0,NA,0,0,0,0,0,NA,0,0,0
2020-02-18,"La Rioja","ESRI",316798,0,0,1,0,0,0,0,NA,0,0,0,0,0,NA,0,0,0
2020-02-19,"La Rioja","ESRI",316798,0,0,1,0,0,0,0,NA,0,0,0,0,0,NA,0,0,0
2020-02-20,"La Rioja","ESRI",316798,0,0,1,0,0,0,0,NA,0,0,0,0,0,NA,0,0,0
2020-02-21,"La Rioja","ESRI",316798,0,0,1,0,0,0,0,NA,0,0,0,0,0,NA,0,0,0
2020-02-22,"La Rioja","ESRI",316798,0,0,1,0,0,0,0,NA,0,0,0,0,0,NA,0,0,0
2020-02-23,"La Rioja","ESRI",316798,3,0,4,0,0,0,0,NA,0,0,0,0,0,NA,0,0,0
2020-02-24,"La Rioja","ESRI",316798,2,0,6,0,0,0,0,NA,0,0,0,0,0,NA,0,0,0
2020-02-25,"La Rioja","ESRI",316798,2,0,8,0,0,0,0,NA,0,0,0,0,0,NA,0,0,0
2020-02-26,"La Rioja","ESRI",316798,3,0,11,0,0,0,0,NA,0,0,0,0,0,NA,0,0,0
2020-02-27,"La Rioja","ESRI",316798,8,0,19,0,0,0,0,NA,0,0,0,0,0,NA,0,0,0
2020-02-28,"La Rioja","ESRI",316798,11,0,30,0,0,0,0,NA,0,0,0,0,0,NA,0,0,0
2020-02-29,"La Rioja","ESRI",316798,14,0,44,0,0,0,0,NA,0,0,0,0,0,NA,0,0,0
2020-03-01,"La Rioja","ESRI",316798,23,0,67,0,0,0,0,NA,0,0,0,0,0,NA,0,0,0
2020-03-02,"La Rioja","ESRI",316798,30,0,97,0,0,0,0,NA,0,0,0,0,0,NA,0,0,0
2020-03-03,"La Rioja","ESRI",316798,29,0,126,0,0,0,0,NA,0,0,0,0,0,NA,0,0,0
2020-03-04,"La Rioja","ESRI",316798,25,0,151,0,0,0,0,NA,0,0,0,0,0,NA,0,0,0
2020-03-05,"La Rioja","ESRI",316798,27,0,178,0,0,0,0,NA,0,0,0,0,0,NA,0,0,0
2020-03-06,"La Rioja","ESRI",316798,45,0,223,0,0,0,0,NA,0,0,0,0,0,NA,0,0,0
2020-03-07,"La Rioja","ESRI",316798,39,0,262,0,0,0,0,NA,0,0,0,0,0,NA,0,0,0
2020-03-08,"La Rioja","ESRI",316798,41,0,303,0,0,0,0,NA,0,0,0,0,0,NA,0,0,0
2020-03-09,"La Rioja","ESRI",316798,61,1,364,1,1,326.771985404668,47.066931950092,2268.68261901018,326.771985404668,326.771985404668,326.771985404668,0.00103148373854844,0.000148570798900536,0.00716129085098448,0.00103148373854844,0.00103148373854844,0.00103148373854844
2020-03-10,"La Rioja","ESRI",316798,88,1,452,2,2,656.716752771485,250.877133149964,1719.07613880825,329.944767366816,656.716752771485,656.716752771485,0.00207298263490137,0.000791915141983107,0.00542641095842855,0.00104149889635293,0.00207298263490137,0.00207298263490137
2020-03-11,"La Rioja","ESRI",316798,69,0,521,2,2,617.677197629532,235.130826403673,1622.60783201803,0,656.716752771485,656.716752771485,0.0019497509379148,0.000742210577098572,0.00512190049185294,0,0.00207298263490137,0.00207298263490137
2020-03-12,"La Rioja","ESRI",316798,72,0,593,2,2,576.872785382772,218.959468026945,1519.83475989413,0,656.716752771485,656.716752771485,0.00182094831843248,0.000691164300364728,0.00479748849391135,0,0.00207298263490137,0.00207298263490137
2020-03-13,"La Rioja","ESRI",316798,108,1,701,3,3,847.190309122444,444.785177125531,1613.6585857231,71.5900338202938,728.306786591778,728.306786591778,0.0026742287171082,0.00140400247831593,0.00509365143000618,0.000225980068751361,0.00229896270365273,0.00229896270365273
2020-03-14,"La Rioja","ESRI",316798,137,0,838,3,3,846.352721219016,443.558479936257,1614.92331026514,118.045934627237,846.352721219016,846.352721219016,0.00267158479920648,0.00140013030365172,0.00509764364126395,0.000372622095553751,0.00267158479920648,0.00267158479920648
2020-03-15,"La Rioja","ESRI",316798,111,1,949,4,4,1073.01199881174,661.15723207131,1741.42351281093,226.659277592728,1073.01199881174,1073.01199881174,0.00338705420745,0.00208699938784749,0.00549695235705696,0.000715469408243512,0.00338705420745,0.00338705420745
2020-03-16,"La Rioja","ESRI",316798,156,2,1105,6,5,1579.96400240595,1144.8724938877,2180.40547067549,506.95200359421,1579.96400240595,1579.96400240595,0.00498729159403138,0.00361388801030216,0.00688263647711,0.00160023738658139,0.00498729159403138,0.00498729159403138
2020-03-17,"La Rioja","ESRI",316798,120,0,1225,6,4,1484.52790259661,1074.65562441038,2050.72494251079,0,1579.96400240595,1579.96400240595,0.00468603937713182,0.00339224245232098,0.00647328879131432,0,0.00498729159403138,0.00498729159403138
2020-03-18,"La Rioja","ESRI",316798,142,0,1367,6,4,1412.73341004348,1021.86137146852,1953.11785294799,0,1579.96400240595,1579.96400240595,0.00445941391689179,0.00322559287453999,0.0061651836594549,0,0.00498729159403138,0.00498729159403138
2020-03-19,"La Rioja","ESRI",316798,169,4,1536,10,8,2274.57698338786,1873.69568036089,2761.22772101459,431.946288810087,2011.91029121604,2011.91029121604,0.00717989691660887,0.0059144807743764,0.00871605161969013,0.00136347542853833,0.00635076702256971,0.00635076702256971
2020-03-20,"La Rioja","ESRI",316798,190,12,1726,22,19,4871.2288156556,4463.06099681389,5316.72549208113,2859.31852443956,4871.2288156556,4871.2288156556,0.0153764506583236,0.014088034005309,0.0167826990450733,0.00902568363575388,0.0153764506583236,0.0153764506583236
2020-03-21,"La Rioja","ESRI",316798,134,9,1860,31,28,6446.60899405897,6058.50849359915,6859.57072870147,1575.38017840337,6119.8370086543,6446.60899405897,0.0203492730195865,0.0191242005744959,0.0216528220781112,0.00497282236126291,0.0193177892810381,0.0203492730195865
2020-03-22,"La Rioja","ESRI",316798,108,0,1968,31,27,5982.1835443058,5619.94892230944,6367.7660513429,0,5789.89224128748,6446.60899405897,0.0188832743398184,0.0177398497538161,0.020100398523169,0,0.0182762903846851,0.0203492730195865
2020-03-23,"La Rioja","ESRI",316798,158,9,2126,40,34,7376.51330559118,7026.99307730545,7743.41855028962,465.478861779053,6255.37110306653,6912.08785583802,0.0232845955643381,0.0221813050502385,0.0244427633706324,0.00146932386498353,0.0197456142496687,0.02181859688457
2020-03-24,"La Rioja","ESRI",316798,119,6,2245,46,40,7996.48144895135,7664.48601518835,8342.8576210732,1084.39359311333,7339.76469617987,7996.48144895135,0.0252415780685211,0.0241936060681834,0.0263349441002569,0.00342298118395108,0.0231685954336197,0.0252415780685211
2020-03-25,"La Rioja","ESRI",316798,130,13,2375,59,53,9765.24070947828,9446.11926301679,10095.1431438519,1768.75926052692,9036.9339228865,9765.24070947828,0.03082481805276,0.0298174838951534,0.031866183321397,0.00558323998423893,0.0285258553491073,0.03082481805276
2020-03-26,"La Rioja","ESRI",316798,118,9,2493,68,58,10715.7172610693,10409.3957976434,11031.0529690084,950.47655159098,9869.36453985024,10715.7172610693,0.0338250786339221,0.0328581487182475,0.0348204627838825,0.00300026058116207,0.0311534938347156,0.0338250786339221
2020-03-27,"La Rioja","ESRI",316798,131,6,2624,74,52,11212.8539301499,10916.1851667074,11517.585249683,497.136669080626,10139.8419313381,10886.0819447452,0.0353943330770708,0.0344578727350153,0.0363562435674564,0.00156925444314871,0.0320072788696208,0.0343628493385224
2020-03-28,"La Rioja","ESRI",316798,103,6,2727,80,49,11583.2608702654,11297.7933903973,11875.9414119454,370.406940115554,10003.2968678595,10926.544117494,0.0365635542846402,0.0356624517528434,0.0374874254633723,0.00116922120756935,0.0315762626906088,0.0344905716497388
2020-03-29,"La Rioja","ESRI",316798,90,7,2817,87,56,12034.8995823946,11760.1936780688,12316.0223311991,451.638712129137,10454.9355799886,11378.1828296231,0.0379891905327514,0.0371220578351782,0.038876578549104,0.00142563624811122,0.03300189893872,0.03591620789785
2020-03-30,"La Rioja","ESRI",316798,114,10,2931,97,57,12986.8396103901,12718.7418435368,13260.5885975822,951.940027995477,11406.8756079841,12330.1228576186,0.0409940707024352,0.0401477971563483,0.0418581828091787,0.00300488016968376,0.0360067791084038,0.0389210880675338
2020-03-31,"La Rioja","ESRI",316798,107,13,3038,110,64,14275.6179958073,14013.2180672477,14542.9314083488,1288.77838541724,12263.7077045913,13547.3112092155,0.0450622099754648,0.0442339221435984,0.0459060076400381,0.00406813927302964,0.0387114429528951,0.0427632472718121
2020-04-01,"La Rioja","ESRI",316798,109,6,3147,116,57,14650.4486164767,14393.4059761431,14912.0816170807,374.830620669405,9779.2198008211,13804.0958952577,0.0462453949093009,0.0454340178162209,0.0470712618674383,0.00118318493383609,0.0308689442509773,0.0435738101100944
2020-04-02,"La Rioja","ESRI",316798,103,15,3250,131,63,16115.8202248648,15862.758355282,16372.9192428679,1465.37160838806,9669.2112308058,15042.808226053,0.0508709658042815,0.0500721543547688,0.0516825208583004,0.0046255708949806,0.030521692784695,0.0474839115968315
2020-04-03,"La Rioja","ESRI",316798,79,16,3329,147,73,17532.6571753033,17284.5199005687,17784.3567189043,1416.83695043852,11086.0481812443,15952.6931728973,0.0553433328976297,0.0545600663532241,0.0561378440485871,0.0044723670933482,0.0349940598780432,0.0503560413035983
2020-04-04,"La Rioja","ESRI",316798,56,11,3385,158,78,18196.9343544902,17955.1820855766,18441.9416257338,664.27717918692,11284.8464986522,16616.9703520843,0.0574401806655667,0.0566770689384927,0.0582135670860733,0.00209684776793704,0.0356215837809967,0.0524528890715353
2020-04-05,"La Rioja","ESRI",316798,38,11,3423,169,82,18756.883175054,18521.8407825984,18994.9082584256,559.94882056375,10760.4017261026,17176.919172648,0.0592077070406188,0.0584657756128459,0.0599590535875404,0.00176752637505208,0.0339661289720977,0.0542204154465874
2020-04-06,"La Rioja","ESRI",316798,42,14,3465,183,86,19666.8460008752,19436.9022873335,19899.5100095861,909.962825821221,9901.6052913969,17654.9357096591,0.0620800825790415,0.0613542455676284,0.0628145064349714,0.00287237553842266,0.0312552645262814,0.0557293155564718
2020-04-07,"La Rioja","ESRI",316798,50,15,3515,198,88,20726.9925924486,20500.5957603977,20955.8896213797,1060.14659157342,10011.2753313793,15855.763776793,0.0654265260274642,0.0647118850510349,0.066149059089324,0.0033464434484227,0.0316014473935421,0.0500500753691406
2020-04-08,"La Rioja","ESRI",316798,47,15,3562,213,97,21772.4661234772,21549.0345665524,21998.2143345646,1045.47353102857,10559.6121933273,15325.8571294182,0.0687266527044904,0.0680213718727783,0.0694392462533367,0.00330012667702627,0.0333323196274196,0.0483773796849039
2020-04-09,"La Rioja","ESRI",316798,47,7,3609,220,89,22022.3289259852,21802.1459080601,22244.7356039843,249.862802508058,10439.0680557198,15575.7199319263,0.0695153660249914,0.0688203394846561,0.070217411738661,0.000788713320500944,0.0329518117403512,0.0491660930054049
2020-04-10,"La Rioja","ESRI",316798,40,9,3649,229,82,22461.6551818909,22244.3534473601,22681.0797042986,439.326255905667,10426.7555994963,15549.5673260529,0.0709021369512778,0.0702162054285701,0.0715947692355969,0.00138677092628636,0.0329129464185264,0.0490835400667077
2020-04-11,"La Rioja","ESRI",316798,26,4,3675,233,75,22358.7730010403,22145.2619840761,22574.3425601162,0,9474.81557150084,14465.1737329395,0.0705773805423025,0.06990341474402,0.0712578443049393,0,0.0299080662488426,0.0456605588827566
2020-04-12,"La Rioja","ESRI",316798,22,5,3697,238,69,22367.6012269467,22157.5041854288,22579.6904046947,0,8186.03718608359,12696.4144724126,0.0706052475929353,0.0699420583003327,0.071274725234044,0,0.025839926975813,0.0400773188985177
2020-04-13,"La Rioja","ESRI",316798,29,12,3726,250,67,23102.8130092882,22894.4761512292,23313.0457065941,444.221691602579,8255.42825701677,12190.1596124242,0.0729260065066326,0.0722683733837625,0.0735896240083401,0.00140222378803711,0.026058965830014,0.0384792821053927
2020-04-14,"La Rioja","ESRI",316798,25,11,3751,261,63,23737.1743849034,23530.5369994548,23945.6263914576,831.297511409932,7621.35416003863,12524.3204547535,0.0749284224802663,0.0742761538881393,0.0755864190792165,0.00262406174095143,0.0240574566759848,0.0395340894031955
2020-04-15,"La Rioja","ESRI",316798,14,8,3765,269,56,24048.8955493822,23844.5465590906,24254.9958210299,311.721164478808,6516.23837407892,12465.6346791168,0.0759123970144452,0.0752673519374827,0.0765629701608907,0.000983974534178902,0.0205690641168155,0.039348842729805
2020-04-16,"La Rioja","ESRI",316798,30,8,3795,277,57,24486.380008697,24283.1273561954,24691.333909977,437.484459314801,6289.4456542068,12451.4804263024,0.0772933541521632,0.0766517697592642,0.0779403086824316,0.00138095713771804,0.0198531734865965,0.0393041636194118
2020-04-17,"La Rioja","ESRI",316798,23,8,3818,285,56,24901.3389667912,24699.2768781883,25105.0541032891,414.958958094237,6144.45579173729,11914.4993564012,0.0786032076174447,0.0779653813413858,0.0792462518806593,0.00130985346528146,0.0193955005768259,0.0376091369150095
2020-04-18,"La Rioja","ESRI",316798,17,5,3835,290,57,25036.1979374792,24835.7330692975,25238.2808840668,134.858970687943,5369.35193660401,10760.5799416719,0.0790289015002594,0.0783961169871575,0.0796667936163321,0.000425693882814737,0.016948818921218,0.0339666915247946
2020-04-19,"La Rioja","ESRI",316798,14,8,3849,298,60,25429.193778212,25229.9245559472,25630.0368546852,392.995840732765,4702.20118576336,10778.7451617353,0.0802694265058869,0.0796404161514505,0.0809034048658299,0.00124052500562745,0.0148429004784227,0.034024031596586
2020-04-20,"La Rioja","ESRI",316798,11,3,3860,301,51,25395.760242756,25198.1951520646,25594.8743318904,0,3656.72765473479,9313.37355334719,0.0801638906898275,0.0795402595725498,0.0807924113532611,0,0.0115427738013964,0.0293984607016054
2020-04-21,"La Rioja","ESRI",316798,14,5,3874,306,45,25573.207983445,25376.7658491796,25771.1707808376,110.580669777039,3517.44552200377,8007.1172726857,0.0807240196700894,0.0801039332608778,0.0813489061826072,0.000349057348143102,0.0111031178290386,0.0252751509564003
2020-04-22,"La Rioja","ESRI",316798,22,5,3896,311,42,25823.2226576965,25627.3186273196,26020.6242458038,283.448209707512,3361.56747580562,7626.2883032063,0.0815132123867465,0.0808948245485122,0.0821363273941243,0.000894728532716471,0.0106110754354687,0.0240730317211797
2020-04-23,"La Rioja","ESRI",316798,13,2,3909,313,36,25783.3184282664,25588.5802777344,25979.5386050328,0,3361.56747580562,7066.33948264255,0.0813872512713666,0.080772543632644,0.0820066370527365,0,0.0106110754354687,0.0223055053461276
2020-04-24,"La Rioja","ESRI",316798,5,5,3914,318,33,25953.0054128124,25759.3696725062,26148.0967322109,89.8785256858137,3451.44600149143,6246.25518250714,0.0819228827606628,0.0813116549741672,0.0825387052071379,0.000283709258536398,0.0108947846940051,0.0197168390662414
2020-04-25,"La Rioja","ESRI",316798,5,3,3919,321,31,25973.9004094114,25781.44882495,26167.7885932127,60.7992260291176,3068.02353591797,5246.90781696284,0.0819888396057154,0.0813813497084893,0.0826008642517083,0.000191917960432571,0.00968447886640057,0.0165623135782513
2020-04-26,"La Rioja","ESRI",316798,2,5,3921,326,28,26152.005498432,25960.5343684523,26344.8888178949,178.105089020522,2414.83111352856,4379.53937495479,0.0825510435622446,0.0819466485535019,0.0831598962679529,0.000562203956529152,0.00762262108197829,0.0138243908577541
2020-04-27,"La Rioja","ESRI",316798,4,4,3925,330,29,26278.1418913603,26087.5271102191,26470.1494451716,126.136392928369,2229.24634197812,4255.81296537511,0.0829492038818437,0.0823475120114998,0.0835552921583206,0.000398160319599142,0.00703680686739853,0.0134338378568523
2020-04-28,"La Rioja","ESRI",316798,9,1,3934,331,25,26215.6339002036,26025.8324003028,26406.819586739,0,1791.76188266332,3816.48670946944,0.082751892058042,0.0821527673795378,0.0833553860401235,0,0.00565584972968049,0.012047066930566
2020-04-29,"La Rioja","ESRI",316798,5,2,3939,333,22,26221.4962166226,26032.4764017627,26411.8884898632,0,1376.80292456908,3816.48670946944,0.082770396961542,0.0821737397387695,0.0833713864666546,0,0.00434599626439902,0.012047066930566
2020-04-30,"La Rioja","ESRI",316798,2,1,3941,334,21,26142.226098527,25954.1427829271,26331.6724078463,0,1241.94395388114,3816.48670946944,0.0825201740494794,0.0819264729667709,0.0831181775385146,0,0.00392030238158429,0.012047066930566
2020-05-01,"La Rioja","ESRI",316798,1,0,3942,334,16,25991.4911334361,25804.409233807,26179.9293763495,0,848.948113148374,3372.26501786686,0.0820443662315927,0.0814538262041017,0.0826391876727426,0,0.00267977737595684,0.0106448431425289
2020-05-02,"La Rioja","ESRI",316798,1,1,3943,335,14,25931.5035431597,25745.2299221767,26119.1249035871,0,848.948113148374,2540.96750645693,0.081855010268877,0.0812670216421087,0.0824472531505475,0,0.00267977737595684,0.00802078140157743
2020-05-03,"La Rioja","ESRI",316798,2,1,3945,336,10,25889.9746762926,25704.3770517811,26076.912402459,0,738.367443371335,2229.24634197812,0.0817239208463835,0.0811380660603321,0.0823140057780004,0,0.00233072002781373,0.00703680686739853
2020-05-04,"La Rioja","ESRI",316798,3,1,3948,337,7,25865.9249554517,25680.8823746704,26052.3008532197,0,454.919233663823,1791.76188266332,0.0816480058442658,0.0810639031012519,0.0822363173164594,0,0.00143599149509726,0.00565584972968049
2020-05-05,"La Rioja","ESRI",316798,0,1,3948,338,7,25831.8736492386,25647.4583303155,26017.6149868813,0,454.919233663823,1376.80292456908,0.08154051998194,0.0809583972446653,0.0821268284107894,0,0.00143599149509726,0.00434599626439902
2020-05-06,"La Rioja","ESRI",316798,0,2,3948,340,7,25882.6224232806,25698.6676785326,26067.8939424442,0,365.040707978009,1241.94395388114,0.0817007128305121,0.0811200439350393,0.0822855382371235,0,0.00115228223656087,0.00392030238158429
2020-05-07,"La Rioja","ESRI",316798,2,4,3950,344,10,26105.9568182697,25922.1021381139,26291.1155031406,0,304.241481948891,848.948113148374,0.0824056869622588,0.0818253339292353,0.0829901561977683,0,0.000960364276128294,0.00267977737595684
2020-05-08,"La Rioja","ESRI",316798,1,2,3951,346,12,26177.5347819201,25993.9892577398,26362.376334929,0,126.136392928369,848.948113148374,0.082631628930486,0.0820522517747579,0.0832150971121314,0,0.000398160319599142,0.00267977737595684
2020-05-09,"La Rioja","ESRI",316798,0,2,3951,348,13,26248.6828340617,26065.4443440485,26433.2094795261,0,1.13686837721616e-13,738.367443371335,0.0828562138462417,0.0822778058701397,0.0834386879952719,0,3.58862233100007e-19,0.00233072002781373
2020-05-10,"La Rioja","ESRI",316798,1,1,3952,349,13,26256.9169143531,26074.0063516944,26441.1106044867,0,1.13686837721616e-13,454.919233663823,0.0828822054253911,0.082304832580049,0.0834636285724239,0,3.58862233100007e-19,0.00143599149509726
2020-05-11,"La Rioja","ESRI",316798,4,1,3956,350,13,26290.7125114583,26107.9502105317,26474.7541950394,0,1.13686837721616e-13,454.919233663823,0.0829888841200334,0.0824119792755373,0.0835698274453733,0,3.58862233100007e-19,0.00143599149509726
2020-05-12,"La Rioja","ESRI",316798,3,0,3959,350,12,26247.5723403435,26065.0784317302,26431.3439748907,0,1.13686837721616e-13,365.040707978009,0.0828527084777792,0.0822766508365905,0.0834327993702318,0,3.58862233100007e-19,0.00115228223656087
2020-05-13,"La Rioja","ESRI",316798,5,0,3964,350,10,26221.4858865965,26039.1420302101,26405.1066392002,0,1.13686837721616e-13,304.241481948892,0.0827703643539306,0.0821947803654384,0.0833499789746154,0,3.58862233100007e-19,0.000960364276128295
2020-05-14,"La Rioja","ESRI",316798,5,0,3969,350,6,26198.2813761456,26016.0711900657,26381.767717709,0,1.13686837721616e-13,126.136392928369,0.0826971173307456,0.082121955284016,0.0832763076714785,0,3.58862233100007e-19,0.000398160319599142
2020-05-15,"La Rioja","ESRI",316798,3,1,3972,351,5,26238.6732832714,26056.5702628211,26422.0489773592,0,1.13686837721616e-13,2.27373675443232e-13,0.0828246178425097,0.0822497940732616,0.0834034589150157,0,3.58862233100007e-19,7.17724466200014e-19
2020-05-16,"La Rioja","ESRI",316798,2,2,3974,353,5,26348.6200587596,26166.5541930919,26531.9527316346,0,1.13686837721616e-13,2.27373675443232e-13,0.0831716742490786,0.0825969677620814,0.0837503795214446,0,3.58862233100007e-19,7.17724466200014e-19
2020-05-17,"La Rioja","ESRI",316798,0,1,3974,354,5,26372.2732039382,26190.430587573,26555.3783706466,0,1.13686837721616e-13,2.27373675443232e-13,0.0832463374261775,0.0826723356447105,0.0838243245558575,0,3.58862233100007e-19,7.17724466200014e-19
2020-05-18,"La Rioja","ESRI",316798,5,1,3979,355,5,26431.3526260976,26249.4845428882,26614.4807721337,0,1.13686837721616e-13,2.27373675443232e-13,0.083432826678507,0.0828587445087663,0.0840108863444016,0,3.58862233100007e-19,7.17724466200014e-19
2020-05-19,"La Rioja","ESRI",316798,5,3,3984,358,8,26641.5768333538,26459.4656910968,26824.9413821807,0,1.13686837721616e-13,2.27373675443232e-13,0.0840964173806456,0.0835215679742194,0.0846752232721819,0,3.58862233100007e-19,7.17724466200014e-19
2020-05-20,"La Rioja","ESRI",316798,4,0,3988,358,8,26623.3174097972,26441.3070150468,26806.5806845122,0,1.13686837721616e-13,2.27373675443232e-13,0.0840387799474657,0.0834642485591665,0.0846172661586003,0,3.58862233100007e-19,7.17724466200014e-19
2020-05-21,"La Rioja","ESRI",316798,4,3,3992,361,11,26829.0408167612,26646.815609519,27012.5121776393,0,1.13686837721616e-13,2.27373675443232e-13,0.0846881634882834,0.0841129540259691,0.0852673065412006,0,3.58862233100007e-19,7.17724466200014e-19
2020-05-22,"La Rioja","ESRI",316798,2,1,3994,362,11,26873.3547410418,26691.2047360066,27056.7478006585,0,1.13686837721616e-13,2.27373675443232e-13,0.0848280441828604,0.0842530721027489,0.0854069400711447,0,3.58862233100007e-19,7.17724466200014e-19
2020-05-23,"La Rioja","ESRI",316798,2,1,3996,363,10,26918.5753713382,26736.4969943453,27101.8937213678,0,1.13686837721616e-13,2.27373675443232e-13,0.0849707869725762,0.0843960409925105,0.0855494470336547,0,3.58862233100007e-19,7.17724466200014e-19
2020-05-24,"La Rioja","ESRI",316798,0,0,3996,363,9,26877.5722390109,26695.7506528288,27060.6321904157,364.415576002033,364.415576002033,364.415576002033,0.0848413570761524,0.0842674216782582,0.0854192014798569,0.00115030895397709,0.00115030895397709,0.00115030895397709
2020-05-25,"La Rioja","ESRI",316798,4,0,4000,363,8,26865.3709033108,26683.6147826081,27048.365060452,222.813435948447,587.22901195048,587.22901195048,0.0848028425157697,0.0842291137652641,0.0853804792342503,0.000703329679948884,0.00185363863392597,0.00185363863392597
2020-05-26,"La Rioja","ESRI",316798,0,0,4000,363,5,26828.2661771624,26646.7406830069,27011.0282767781,0,587.22901195048,587.22901195048,0.0846857182720925,0.0841127175140213,0.0852626224811335,0,0.00185363863392597,0.00185363863392597
2020-05-27,"La Rioja","ESRI",316798,1,0,4001,363,5,26799.6324712329,26618.2837814933,26982.216678166,0,587.22901195048,587.22901195048,0.0845953335287247,0.0840228908689237,0.0851716762042878,0,0.00185363863392597,0.00185363863392597
2020-05-28,"La Rioja","ESRI",316798,1,0,4002,363,2,26772.9971511548,26591.8118210558,26955.4170012655,0,587.22901195048,587.22901195048,0.0845112568613273,0.0839393298602133,0.0850870807305143,0,0.00185363863392597,0.00185363863392597
2020-05-29,"La Rioja","ESRI",316798,2,0,4004,363,1,26755.0393154231,26573.9586913511,26937.353861501,0,587.22901195048,587.22901195048,0.0844545714159277,0.0838829749283489,0.0850300628839229,0,0.00185363863392597,0.00185363863392597
2020-05-30,"La Rioja","ESRI",316798,1,1,4005,364,1,26805.8195228123,26624.7767000932,26988.0933982469,0,587.22901195048,587.22901195048,0.0846148634865507,0.0840433863221776,0.0851902265741795,0,0.00185363863392597,0.00185363863392597
2020-05-31,"La Rioja","ESRI",316798,0,0,4005,364,1,26777.7507774158,26596.884115149,26959.8473863703,0,587.22901195048,587.22901195048,0.0845262620894571,0.0839553409906281,0.08510106562027,0,0.00185363863392597,0.00185363863392597
2020-06-01,"La Rioja","ESRI",316798,3,0,4008,364,1,26771.3226464597,26590.4860205179,26953.3891064579,0,587.22901195048,587.22901195048,0.0845059711439457,0.0839351448573472,0.0850806795069977,0,0.00185363863392597,0.00185363863392597
2020-06-02,"La Rioja","ESRI",316798,1,0,4009,364,1,26752.9531233919,26572.2272357115,26934.9081834029,0,587.22901195048,587.22901195048,0.0844479861722358,0.0838775094404369,0.085022342891694,0,0.00185363863392597,0.00185363863392597
2020-06-03,"La Rioja","ESRI",316798,2,1,4011,365,2,26815.7608936005,26634.9936283328,26997.7549961878,0,587.22901195048,587.22901195048,0.0846462442742709,0.0840756369305766,0.085220724234963,0,0.00185363863392597,0.00185363863392597
2020-06-04,"La Rioja","ESRI",316798,2,0,4013,365,2,26805.9941951487,26625.2794432602,26987.9355190107,0,587.22901195048,587.22901195048,0.08461541485473,0.0840449732740112,0.0851897282148585,0,0.00185363863392597,0.00185363863392597
2020-06-05,"La Rioja","ESRI",316798,2,1,4015,366,3,26870.3686494921,26689.6014926882,27052.3601319941,0,222.813435948447,587.22901195048,0.0848186183293205,0.0842480113280013,0.085393090019489,0,0.000703329679948884,0.00185363863392597
2020-06-06,"La Rioja","ESRI",316798,2,0,4017,366,2,26861.8771103751,26681.1570976563,27043.8211975551,0,1.13686837721616e-13,587.22901195048,0.0847918140593537,0.084221355872374,0.0853661361421317,0,3.58862233100007e-19,0.00185363863392597
2020-06-07,"La Rioja","ESRI",316798,1,0,4018,366,2,26847.1814493855,26666.5503442384,27029.0360947253,0,1.13686837721616e-13,587.22901195048,0.084745425947719,0.0841752484050984,0.0853194656996739,0,3.58862233100007e-19,0.00185363863392597
2020-06-08,"La Rioja","ESRI",316798,0,0,4018,366,2,26826.33995229,26645.8391328726,27008.0634971636,0,1.13686837721616e-13,587.22901195048,0.0846796379784278,0.0841098716938636,0.0852532639005409,0,3.58862233100007e-19,0.00185363863392597
2020-06-09,"La Rioja","ESRI",316798,1,0,4019,366,2,26812.9878309443,26632.5669327156,26994.6309808846,0,1.13686837721616e-13,587.22901195048,0.0846374908646655,0.0840679768581734,0.085210863013291,0,3.58862233100007e-19,0.00185363863392597
2020-06-10,"La Rioja","ESRI",316798,0,0,4019,366,1,26793.9846831311,26613.6817579908,26975.5091282818,0,1.13686837721616e-13,587.22901195048,0.0845775058022182,0.0840083641878761,0.0851505032490159,0,3.58862233100007e-19,0.00185363863392597
2020-06-11,"La Rioja","ESRI",316798,1,0,4020,366,1,26782.7114210428,26602.4744788961,26964.1695035514,0,1.13686837721616e-13,222.813435948447,0.0845419207856198,0.0839729874522442,0.0851147087530586,0,3.58862233100007e-19,0.000703329679948885
2020-06-12,"La Rioja","ESRI",316798,0,0,4020,366,0,26765.8458726123,26585.7158563438,26947.1963496326,0,1.13686837721616e-13,2.27373675443232e-13,0.0844886832385694,0.0839200874258794,0.0850611315400749,0,3.58862233100007e-19,7.17724466200014e-19
2020-06-13,"La Rioja","ESRI",316798,2,0,4022,366,0,26763.2903962792,26583.1677325005,26944.6335381564,0,1.13686837721616e-13,2.27373675443232e-13,0.0844806166588148,0.0839120440548883,0.0850530418063133,0,3.58862233100007e-19,7.17724466200014e-19
2020-06-14,"La Rioja","ESRI",316798,1,0,4023,366,0,26754.9178441825,26574.8449761028,26936.2108976612,0,1.13686837721616e-13,2.27373675443232e-13,0.0844541879815608,0.0838857725620199,0.0850264550207425,0,3.58862233100007e-19,7.17724466200014e-19
2020-06-15,"La Rioja","ESRI",316798,0,0,4023,366,0,26740.4321659991,26560.4502499274,26921.6336958126,0,1.13686837721616e-13,2.27373675443232e-13,0.0844084626986254,0.0838403343768819,0.0849804408355249,0,3.58862233100007e-19,7.17724466200014e-19
2020-06-16,"La Rioja","ESRI",316798,1,0,4024,366,0,26733.1572361677,26553.2177505769,26914.3160925624,0,1.13686837721616e-13,2.27373675443232e-13,0.0843854987599912,0.0838175043736921,0.0849573421945921,0,3.58862233100007e-19,7.17724466200014e-19
2020-06-17,"La Rioja","ESRI",316798,0,0,4024,366,0,26719.8836980619,26540.0270308373,26900.9592193859,0,1.13686837721616e-13,2.27373675443232e-13,0.084343599700951,0.0837758667379127,0.0849151800812691,0,3.58862233100007e-19,7.17724466200014e-19
2020-06-18,"La Rioja","ESRI",316798,1,0,4025,366,0,26713.8902097222,26534.067368688,26894.9317200885,0,1.13686837721616e-13,2.27373675443232e-13,0.0843246807420572,0.0837570545542837,0.0848961537638765,0,3.58862233100007e-19,7.17724466200014e-19
2020-06-19,"La Rioja","ESRI",316798,0,0,4025,366,0,26701.9026413269,26522.1539861548,26882.8695074729,0,1.13686837721616e-13,2.27373675443232e-13,0.0842868409564673,0.0837194489427167,0.0848580783574167,0,3.58862233100007e-19,7.17724466200014e-19
2020-06-20,"La Rioja","ESRI",316798,1,0,4026,366,0,26697.1378402417,26517.4147601667,26878.0790023131,0,1.13686837721616e-13,2.27373675443232e-13,0.0842718004540485,0.0837044891702811,0.0848429567178867,0,3.58862233100007e-19,7.17724466200014e-19
2020-06-21,"La Rioja","ESRI",316798,0,0,4026,366,0,26686.3095708125,26506.6561395611,26867.1806341632,0,1.13686837721616e-13,2.27373675443232e-13,0.0842376200948633,0.0836705286635683,0.0848085550860902,0,3.58862233100007e-19,7.17724466200014e-19
2020-06-22,"La Rioja","ESRI",316798,0,1,4026,367,1,26748.8739032421,26569.1804726384,26929.782641523,0,1.13686837721616e-13,2.27373675443232e-13,0.0844351097647148,0.0838678920720407,0.0850061636800832,0,3.58862233100007e-19,7.17724466200014e-19
2020-06-23,"La Rioja","ESRI",316798,1,0,4027,367,1,26745.7568563759,26566.081116794,26926.6478061069,0,1.13686837721616e-13,2.27373675443232e-13,0.0844252705395107,0.0838581086900613,0.0849962683037989,0,3.58862233100007e-19,7.17724466200014e-19
2020-06-24,"La Rioja","ESRI",316798,1,1,4028,368,2,26816.0409072673,26636.2730519161,26997.0220135022,0,1.13686837721616e-13,2.27373675443232e-13,0.0846471281613751,0.0840796755406161,0.0852184105123838,0,3.58862233100007e-19,7.17724466200014e-19
2020-06-25,"La Rioja","ESRI",316798,0,0,4028,368,2,26807.1165356427,26627.4052557061,26988.0407067276,0,1.13686837721616e-13,2.27373675443232e-13,0.084618957618554,0.0840516835829333,0.0851900602488891,0,3.58862233100007e-19,7.17724466200014e-19
2020-06-26,"La Rioja","ESRI",316798,0,1,4028,369,3,26871.2924954201,26691.5329896346,27052.2626278089,0,1.13686837721616e-13,2.27373675443232e-13,0.0848215345280592,0.084254108263419,0.0853927822391837,0,3.58862233100007e-19,7.17724466200014e-19
2020-06-27,"La Rioja","ESRI",316798,0,0,4028,369,3,26863.0286487092,26683.3211702956,27043.9464254059,0,1.13686837721616e-13,2.27373675443232e-13,0.0847954489886592,0.0842281869528708,0.0853665314345607,0,3.58862233100007e-19,7.17724466200014e-19
2020-06-28,"La Rioja","ESRI",316798,2,0,4030,369,3,26868.5894361759,26688.8382511791,27049.5512579267,0,1.13686837721616e-13,2.27373675443232e-13,0.084813002090215,0.0842456020908564,0.0853842235680992,0,3.58862233100007e-19,7.17724466200014e-19
2020-06-29,"La Rioja","ESRI",316798,1,0,4031,369,2,26867.7887904082,26688.0397111737,27048.7485142549,0,1.13686837721616e-13,2.27373675443232e-13,0.0848104747833264,0.0842430814309867,0.0853816896389969,0,3.58862233100007e-19,7.17724466200014e-19
2020-06-30,"La Rioja","ESRI",316798,0,0,4031,369,2,26860.3040585858,26680.6018051603,27041.2166632665,0,1.13686837721616e-13,2.27373675443232e-13,0.0847868485867518,0.0842196030440859,0.0853579147067423,0,3.58862233100007e-19,7.17724466200014e-19
2020-07-01,"La Rioja","ESRI",316798,0,0,4031,369,1,26852.8375878646,26673.1820415031,27033.703192902,0,1.13686837721616e-13,2.27373675443232e-13,0.0847632800329063,0.0841961819250849,0.0853341977944998,0,3.58862233100007e-19,7.17724466200014e-19
2020-07-02,"La Rioja","ESRI",316798,0,0,4031,369,1,26845.6021743218,26665.9917925585,27026.4223325481,0,1.13686837721616e-13,2.27373675443232e-13,0.0847404408308189,0.0841734852889176,0.0853112151356642,0,3.58862233100007e-19,7.17724466200014e-19
2020-07-03,"La Rioja","ESRI",316798,0,0,4031,369,0,26838.7389709659,26659.1712668486,27019.5161860631,0,1.13686837721616e-13,2.27373675443232e-13,0.0847187765420423,0.084151955715783,0.085289415293225,0,3.58862233100007e-19,7.17724466200014e-19
2020-07-04,"La Rioja","ESRI",316798,0,1,4031,370,1,26905.0264513972,26725.3956584073,27085.8646061864,0,1.13686837721616e-13,2.27373675443232e-13,0.0849280186472047,0.0843609986755196,0.0854988497597409,0,3.58862233100007e-19,7.17724466200014e-19
2020-07-05,"La Rioja","ESRI",316798,1,0,4032,370,1,26905.7021980412,26726.0636479614,27086.5481840196,0,1.13686837721616e-13,2.27373675443232e-13,0.0849301516993202,0.0843631072417168,0.0855010075316751,0,3.58862233100007e-19,7.17724466200014e-19
2020-07-06,"La Rioja","ESRI",316798,0,0,4032,370,1,26900.0360069462,26720.4320445605,27080.8471946959,0,1.13686837721616e-13,2.27373675443232e-13,0.0849122658821904,0.084345330603604,0.0854830118709585,0,3.58862233100007e-19,7.17724466200014e-19
2020-07-07,"La Rioja","ESRI",316798,3,0,4035,370,1,26914.5789616481,26734.8746567279,27095.4911883416,0,1.13686837721616e-13,2.27373675443232e-13,0.0849581719633586,0.0843909199449741,0.0855292368902002,0,3.58862233100007e-19,7.17724466200014e-19
2020-07-08,"La Rioja","ESRI",316798,5,0,4040,370,1,26942.3932215577,26762.503205308,27123.4924078801,0,1.13686837721616e-13,2.27373675443232e-13,0.085045970055233,0.0844781318231427,0.085617625136144,0,3.58862233100007e-19,7.17724466200014e-19
2020-07-09,"La Rioja","ESRI",316798,1,0,4041,370,1,26942.66876333,26762.7736622397,27123.7730906315,0,1.13686837721616e-13,2.27373675443232e-13,0.0850468398264195,0.0844789855435947,0.0856185111352709,0,3.58862233100007e-19,7.17724466200014e-19
2020-07-10,"La Rioja","ESRI",316798,10,0,4051,370,1,27001.69823797,26821.4057488989,27183.2026464281,0,1.13686837721616e-13,2.27373675443232e-13,0.0852331714151287,0.0846640627431324,0.0858061056143918,0,3.58862233100007e-19,7.17724466200014e-19
2020-07-11,"La Rioja","ESRI",316798,3,0,4054,370,0,27012.3251685675,26831.9552237564,27193.9075974007,0,1.13686837721616e-13,2.27373675443232e-13,0.0852667162310605,0.0846973630633919,0.0858398967083148,0,3.58862233100007e-19,7.17724466200014e-19
2020-07-12,"La Rioja","ESRI",316798,2,0,4056,370,0,27013.7740865937,26833.387974125,27195.3728357076,0,1.13686837721616e-13,2.27373675443232e-13,0.0852712898648152,0.0847018856625514,0.0858445218584323,0,3.58862233100007e-19,7.17724466200014e-19
2020-07-13,"La Rioja","ESRI",316798,4,0,4060,370,0,27026.7130129501,26846.2340105914,27208.4053203213,0,1.13686837721616e-13,2.27373675443232e-13,0.0853121326932306,0.0847424352760793,0.0858856600114941,0,3.58862233100007e-19,7.17724466200014e-19
2020-07-14,"La Rioja","ESRI",316798,6,0,4066,370,0,27051.7339278523,26871.0813518265,27233.6010196916,0,1.13686837721616e-13,2.27373675443232e-13,0.0853911133525222,0.0848208680352353,0.0859651923929178,0,3.58862233100007e-19,7.17724466200014e-19
2020-07-15,"La Rioja","ESRI",316798,2,0,4068,370,0,27048.8211490085,26868.1815427902,27230.6752277167,0,1.13686837721616e-13,2.27373675443232e-13,0.085381918916813,0.0848117145398335,0.0859559568801466,0,3.58862233100007e-19,7.17724466200014e-19
2020-07-16,"La Rioja","ESRI",316798,9,0,4077,370,0,27091.1552423027,26910.2231912292,27273.3037978575,0,1.13686837721616e-13,2.27373675443232e-13,0.0855155501054384,0.0849444226012449,0.0860905176101411,0,3.58862233100007e-19,7.17724466200014e-19
2020-07-17,"La Rioja","ESRI",316798,11,0,4088,370,0,27145.3757940329,26964.0718925574,27327.8987660116,0,1.13686837721616e-13,2.27373675443232e-13,0.0856867019174141,0.085114400635602,0.086262851299603,0,3.58862233100007e-19,7.17724466200014e-19
2020-07-18,"La Rioja","ESRI",316798,7,0,4095,370,0,27170.4360546624,26988.955050346,27353.137386141,0,1.13686837721616e-13,2.27373675443232e-13,0.085765806774861,0.0851929464527744,0.0863425191640762,0,3.58862233100007e-19,7.17724466200014e-19
2020-07-19,"La Rioja","ESRI",316798,0,0,4095,370,0,27145.8772680865,26964.54736756,27328.4265672692,0,1.13686837721616e-13,2.27373675443232e-13,0.0856882848631825,0.0851159015131408,0.0862645173494441,0,3.58862233100007e-19,7.17724466200014e-19
2020-07-20,"La Rioja","ESRI",316798,5,0,4100,370,0,27152.430251912,26971.0436679189,27335.0367031546,0,1.13686837721616e-13,2.27373675443232e-13,0.0857089699174617,0.0851364076412063,0.0862853828090915,0,3.58862233100007e-19,7.17724466200014e-19
2020-07-21,"La Rioja","ESRI",316798,17,0,4117,370,0,27237.7587661151,27055.7892357687,27420.9521716804,226.088285106762,226.088285106762,226.088285106762,0.0859783166753422,0.0854039142790318,0.086556582338526,0.00071366702159345,0.00071366702159345,0.000713667021593451
2020-07-22,"La Rioja","ESRI",316798,9,0,4126,370,0,27268.3983952277,27086.2112535414,27451.8109631756,176.939206810162,403.027491916924,403.027491916924,0.0860750332869138,0.0854999439817846,0.0866539907549151,0.000558523749550699,0.00127219077114415,0.00127219077114415
2020-07-23,"La Rioja","ESRI",316798,5,0,4131,370,0,27269.1729349221,27086.9645103382,27452.6070380045,0.774539694386476,403.802031611311,403.802031611311,0.0860774781877478,0.0855023217013308,0.0866565036332442,2.44490083392722e-06,0.00127463567197808,0.00127463567197808
2020-07-24,"La Rioja","ESRI",316798,11,0,4142,370,0,27306.67299884,27124.1979141089,27490.3756648125,37.500063917887,441.302095529198,441.302095529198,0.086195850348929,0.0856198521269356,0.0867757235361729,0.000118372161181216,0.00139300783315929,0.00139300783315929
2020-07-25,"La Rioja","ESRI",316798,2,0,4144,370,0,27282.6836814078,27100.3528668912,27466.2412152253,0,441.302095529198,441.302095529198,0.0861201260153404,0.0855445831946262,0.0866995410805159,0,0.00139300783315929,0.00139300783315929
2020-07-26,"La Rioja","ESRI",316798,1,0,4145,370,0,27250.632111661,27068.4963287789,27433.9934315291,0,441.302095529198,441.302095529198,0.086018952492317,0.0854440253056489,0.0865977481913685,0,0.00139300783315929,0.00139300783315929
2020-07-27,"La Rioja","ESRI",316798,8,0,4153,370,0,27264.8363439071,27082.5865004357,27448.312621399,0,441.302095529198,441.302095529198,0.0860637893670639,0.0854885021383837,0.0866429479396933,0,0.00139300783315929,0.00139300783315929
2020-07-28,"La Rioja","ESRI",316798,9,0,4162,370,0,27286.3826257745,27103.9696753998,27470.0232370735,0,441.302095529198,441.302095529198,0.0861318020498061,0.0855559999602264,0.0867114793561622,0,0.00139300783315929,0.00139300783315929
2020-07-29,"La Rioja","ESRI",316798,4,0,4166,370,0,27275.0482320496,27092.6952009181,27458.6286282593,0,441.302095529198,441.302095529198,0.0860960240659651,0.0855204111166045,0.0866755112982382,0,0.00139300783315929,0.00139300783315929
2020-07-30,"La Rioja","ESRI",316798,1,0,4167,370,0,27243.6879309385,27061.52561535,27427.0764563753,0,441.302095529198,441.302095529198,0.085997032591552,0.0854220216521255,0.0865759141673094,0,0.00139300783315929,0.00139300783315929
2020-07-31,"La Rioja","ESRI",316798,7,0,4174,370,0,27252.0378734683,27069.8008260796,27435.5017618542,0,441.302095529198,441.302095529198,0.0860233898997731,0.0854481430630232,0.0866025093651293,0,0.00139300783315929,0.00139300783315929
2020-08-01,"La Rioja","ESRI",316798,4,0,4178,370,0,27241.7269966123,27059.5431965655,27425.1373856209,0,441.302095529198,441.302095529198,0.0859908427345257,0.0854157639775678,0.0865697933245189,0,0.00139300783315929,0.00139300783315929
2020-08-02,"La Rioja","ESRI",316798,5,0,4183,370,0,27238.5263069135,27056.3482495255,27421.9310207698,0,215.213810422436,441.302095529198,0.0859807394835619,0.0854056788537981,0.0865596721594513,0,0.000679340811565843,0.00139300783315929
2020-08-03,"La Rioja","ESRI",316798,10,0,4193,370,0,27268.4001382222,27086.0035117836,27452.0250200335,0,38.2746036122736,441.302095529198,0.0860750387888252,0.0854992882271468,0.0866546664437069,0,0.000120817062015144,0.00139300783315929
2020-08-04,"La Rioja","ESRI",316798,8,0,4201,370,0,27285.1187019464,27102.5946403501,27468.8719828667,0,37.5000639178871,441.302095529198,0.0861278123660705,0.0855516595444104,0.0867078453237289,0,0.000118372161181217,0.00139300783315929
2020-08-05,"La Rioja","ESRI",316798,27,0,4228,370,0,27423.988961501,27240.5171538886,27608.6964983765,0,1.13686837721616e-13,441.302095529198,0.086566168225497,0.0859870237624246,0.0871492133737476,0,3.58862233100007e-19,0.00139300783315929
2020-08-06,"La Rioja","ESRI",316798,16,0,4244,370,0,27487.939832993,27304.0214203261,27673.0971101479,0,1.13686837721616e-13,441.302095529198,0.0867680346245651,0.0861874804144157,0.0873524994164985,0,3.58862233100007e-19,0.00139300783315929
2020-08-07,"La Rioja","ESRI",316798,21,0,4265,370,0,27577.8235367629,27393.2818324101,27763.6084525298,85.4112903980094,85.4112903980096,526.713385927207,0.0870517602281671,0.0864692385444673,0.0876382062150954,0.000269608048024323,0.000269608048024323,0.00166261588118362
2020-08-08,"La Rioja","ESRI",316798,12,0,4277,370,0,27602.5431859035,27417.8142291285,27788.5167636824,210.458896665474,295.870187063483,511.083997485919,0.0871297899162984,0.0865466771543017,0.0877168314310142,0.000664331519345052,0.000933939567369375,0.00161328037893522
2020-08-09,"La Rioja","ESRI",316798,20,0,4297,370,0,27672.4001772979,27487.1756667194,27858.8728379132,69.8569913944229,365.727178457906,404.00178207018,0.0873502994883109,0.0867656224683217,0.0879389164007134,0.000220509572012522,0.0011544491393819,0.00127526620139704
2020-08-10,"La Rioja","ESRI",316798,54,0,4351,370,0,27955.1890937921,27768.0404137385,28143.5991026222,282.788916494144,648.516094952051,686.016158869938,0.0882429469055741,0.087652196079958,0.0888376792234239,0.000892647417263191,0.00204709655664509,0.0021654687178263
2020-08-11,"La Rioja","ESRI",316798,71,0,4422,370,0,28336.5523471243,28146.8158377169,28527.5678624133,381.363253332274,1029.87934828432,1029.87934828433,0.0894467526535026,0.0888478331230527,0.0900497094754806,0.00120380574792857,0.00325090230457366,0.00325090230457366
2020-08-12,"La Rioja","ESRI",316798,57,0,4479,370,0,28608.0425688751,28416.4438157103,28800.9331825714,271.490221750737,1301.36957003506,1301.36957003506,0.0903037347738151,0.0896989369115662,0.0909126105043953,0.000856982120312429,0.00410788442488608,0.00410788442488609
2020-08-13,"La Rioja","ESRI",316798,57,0,4536,370,0,28852.8052618766,28659.5132737423,29047.4008936673,244.762693001529,1546.13226303659,1546.13226303659,0.0910763491621683,0.0904662064588234,0.0916906069282866,0.000772614388353236,0.00488049881323932,0.00488049881323932
2020-08-14,"La Rioja","ESRI",316798,59,0,4595,370,0,29082.7157664893,28887.8169574416,29278.9295086046,229.910504612701,1776.04276764929,1776.04276764929,0.091802081346755,0.0911868665756778,0.092421446816598,0.00072573218458671,0.00560623099782603,0.00560623099782603
2020-08-15,"La Rioja","ESRI",316798,49,0,4644,370,0,29223.1320724017,29027.2134571949,29420.3730365085,140.416305912418,1916.45907356171,1916.45907356171,0.0922453174338276,0.0916268835573295,0.092867925417801,0.000443236087072578,0.00604946708489861,0.00604946708489861
2020-08-16,"La Rioja","ESRI",316798,55,0,4699,370,0,29377.9067739172,29180.8628849408,29576.2812025125,154.774701515489,2071.2337750772,2071.2337750772,0.0927338770254774,0.0921118911260197,0.0933600628871159,0.00048855959164985,0.00653802667654846,0.00653802667654846
2020-08-17,"La Rioja","ESRI",316798,73,1,4772,371,1,29704.3783197902,29505.4723493944,29904.625179923,326.471545873013,2397.70532095021,2397.70532095021,0.0937644124009312,0.0931365486821078,0.0943965087529689,0.0010305353754538,0.00756856205200226,0.00756856205200226
2020-08-18,"La Rioja","ESRI",316798,84,0,4856,371,1,29997.7595384837,29796.7864995418,30200.0880981756,293.381218693521,2691.08653964373,2691.08653964373,0.0946904953266237,0.0940561067290255,0.0953291627414806,0.000926082925692464,0.00849464497769472,0.00849464497769472
2020-08-19,"La Rioja","ESRI",316798,88,0,4944,371,1,30289.4749111175,30086.4363287117,30493.8837011975,291.715372633797,2897.39062187952,2982.80191227753,0.095611319866658,0.0949704112043374,0.0962565537067707,0.000920824540034333,0.00914586146970473,0.00941546951772906
2020-08-20,"La Rioja","ESRI",316798,78,0,5022,371,1,30490.2138062732,30285.7074139008,30696.1011425988,200.738895155671,2887.67062036972,3183.5408074332,0.0962449693693559,0.095599427439254,0.0968948703672334,0.000633649502697843,0.00911517945305752,0.0100491190204269
2020-08-21,"La Rioja","ESRI",316798,68,1,5090,372,2,30683.6327182664,30478.1291141407,30890.5219629329,193.418911993205,3011.2325409685,3376.95971942641,0.0968555127187243,0.0962068230043772,0.0975085763260277,0.000610543349368384,0.00950521323041339,0.0106596623697953
2020-08-22,"La Rioja","ESRI",316798,88,0,5178,372,2,30889.5184529399,30682.4960667217,31097.9376703775,205.885734673488,2934.32935914784,3582.84545409989,0.0975054086608498,0.0968519247808435,0.0981633017581472,0.000649895942125542,0.00926246175527574,0.0113095583119208
2020-08-23,"La Rioja","ESRI",316798,94,0,5272,372,2,31106.8310180192,30898.2055421288,31316.8651384708,217.312565079261,2770.27867089483,3800.15801917915,0.0981913743711108,0.0975328302013549,0.0988543650479826,0.000685965710260989,0.00874462171760816,0.0119955240221818
2020-08-24,"La Rioja","ESRI",316798,71,1,5343,373,2,31248.1876274291,31038.8998666718,31458.8865647097,141.356609409897,2640.14505855399,3941.51462858905,0.0986375786066486,0.0979769438780288,0.0993026678347392,0.000446204235537778,0.00833384383283351,0.0124417282577196
2020-08-25,"La Rioja","ESRI",316798,89,0,5432,373,2,31389.0955205156,31178.7085333156,31600.9021522892,140.907893086496,2536.29025863896,3997.01123127754,0.0990823664307084,0.0984182618997455,0.0997509521912676,0.000444787824059799,0.00800601726854007,0.0126169080337551
2020-08-26,"La Rioja","ESRI",316798,128,0,5560,373,2,31732.9166554358,31520.0606325162,31947.2101021922,343.82113492021,2650.20088894647,4130.37346953227,0.100167667268846,0.0994957690153226,0.100844102873731,0.00108530083813727,0.00836558592209063,0.0130378773525473
2020-08-27,"La Rioja","ESRI",316798,78,0,5638,373,2,31766.3680497356,31553.1215902242,31981.0556995383,33.4513942998747,2543.23597733392,4093.96787243773,0.100273259457874,0.0996001287578338,0.100950939398413,0.000105592189028576,0.00802794202404663,0.0129229599695633
2020-08-28,"La Rioja","ESRI",316798,86,0,5724,373,1,31820.8606977239,31607.0757796108,32036.0916208877,54.4926479883034,2442.95392380674,3865.67160393189,0.100445270164976,0.0997704397742751,0.101124664994374,0.000172010707101381,0.00771139313949816,0.0122023232594015
2020-08-29,"La Rioja","ESRI",316798,84,2,5808,375,3,32016.8044782983,31802.4201212623,32232.6340288878,195.943780574409,2312.42615850813,3680.25213117402,0.10106378347811,0.100387060907147,0.101745067926211,0.000618513313134582,0.00729937107717894,0.0116170308246075
2020-08-30,"La Rioja","ESRI",316798,86,0,5894,375,3,32039.5518744495,31824.8379944996,32255.714372936,22.7473961511823,2041.79233596579,3431.50930557447,0.101135587580886,0.100457824842643,0.101817923007519,7.18041027758456e-05,0.00644509225426232,0.010831852807071
2020-08-31,"La Rioja","ESRI",316798,60,1,5954,376,3,31997.4744165399,31783.3098183243,32213.0821141492,0,1750.076963332,3186.74661257294,0.101002766483816,0.100326737600377,0.101683350633998,0,0.00552426771422799,0.0100592384187177
2020-09-01,"La Rioja","ESRI",316798,94,1,6048,377,4,32133.1144760907,31918.3105698837,32349.3639700278,51.4851437316138,1600.82321190794,3008.32125169185,0.101430925940475,0.100752879026647,0.102113535975694,0.000162517262519378,0.00505313547404952,0.00949602349665039
2020-09-02,"La Rioja","ESRI",316798,90,0,6138,377,4,32158.4551002374,31943.3136583901,32375.045541412,67.4180820562906,1474.82238197103,2935.32302783572,0.101510915789359,0.100831803415394,0.102194602053712,0.000212810945953859,0.004655403070635,0.00926559835553167
2020-09-03,"La Rioja","ESRI",316798,112,1,6250,378,5,32377.2560105171,32160.9239333104,32595.0432563541,218.800910279711,1487.73755757725,2999.34923659994,0.102201579588625,0.101518708872248,0.102889043669323,0.000690663799265499,0.00469617092777495,0.00946770256314732
2020-09-04,"La Rioja","ESRI",316798,96,0,6346,378,5,32416.7711408889,32200.0103266017,32634.9911239817,39.5151303717648,1309.94012286975,2712.3928210987,0.102326312479526,0.101642088417862,0.103015142532408,0.000124732890901347,0.00413493810841531,0.00856190007859486
2020-09-05,"La Rioja","ESRI",316798,84,2,6430,380,5,32554.4992799618,32337.5326754236,32772.9216080383,137.728139072893,1306.31165253275,2556.73974147807,0.102761063137904,0.1020761894817,0.103450531910045,0.000434750658378188,0.00412348453125572,0.00807056781128059
2020-09-06,"La Rioja","ESRI",316798,49,1,6479,381,6,32422.2777378333,32206.4642696481,32639.5373583394,0,1165.40375944625,2265.02436884427,0.102343694524061,0.101662460841445,0.103029493110245,0,0.00367869670719592,0.00714974327124626
2020-09-07,"La Rioja","ESRI",316798,101,2,6580,383,7,32634.4063108266,32417.8891064297,32852.3696210956,0,821.582624526043,2064.2854736886,0.103013296519633,0.102329841433436,0.103701316362779,0,0.00259339586905865,0.00651609376854841
2020-09-08,"La Rioja","ESRI",316798,88,1,6668,384,7,32697.8920816726,32481.2281728751,32916.0012329075,91.0782904470616,879.20952067323,1961.94485214246,0.103213694788706,0.102529776617514,0.103902174991343,0.00028749641868655,0.00277530009871663,0.00619304683786658
2020-09-09,"La Rioja","ESRI",316798,100,2,6768,386,9,32903.4047645031,32686.0904469722,33122.1639018935,257.827194094272,1082.5440667792,2013.88631156324,0.103862413160762,0.103176441918737,0.104552945100327,0.00081385360417134,0.00341714299578659,0.00635700449991238
2020-09-10,"La Rioja","ESRI",316798,85,2,6853,388,10,33031.9809105506,32814.5229412438,33250.8799481459,128.576146047439,1015.17643225223,1925.14989253142,0.104268274769887,0.103581850078737,0.104959248316422,0.000405861609124548,0.00320449129177655,0.00607690039877594
2020-09-11,"La Rioja","ESRI",316798,101,0,6954,388,10,33062.2026571218,32844.3945727133,33281.455139037,30.2217465712092,1022.65078267226,1814.01502969273,0.104363672299452,0.10367614244002,0.105055761523233,9.5397529565241e-05,0.00322808471856595,0.0057260936928034
2020-09-12,"La Rioja","ESRI",316798,139,0,7093,388,8,33264.8282350185,33045.5373146317,33485.5743748289,202.625577896724,1225.27636056898,1875.73271450296,0.105003277277693,0.104311066719587,0.105700081360453,0.000639604978240785,0.00386768969680673,0.00592091084698439
2020-09-13,"La Rioja","ESRI",316798,109,0,7202,388,7,33313.4907530093,33093.7312846958,33534.709537696,48.6625179907933,1222.45373482816,1580.57409757354,0.105156884680488,0.104463195110751,0.105855180707252,0.000153607402795451,0.00385877983708281,0.00498921741164257
2020-09-14,"La Rioja","ESRI",316798,109,3,7311,391,8,33604.1671903946,33383.6339010155,33826.1573293146,290.676437385257,1445.71209015713,1837.79914065892,0.106074429732494,0.105378297530336,0.106775160604911,0.000917545052005557,0.00456351394313451,0.00580117027461955
2020-09-15,"La Rioja","ESRI",316798,149,2,7460,393,9,33977.1444881237,33754.8717934354,34200.8808278557,372.977297729092,1599.88847760651,2156.28379039971,0.107251764493853,0.106550141709971,0.107958007398581,0.00117733476135926,0.00505018490522827,0.00680649432887743
2020-09-16,"La Rioja","ESRI",316798,138,3,7598,396,10,34368.7786369501,34145.0804794561,34593.9423310591,391.634148826437,1952.00749606118,2351.97415865174,0.108487991202438,0.107781868823213,0.109198739673417,0.0012362267085854,0.00616167872291232,0.00742420772432825
2020-09-17,"La Rioja","ESRI",316798,110,1,7708,397,9,34440.2227162169,34216.3301619272,34665.5802983348,71.4440792668101,1885.7234362551,2400.67084176737,0.10871351055315,0.108006774543801,0.109424871048223,0.000225519350711842,0.00595244741524598,0.00757792297226425
2020-09-18,"La Rioja","ESRI",316798,77,1,7785,398,10,34349.0414703741,34126.0092652712,34573.5313133779,0,1885.7234362551,2400.67084176737,0.108425689146946,0.107721668903437,0.109134310549239,0,0.00595244741524598,0.00757792297226425
2020-09-19,"La Rioja","ESRI",316798,70,4,7855,402,14,34479.9098016212,34257.5532450953,34703.7096147007,0,1885.7234362551,2349.18569803576,0.108838786234829,0.108136898733879,0.10954522949861,0,0.00595244741524598,0.00741540570974487
2020-09-20,"La Rioja","ESRI",316798,95,3,7950,405,17,34637.4513584849,34415.1708448635,34861.1675362488,145.734481829495,1940.37962763753,2427.50209780896,0.109336079642185,0.108634432177171,0.110042258903935,0.000460023364508283,0.00612497436106771,0.00766261812829929
2020-09-21,"La Rioja","ESRI",316798,79,4,8029,409,18,34818.0720436523,34596.125476365,35041.4424778625,232.114845605858,1914.66727914911,2440.81603313511,0.109906224293248,0.109205630958418,0.11061131218588,0.000732690375589045,0.00604381113248542,0.00770464470462284
2020-09-22,"La Rioja","ESRI",316798,81,2,8110,411,18,34845.4798224278,34624.0255701613,35068.350489598,27.4077787755305,1813.49891187721,2428.70868153887,0.109992739292634,0.109293699992302,0.110696249627832,8.65149993861403e-05,0.00572446452274701,0.00766642681310763
2020-09-23,"La Rioja","ESRI",316798,101,1,8211,412,16,34883.2071814186,34661.7818692663,35106.046995833,37.7273589908218,1821.00452429682,2328.7079014568,0.110111828930166,0.109412880981781,0.110815241876,0.000119089637531871,0.00574815663071364,0.00735076579226132
2020-09-24,"La Rioja","ESRI",316798,111,1,8322,413,16,34969.8611805556,34748.1567968426,35192.9801093349,86.6539991370373,1705.03294553713,2415.36190059384,0.110385359694681,0.109685530833031,0.111089653688896,0.000273530764515677,0.00538208241698853,0.00762429655677699
2020-09-25,"La Rioja","ESRI",316798,78,1,8400,414,16,34920.9704589783,34699.8494082681,35143.5005797538,0,1656.37042754634,2415.36190059384,0.110231031947734,0.109533044426632,0.110933467319092,0,0.00522847501419308,0.00762429655677699
2020-09-26,"La Rioja","ESRI",316798,60,1,8460,415,13,34801.0726030483,34580.9844642401,35022.5614766706,0,1365.69399016108,2324.28361014678,0.109852564104093,0.10915783705781,0.110551712689697,0,0.00431092996218752,0.00733680013809044
2020-09-27,"La Rioja","ESRI",316798,81,2,8541,417,12,34858.778055486,34638.9916908322,35079.9589770749,0,992.71669243199,2066.4564160525,0.110034716303405,0.109340941833068,0.11073289281206,0,0.00313359520082826,0.0065229465339191
2020-09-28,"La Rioja","ESRI",316798,96,2,8637,419,10,34986.3650117484,34766.4424585517,35207.6787320012,0,601.082543605553,1937.88027000507,0.110437455450313,0.109743251089185,0.111136051149317,0,0.00189736849224286,0.00611708492479456
2020-09-29,"La Rioja","ESRI",316798,76,2,8713,421,10,35039.7839221236,34820.1901298051,35260.7625843536,0,529.638464338743,1907.65852343386,0.110606076812744,0.109912910213464,0.111303614872422,0,0.00167184914153102,0.00602168739522931
2020-09-30,"La Rioja","ESRI",316798,86,4,8799,425,13,35304.618780366,35084.796277392,35525.8185731619,92.4217484168403,622.060212755583,1797.45469395397,0.111442050708546,0.110748162164509,0.112140286785781,0.000291737158747341,0.00196358630027836,0.00567381957573587
2020-10-01,"La Rioja","ESRI",316798,81,0,8880,425,12,35221.9293741367,35002.5204307138,35442.7136552171,159.646445164239,781.706657919822,1908.43862112742,0.111181034520852,0.110488451412931,0.111877958999795,0.000503937667422896,0.00246752396770125,0.00602414984036332
2020-10-02,"La Rioja","ESRI",316798,72,2,8952,427,13,35274.0909899647,35055.0140298962,35494.5370755567,52.161615827994,688.133791918321,1669.92379957016,0.111345687125439,0.110654151951389,0.112041544061379,0.000164652604587131,0.0021721532077801,0.00527125739294489
2020-10-03,"La Rioja","ESRI",316798,75,0,9027,427,12,35178.2987636273,34959.7211342031,35398.2429994926,0,456.018946312463,1296.94650184106,0.111043310764674,0.110353351770539,0.111737583569002,0,0.00143946283219106,0.00409392263158563
2020-10-04,"La Rioja","ESRI",316798,69,2,9096,429,12,35230.1975026051,35011.9540232656,35449.8013806314,0,428.611167536932,905.312353014626,0.111207133575986,0.11051822935519,0.111900332011665,0,0.00135294783280492,0.00285769592300023
2020-10-05,"La Rioja","ESRI",316798,79,0,9175,429,10,35163.0645793313,34945.1475428182,35382.3405408495,0,390.88380854611,833.868273747816,0.110995222758134,0.110307348982059,0.111687386097291,0,0.00123385819527305,0.00263217657228839
2020-10-06,"La Rioja","ESRI",316798,144,0,9319,429,8,35348.8021319999,35129.6470055575,35569.3244503597,0,304.229809409073,833.868273747816,0.111581519239389,0.11088973732649,0.112277616810585,0,0.000960327430757369,0.00263217657228839
2020-10-07,"La Rioja","ESRI",316798,110,0,9429,429,4,35402.5236612129,35182.9490895683,35623.4685839441,0,304.229809409073,833.868273747816,0.11175109584408,0.111057989916503,0.112448527402143,0,0.000960327430757369,0.00263217657228839
2020-10-08,"La Rioja","ESRI",316798,104,1,9533,430,5,35507.34211778,35287.4064997766,35728.6485272601,185.68281676816,489.912626177233,873.816608686481,0.11208196427307,0.111387718671761,0.112780536894993,0.000586123702700647,0.00154645113345802,0.00275827691048075
2020-10-09,"La Rioja","ESRI",316798,123,2,9656,432,5,35755.7445948471,35534.9335605027,35977.9277300512,295.970788114253,785.883414291486,937.672551194875,0.112866067951335,0.112169059023424,0.113567408033041,0.000934257123196021,0.00248070825665404,0.00295984365808773
2020-10-10,"La Rioja","ESRI",316798,110,1,9766,433,6,35863.4087332955,35642.2192337592,36085.9708969295,107.664138448374,893.547552739859,1017.92891086772,0.11320591901873,0.11250771543305,0.113908455536113,0.000339851067394282,0.00282055932404832,0.00321317972609587
2020-10-11,"La Rioja","ESRI",316798,108,1,9874,434,5,35953.9194699498,35732.4561611326,36176.7553683515,90.5107366543234,984.058289394183,1070.71228853122,0.113491623905296,0.112792556017186,0.1141950244899,0.000285704886565961,0.00310626421061428,0.00337979497512996
2020-10-12,"La Rioja","ESRI",316798,140,1,10014,435,6,36151.7474795432,35929.3508526285,36375.5207041,197.828009593381,1089.46455057072,1181.88629898756,0.114116084948589,0.113414070962028,0.114822444283423,0.000624461043293773,0.00343898809516071,0.00373072525390805
2020-10-13,"La Rioja","ESRI",316798,153,4,10167,439,10,36635.9201896046,36411.9500899229,36861.2679305668,484.17271006135,1413.99081546783,1666.05900904891,0.11564441754558,0.114937436757564,0.116355746976202,0.00152833259699035,0.00446338302472817,0.00525905785089841
2020-10-14,"La Rioja","ESRI",316798,147,0,10314,439,10,36750.5428787618,36525.7812123732,36976.6876177365,114.622689157288,1476.45188879713,1780.6816982062,0.116006233873831,0.115296754437759,0.11672007909689,0.000361816328251087,0.00466054674839212,0.00562087417914949
2020-10-15,"La Rioja","ESRI",316798,168,1,10482,440,10,37005.4170614709,36779.3777281943,37232.8455911762,254.874182709085,1731.32607150621,2035.55588091529,0.116810766044833,0.116097253543881,0.117528663663206,0.00080453217100198,0.0054650789193941,0.00642540635015147
2020-10-16,"La Rioja","ESRI",316798,202,0,10684,440,8,37274.2441120889,37046.467693647,37503.4209905484,268.827050617954,2000.15312212417,2304.38293153324,0.117659341637538,0.116940345878594,0.118382758068386,0.000848575592705618,0.00631365451209972,0.00727398194285709
2020-10-17,"La Rioja","ESRI",316798,153,2,10837,442,9,37516.4377930188,37287.8352793439,37746.4418122751,242.193680929951,2242.34680305412,2546.57661246319,0.11842384671942,0.117702243320172,0.119149874090982,0.000764505081881677,0.0070781595939814,0.00803848702473877
2020-10-18,"La Rioja","ESRI",316798,144,0,10981,442,8,37533.8200324173,37305.0120772307,37764.031366867,17.3822393984883,2259.72904245261,2471.53710344484,0.118478715245732,0.11775646335277,0.119205397025445,5.48685263116822e-05,0.00713302812029308,0.00780161839230311
2020-10-19,"La Rioja","ESRI",316798,193,1,11174,443,8,37783.5733881982,37553.5162327409,38015.0399002241,249.753355780886,2509.48239823349,2561.64401406149,0.119267083088271,0.118540887987743,0.119997726943428,0.00078836784253968,0.00792139596283276,0.00808604856741989
2020-10-20,"La Rioja","ESRI",316798,208,1,11382,444,5,38064.3320157145,37832.8392693819,38297.2412270188,280.758627516298,2604.55820898163,2790.24102574979,0.120153321724615,0.119422595058624,0.120888519583516,0.00088623863634334,0.00822151089647545,0.0088076345991761
2020-10-21,"La Rioja","ESRI",316798,197,0,11579,444,5,38199.3614898991,37966.9428624231,38433.2028924084,135.029474184572,2443.61689505195,2925.27049993436,0.120579553816309,0.119845904527248,0.12131769421653,0.000426232091694303,0.00771348586497374,0.0092338666908704
2020-10-22,"La Rioja","ESRI",316798,177,1,11756,445,5,38330.4260634684,38097.4818625942,38564.7945842207,131.064573569332,2467.01733017291,3056.33507350369,0.120993270359877,0.120257962053404,0.121733074653946,0.000413716543568244,0.0077873513411477,0.00964758323443865
2020-10-23,"La Rioja","ESRI",316798,190,4,11946,449,9,38741.4853928356,38507.4452443822,38976.9479880584,411.059329367177,2787.56592288576,3467.39440287087,0.122290814313334,0.121552046554531,0.123034072147105,0.00129754395345671,0.00879919040803844,0.0109451271878954
2020-10-24,"La Rioja","ESRI",316798,158,3,12104,452,10,38945.7566773327,38711.4948805905,39181.4361044088,204.27128449711,2794.00919778949,3671.66568736798,0.122935614105306,0.122196146694709,0.123679556387379,0.000644799791971888,0.00881952915671656,0.0115899269798672
2020-10-25,"La Rioja","ESRI",316798,134,5,12238,457,15,39232.8802753841,38998.6325471741,39468.5350272405,287.12359805141,2596.96008577955,3958.78928541939,0.123841944315886,0.123102521313815,0.124585808708516,0.000906330210580276,0.00819752677030648,0.0124962571904475
2020-10-26,"La Rioja","ESRI",316798,180,1,12418,458,15,39318.0578361264,39083.5599920004,39553.9626462226,85.1775607423406,2567.5149573646,3858.28402939357,0.124110814576249,0.123370602061883,0.124855468299114,0.000268870260362567,0.00810458070241796,0.0121790037481094
2020-10-27,"La Rioja","ESRI",316798,185,2,12603,460,16,39502.0696283506,39267.0992980068,39738.4459972643,184.011792224119,2496.65256687964,3746.32503350344,0.124691663546962,0.123949959589413,0.125437805785593,0.000580848970713574,0.00788089750212955,0.011825595595627
2020-10-28,"La Rioja","ESRI",316798,172,2,12775,462,18,39640.8727579883,39405.6999689012,39877.4490557243,138.803129637708,2366.62864589939,3777.46402469277,0.125129807505061,0.124387464469161,0.12587658083613,0.000438143958098563,0.0074704658675225,0.0119238884863313
2020-10-29,"La Rioja","ESRI",316798,180,5,12955,467,22,40056.297167158,39820.3654190065,40293.6267877097,415.424409169747,2539.85937413919,4102.3776972082,0.126441130206498,0.125696391451356,0.127190281465507,0.00131132270143671,0.00801728348707753,0.012949506301202
2020-10-30,"La Rioja","ESRI",316798,204,3,13159,470,21,40368.0943860834,40131.2996017186,40606.2863783746,311.797218925356,2834.27435366606,4216.34690654017,0.127425344813046,0.126677881810234,0.128177218222257,0.000984214606548514,0.00894662956731436,0.0133092598644568
2020-10-31,"La Rioja","ESRI",316798,175,2,13334,472,20,40497.6203063528,40260.6767956442,40735.9582851065,129.525920269414,2714.04691815459,3861.70011674824,0.127834204465788,0.127086271995544,0.128586538693762,0.000408859652742171,0.00856712137751686,0.0121897869202086
2020-11-01,"La Rioja","ESRI",316798,154,2,13488,474,17,40556.5000386671,40319.8189593958,40794.5704578396,58.8797323143226,2492.16802295261,3805.95715990527,0.128020063380031,0.127272959297078,0.128771553033288,0.000185858914242901,0.00786674165541642,0.0120138295062004
2020-11-02,"La Rioja","ESRI",316798,175,1,13663,475,17,40589.463710806,40352.8441339436,40827.4707691545,32.9636721388379,2390.10222090688,3584.04664933502,0.128124116032317,0.127377206086982,0.128875405681711,0.000104052652285803,0.00754456221600792,0.0113133499874842
2020-11-03,"La Rioja","ESRI",316798,197,3,13860,478,18,40856.9651728135,40619.74219767,41095.5735516274,267.501462007502,2526.53910934505,3582.72106072457,0.128968507291124,0.128219692667473,0.12972169506003,0.000844391258806879,0.00797523693124655,0.0113091656535855
2020-11-04,"La Rioja","ESRI",316798,198,4,14058,482,20,41209.5278657168,40971.5573786096,41448.8805300307,352.562692903295,2468.04247288116,3693.09007269792,0.130081401605177,0.129330227396036,0.130836938774963,0.00111289431405279,0.00779058729184263,0.0116575548857566
2020-11-05,"La Rioja","ESRI",316798,175,3,14233,485,18,41403.7643797691,41165.6146233826,41643.2918711169,194.236514052362,2458.00770243641,3869.94434735179,0.130694525785419,0.129942785697456,0.1314506148117,0.000613124180242178,0.00775891168011293,0.0122158105396871
2020-11-06,"La Rioja","ESRI",316798,191,4,14424,489,19,41724.3387484018,41485.6236073954,41964.427495819,320.57436863266,2491.45847301766,3940.76536020356,0.131706446216206,0.130952921443303,0.132464306895306,0.00101192043078763,0.00786450190032028,0.012439363127935
2020-11-07,"La Rioja","ESRI",316798,153,3,14577,492,20,41845.7771728608,41607.2935380177,42085.6277421823,121.438424459055,2527.71933673438,3781.44515714632,0.132089776996259,0.131336982992373,0.132846885845814,0.000383330780052446,0.00797896242001016,0.0119364552716441
2020-11-08,"La Rioja","ESRI",316798,124,3,14701,495,21,41883.4929700689,41645.7105967263,42122.6329972072,37.7157972080313,2381.42334171829,3684.13148016978,0.132208830138034,0.131458249726091,0.132963696100377,0.000119053141774984,0.00751716659107157,0.0116292763217248
2020-11-09,"La Rioja","ESRI",316798,137,1,14838,496,21,41794.9656720889,41557.9314523937,42033.3518652665,0,2242.62021208058,3553.06690660045,0.131929386145395,0.131181167344471,0.132681872566324,0,0.00707902263297301,0.0112155597781566
2020-11-10,"La Rioja","ESRI",316798,159,5,14997,501,23,42114.9250366266,41877.6441305699,42353.5503886172,142.904768577719,1970.10057148855,3284.91234581099,0.132939365263122,0.132190367775586,0.133692606609313,0.000451091132449443,0.00621879106398574,0.0103691069571493
2020-11-11,"La Rioja","ESRI",316798,131,4,15128,505,23,42280.9978713238,42044.0037823769,42519.3278510791,254.600132677253,1912.90348524045,3335.24119399113,0.133463588379105,0.132715496254322,0.134215897357556,0.000803667108622065,0.00603824356605929,0.0105279742737995
2020-11-12,"La Rioja","ESRI",316798,85,2,15213,507,22,42161.262791265,41925.5040944484,42398.3472243923,0,1783.37756497104,3048.11759593972,0.133085634351432,0.132341441847639,0.133834011655352,0,0.00562938391331712,0.00962164406321922
2020-11-13,"La Rioja","ESRI",316798,112,2,15325,509,20,42130.5765266018,41895.5519498362,42366.9195381204,0,1724.49783265671,2962.94003519738,0.132988770530754,0.132246895339731,0.133734807473912,0,0.00544352499907422,0.00935277380285665
2020-11-14,"La Rioja","ESRI",316798,64,3,15389,512,20,42067.9631307636,41834.161926617,42303.0709943613,0,1691.53416051788,2778.92824297326,0.132791125988054,0.132053112477405,0.133533264081091,0,0.00533947234678842,0.00877192483214308
2020-11-15,"La Rioja","ESRI",316798,58,3,15447,515,20,42008.3047008143,41775.7002553966,42242.2042730091,0,1424.03269851037,2640.12511333555,0.132602809048082,0.131868573208785,0.133341133065894,0,0.00449508108798154,0.00833378087404452
2020-11-16,"La Rioja","ESRI",316798,33,3,15480,518,22,41903.5869060619,41672.4189995832,42136.0371619282,0,1071.47000560708,2224.70070416581,0.132272258366725,0.131542557085535,0.133006007493507,0,0.00338218677392875,0.0070224581726078
2020-11-17,"La Rioja","ESRI",316798,32,3,15512,521,20,41821.8677740338,41591.999771066,42053.0061967717,0,877.233491554718,1912.90348524045,0.132014304932587,0.13128870690808,0.132743913145827,0,0.00276906259368657,0.00603824356605929
2020-11-18,"La Rioja","ESRI",316798,0,2,15512,523,18,41602.042252527,41373.9252438983,41831.4169946031,0,556.659122922058,1783.37756497104,0.131320406860293,0.130600335999275,0.13204444786458,0,0.00175714216289894,0.00562938391331712
2020-11-19,"La Rioja","ESRI",316798,NA,3,NA,526,19,NA,NA,NA,0,435.220698463003,1724.49783265671,NA,NA,NA,0,0.00137381138284649,0.00544352499907422
2020-11-20,"La Rioja","ESRI",316798,NA,0,NA,526,17,NA,NA,NA,0,397.504901254972,1691.53416051788,NA,NA,NA,0,0.00125475824107151,0.00533947234678842
