"X","date","p_cases","p_cases_recent","p_cases_fatalities","p_cases_stillsick","p_cases_smooth","p_cases_smooth_low","p_cases_smooth_high","p_cases_recent_smooth","p_cases_recent_smooth_low","p_cases_recent_smooth_high","p_cases_stillsick_smooth","p_cases_stillsick_smooth_low","p_cases_stillsick_smooth_high"
1,"2020-03-20",0.00801083154688029,0,0,0,8.26728431723836e-08,-1.97959526618745e-07,3.63305212963513e-07,0.0300238432729136,-4.34722937004599,4.40727705659182,0.0600476865410117,-8.69445873930227,8.81455411238429
2,"2020-03-21",0.00672268907563025,0,0,0,8.70121346672897e-08,-2.06855976567303e-07,3.80880245901883e-07,0.0298037016757914,-4.29605563167265,4.35566303502423,0.0596074033468234,-8.59211126256787,8.71132606926152
3,"2020-03-22",0.0126849894291755,0,0,0,9.15791847772727e-08,-2.16143055048675e-07,3.99301424603221e-07,0.0295851742065588,-4.24539861448501,4.30456896289812,0.0591703484084141,-8.49079722820477,8.6091379250216
4,"2020-03-23",0.00482218203737191,0,0,0,9.63859479960119e-08,-2.25837383051631e-07,4.18609279043655e-07,0.0293682490300657,-4.19525349222964,4.25398999028977,0.0587364980554836,-8.39050698370611,8.50797997981708
5,"2020-03-24",0.00628053035589672,0,0,0,1.01445006280434e-07,-2.35956257934615e-07,4.38846270495482e-07,0.0291529143979402,-4.14561548164777,4.20392131044365,0.0583058287912873,-8.29123096255419,8.40784262013676
6,"2020-03-25",0.00876095118898623,0,0,0,1.06769601984868e-07,-2.46517678531283e-07,4.60056882501018e-07,0.0289391586479519,-4.0964798421042,4.15435815940011,0.0578783172913648,-8.19295968347873,8.30871631806146
7,"2020-03-26",0.00876095118898623,0,0,0,1.12373672523839e-07,-2.5754037099563e-07,4.82287716043308e-07,0.0287269702033805,-4.04784187521946,4.10529581562622,0.057453940402276,-8.09568374972083,8.21059163052538
8,"2020-03-27",0.01468788249694,0,0,0,1.18271886854252e-07,-2.69043815399435e-07,5.05587589107938e-07,0.0285163375723887,-3.99969692450501,4.05672959964979,0.0570326751403456,-7.99939384830332,8.11345919858402
9,"2020-03-28",0.014405762304922,0,0,0,1.24479683872436e-07,-2.81048273095786e-07,5.30007640840657e-07,0.0283072493474002,-3.95204037500156,4.00865487369636,0.0566144986904214,-7.90408074930767,8.01730974668851
10,"2020-03-29",0.00491159135559921,0,0,0,1.3101331282659e-07,-2.93574814864074e-07,5.55601440517254e-07,0.0280996942044816,-3.90486765292034,3.96106704132931,0.0561993884046361,-7.80973530515628,7.92213408196556
11,"2020-03-30",0.00366300366300366,0,0,0,1.37889875850384e-07,-3.0664534985384e-07,5.82425101554608e-07,0.0278936609027289,-3.85817422528749,3.91396154709295,0.0557873218011824,-7.71634844990153,7.82792309350389
12,"2020-03-31",0.00628140703517588,0,0,0,1.45127372729065e-07,-3.20282655347612e-07,6.10537400805742e-07,0.0276891382836591,-3.81195559959145,3.86733387615877,0.0553782765630937,-7.62391119852019,7.73466775164638
13,"2020-04-01",0.0050761421319797,0,0,0,1.52744748015256e-07,-3.34510407366246e-07,6.39999903396758e-07,0.0274861152706059,-3.76620732343328,3.82117955397449,0.0549722305370379,-7.5324146462145,7.64235910728858
14,"2020-04-02",0.0051150895140665,0,0,0,1.60761940617759e-07,-3.49353212144643e-07,6.70877093380161e-07,0.0272845808681193,-3.72092498417997,3.77549414591621,0.0545691617321145,-7.44184996771835,7.55098829118258
15,"2020-04-03",0.0119617224880383,0,0,0,1.69199935993186e-07,-3.64836638511073e-07,7.03236510497445e-07,0.0270845241613704,-3.67610420862063,3.73027325694337,0.0541690483186665,-7.35220841661002,7.46054651324735
16,"2020-04-04",0.0150187734668335,0,0,0,1.78080821077022e-07,-3.80987251209918e-07,7.37148893363963e-07,0.0268859343155607,-3.63174066262565,3.68551253125677,0.0537718686270962,-7.26348132463028,7.37102506188447
17,"2020-04-05",0.0173913043478261,0,0,0,1.87427842097915e-07,-3.978326452157e-07,7.7268832941153e-07,0.0266888005753345,-3.58783005080869,3.64120765195936,0.0533776011466921,-7.1756601010064,7.28241530329978
18,"2020-04-06",0.0125348189415042,0,0,0,1.97265465426525e-07,-4.15401481096001e-07,8.09932411949052e-07,0.026493112264197,-3.54436811619156,3.59735434071995,0.0529862245244653,-7.08873623178208,7.19470868083101
19,"2020-04-07",0.0125348189415042,0,0,0,2.07619441618216e-07,-4.33723521492556e-07,8.48962404728988e-07,0.0262988587839357,-3.50135063987188,3.55394835743975,0.0525977175639904,-7.00270127915252,7.1078967142805
20,"2020-04-08",0.0126404494382022,0,0,0,2.18516872817225e-07,-4.52829668803806e-07,8.89863414438256e-07,0.0261060296140469,-3.45877344069361,3.51098549992171,0.0522120592242594,-6.91754688080559,7.0219709992541
21,"2020-04-09",0.00930851063829787,0,0,0,2.29986283698746e-07,-4.72752004168757e-07,9.32724571566248e-07,0.025914614311165,-3.41663237492029,3.46846160354262,0.0518292286185427,-6.83326474926853,6.93692320650562
22,"2020-04-10",0.00930851063829787,0,0,0,2.42057696134646e-07,-4.93523827877427e-07,9.77639220146719e-07,0.0257246025084983,-3.37492333591119,3.42637254092819,0.0514492050132553,-6.7498466712597,6.85274508128621
23,"2020-04-11",0.010498687664042,0,0,0,2.54762707800075e-07,-5.15179714407465e-07,1.02470513000761e-06,0.0255359839152663,-3.33364225379997,3.3847142216305,0.0510719678268366,-6.66728450704649,6.76942844270017
24,"2020-04-12",0.00865265760197775,0,0,0,2.68134574937492e-07,-5.37755588200703e-07,1.07402473807569e-06,0.0253487483161426,-3.29278509517623,3.34348259180852,0.0506974966286347,-6.58557018980819,6.68696518306546
25,"2020-04-13",0.00865265760197775,0,0,0,2.8220829936608e-07,-5.61288741229324e-07,1.12570533996148e-06,0.0251628855707026,-3.25234786276981,3.30267363391121,0.050325771137799,-6.50469572500428,6.60534726727988
26,"2020-04-14",0.0090293453724605,0,0,0,2.97020720092722e-07,-5.85817869422934e-07,1.17985930960838e-06,0.0249783856128726,-3.2123265951374,3.26228336636315,0.0499567712221836,-6.42465318974838,6.52456673219275
27,"2020-04-15",0.00934579439252336,0,0,0,3.12610609744235e-07,-6.11383116888845e-07,1.23660433637732e-06,0.0247952384503867,-3.17271736635239,3.22230784325317,0.0495904768972557,-6.34543473218713,6.44461568598164
28,"2020-04-16",0.00934579439252336,0,0,0,3.29018776061333e-07,-6.38026120794078e-07,1.29606367291674e-06,0.0246134341642438,-3.13351628569676,3.18274315402525,0.0492268683250132,-6.26703257088448,6.36548630753451
29,"2020-04-17",0.0102272727272727,0,0,0,3.46288168719997e-07,-6.65790056869951e-07,1.35836639430994e-06,0.0244329629081715,-3.09471949735592,3.14358542317226,0.0488659258129114,-6.18943899421129,6.28717084583712
30,"2020-04-18",0.0102272727272727,0,0,0,3.64463991759916e-07,-6.94719685500366e-07,1.4236476690202e-06,0.0242538149080922,-3.05632318011599,3.10483080993218,0.0485076298127953,-6.11264635973985,6.20966161936544
31,"2020-04-19",0.0102272727272727,0,0,0,3.83593821914313e-07,-7.24861398356252e-07,1.49204904218488e-06,0.0240759804615944,-3.01832354706385,3.06647550798704,0.0481519609198415,-6.0366470936438,6.13295101548348
32,"2020-04-20",0.01,0,0,0,4.03727733150918e-07,-7.56263265541596e-07,1.56371873184343e-06,0.0238994499374066,-2.98071684528935,3.02851574516416,0.0477988998715074,-5.96143369010295,6.05703148984596
33,"2020-04-21",0.01,0,0,0,4.24918427750133e-07,-7.88975083221501e-07,1.63881193872177e-06,0.0237242137748759,-2.94349935559041,2.99094778314017,0.0474484275464873,-5.88699871071311,5.98189556580608
34,"2020-04-22",0.0121278941565601,0,0,0,4.47221374263529e-07,-8.23048421709898e-07,1.71749117023696e-06,0.0235502624834507,-2.90666739218048,2.95376791714738,0.0471005249636775,-5.81333478390116,5.90753583382851
35,"2020-04-23",0.0121278941565601,0,0,0,4.70694952713837e-07,-8.58536674004727e-07,1.7999265794324e-06,0.0233775866421656,-2.87021730239834,2.91697247568268,0.0467551732811479,-5.74043460434473,5.83394495090702
36,"2020-04-24",0.00965665236051502,0,0,0,4.95400607416538e-07,-8.95495104771791e-07,1.88629631960487e-06,0.0232061768991328,-2.83414546642072,2.88055782021898,0.0464123537951219,-5.66829093239714,5.76111563998739
37,"2020-04-25",0.0111788617886179,0,0,0,5.2140300782315e-07,-9.33980899796019e-07,1.97678691544232e-06,0.0230360239710335,-2.7984482969768,2.84452034491887,0.0460720479389627,-5.59689659351689,5.68904068939482
38,"2020-04-26",0.0111788617886179,0,0,0,5.4877021780725e-07,-9.74053215941018e-07,2.07159365155552e-06,0.0228671186426172,-2.76312223906579,2.80885647635103,0.0457342372821692,-5.52624447770235,5.61771295226669
39,"2020-04-27",0.0111788617886179,0,0,0,5.77573873836429e-07,-1.01577323168554e-06,2.1709209793584e-06,0.0226994517662012,-2.72816376967632,2.77356267320872,0.0453989035293759,-5.45632753893078,5.54712534598953
40,"2020-04-28",0.0111788617886179,0,0,0,6.0788937249662e-07,-1.05920419833976e-06,2.274982943333e-06,0.022533014261176,-2.69356939750858,2.73863542603093,0.0450660285193636,-5.38713879460254,5.47727085164127
41,"2020-04-29",0.0111788617886179,0,0,0,6.39796067859699e-07,-1.10441149208598e-06,2.38400362780538e-06,0.0223677971135129,-2.65933566269863,2.70407125692565,0.0447355942240753,-5.31867132498984,5.40814251343799
42,"2020-04-30",0.0111788617886179,0,0,0,6.73377479211081e-07,-1.15146266703927e-06,2.49821762546143e-06,0.0222037913752762,-2.62545913654517,2.66986671929572,0.0444075827476394,-5.25091827268997,5.33973343818525
43,"2020-05-01",0.0111788617886179,0,0,0,7.08721509681813e-07,-1.20042750973495e-06,2.61787052909857e-06,0.0220409881641384,-2.59193642123849,2.63601839756677,0.044081976325401,-5.18387284208358,5.27203679473439
44,"2020-05-02",0.0111788617886179,0,0,0,7.45920676605608e-07,-1.251378148871e-06,2.74321950208222e-06,0.0218793786628996,-2.55876414959187,2.60252290691767,0.0437587573229599,-5.11752829879719,5.20504581344311
45,"2020-05-03",0.0111788617886179,0,0,0,7.85072354152524e-07,-1.30438920777369e-06,2.87453391607873e-06,0.0217189541190092,-2.52593898477513,2.56937689301315,0.0434379082352153,-5.05187796917046,5.13875378564089
46,"2020-05-04",0.0115495668912416,0,0,0,8.26279027827103e-07,-1.35953776697362e-06,3.01209582262783e-06,0.0215597058440924,-2.49345762005051,2.5365770317387,0.0431194116854176,-4.98691523972787,5.07315406309871
47,"2020-05-05",0.0115495668912416,0,0,0,8.69648562691741e-07,-1.41690339566676e-06,3.15620052105024e-06,0.0214016252134793,-2.46131677851074,2.50412002893769,0.0428032504242271,-4.9226335566549,5.00824005750336
48,"2020-05-06",0.0115495668912416,0,0,0,9.15294485758477e-07,-1.47656819898488e-06,3.30715717050183e-06,0.0212447036657387,-2.42951321281947,2.47200262015095,0.0424894073287809,-4.85902642527883,4.94400523993639
49,"2020-05-07",0.0115495668912416,0,0,0,9.63336283205473e-07,-1.53861686297806e-06,3.46528942938901e-06,0.0210889327022129,-2.3980437049537,2.44022157035812,0.0421778654017643,-4.79608740955365,4.88044314035718
50,"2020-05-08",0.0115495668912416,0,0,0,1.01389971319646e-06,-1.60313669698072e-06,3.63093612337364e-06,0.0209343038865591,-2.36690506594852,2.40877367372164,0.0418686077704909,-4.73381013154955,4.81754734709053
51,"2020-05-09",0.0115495668912416,0,0,0,1.06711713512236e-06,-1.67021767302479e-06,3.80445194326951e-06,0.0207808088442907,-2.336094135644,2.37765575333258,0.0415616176859885,-4.67218827094673,4.75531150631871
52,"2020-05-10",0.012847965738758,0,0,0,1.12312785612722e-06,-1.73995246195982e-06,3.98620817421426e-06,0.0206284392623257,-2.30560778243427,2.34686466095892,0.0412568785220922,-4.61121556453338,4.69372932157757
53,"2020-05-11",0.0135746606334842,0,0,0,1.18207849582601e-06,-1.81243646594079e-06,4.17659345759281e-06,0.0204771868885349,-2.27544290301864,2.31639727679571,0.0409543737745441,-4.55088580570813,4.63279455325722
54,"2020-05-12",0.0135746606334842,0,0,0,1.24412337016923e-06,-1.88776784695224e-06,4.3760145872907e-06,0.0203270435312959,-2.24559642215488,2.28625050921747,0.040654087060099,-4.4911928439865,4.5725010181067
55,"2020-05-13",0.0125874125874126,0,0,0,1.3094248954598e-06,-1.96604755105209e-06,4.58489734197168e-06,0.0201780010590488,-2.21606529241458,2.25642129453268,0.0403560021156372,-4.43213058451172,4.51284258874299
56,"2020-05-14",0.0135338345864662,0,0,0,1.37815401358001e-06,-2.04737932804354e-06,4.80368735520357e-06,0.0200300513998564,-2.18684649394069,2.2269065967404,0.0400601027972847,-4.37369298756967,4.45381319316424
57,"2020-05-15",0.0135338345864662,0,0,0,1.4504906395424e-06,-2.13186974631887e-06,5.03285102540367e-06,0.0198831865409666,-2.15793703420692,2.19770340728886,0.039766373079537,-4.31587406810778,4.39540681426686
58,"2020-05-16",0.0141732283464567,0,0,0,1.52662413253636e-06,-2.21962820266837e-06,5.27287646774109e-06,0.0197373985283786,-2.1293339477794,2.16880874483616,0.0394747970543928,-4.25866789525832,4.33761748936711
59,"2020-05-17",0.0141732283464567,0,0,0,1.60675379170427e-06,-2.31076692691287e-06,5.52427451032141e-06,0.0195926794664124,-2.10103429608022,2.14021965501305,0.0391853589304916,-4.20206859186545,4.28043930972643
60,"2020-05-18",0.0127272727272727,0,0,0,1.69108937794547e-06,-2.40540098130224e-06,5.78757973719317e-06,0.0194490215172805,-2.07303516715302,2.11193321018759,0.0388980430322588,-4.14607033401648,4.22386642008099
61,"2020-05-19",0.0152173913043478,0,0,0,1.77985166311458e-06,-2.50364825472873e-06,6.0633515809579e-06,0.0193064169006643,-2.04533367543066,2.08394650923199,0.038612833799057,-4.09066735057708,4.16789301817519
62,"2020-05-20",0.0166666666666667,0,0,0,1.87327300805261e-06,-2.60562945193615e-06,6.35217546804136e-06,0.0191648578932917,-2.01792696150466,2.05625667729124,0.0383297157843423,-4.03585392273032,4.112513354299
63,"2020-05-21",0.00833333333333333,0,0,0,1.97159797096453e-06,-2.71146807806883e-06,6.65466401999789e-06,0.0190243368285199,-1.99081219189684,2.02886086555388,0.0380486736548287,-3.98162438351983,4.05772173082949
64,"2020-05-22",0.00833333333333333,0,0,0,2.07508394774639e-06,-2.82129042080629e-06,6.97145831629907e-06,0.0188848460959194,-1.96398655883274,2.00175625102458,0.037769692189657,-3.9279731173967,4.00351250177601
65,"2020-05-23",0.00833333333333333,0,0,0,2.18400184713561e-06,-2.93522574343457e-06,7.30322943770579e-06,0.0187463781408619,-1.93744728001704,1.97494003629876,0.0374927562795715,-3.87489455977033,3.94988007232948
66,"2020-05-24",0.00833333333333333,0,0,0,2.29863680156182e-06,-3.05340652472992e-06,7.65068012785356e-06,0.0186089254641117,-1.91119159841089,1.94840944933912,0.0372178509261001,-3.82238319656296,3.89681889841516
67,"2020-05-25",0.00833333333333333,0,0,0,2.41928891206339e-06,-3.1759681013423e-06,8.01454592546908e-06,0.0184724806214191,-1.88521678201109,1.92216174325392,0.0369449612407437,-3.77043356376822,3.8443234862497
68,"2020-05-26",0.00833333333333333,0,0,0,2.54627403390597e-06,-3.30304855010337e-06,8.3955966179153e-06,0.0183370362231172,-1.85952012363117,1.89619419607741,0.0366740724441684,-3.71904024701318,3.79238839190152
69,"2020-05-27",0.00833333333333333,0,0,0,2.67992460371218e-06,-3.43478859666297e-06,8.79463780408733e-06,0.0182025849337218,-1.83409894068439,1.87050411055184,0.0364051698654057,-3.66819788112433,3.74100822085514
70,"2020-05-28",0.00833333333333333,0,0,0,2.82059051002344e-06,-3.57133150558294e-06,9.21251252562982e-06,0.0180691194715343,-1.80895057496852,1.84508881391159,0.0361382389410585,-3.61790114969723,3.69017762757934
71,"2020-05-29",0.00833333333333333,0,0,0,2.96864000957463e-06,-3.71282295032466e-06,9.65010296947392e-06,0.017936632608247,-1.78407239245245,1.81994565766895,0.0358732652145114,-3.56814478466964,3.63989131509866
72,"2020-05-30",0,0,0,0,3.1244606916825e-06,-3.8594108615223e-06,1.01083322448873e-05,0.0178051171685519,-1.75946178306468,1.79507201740178,0.0356102343351484,-3.5189235658986,3.5901440345689
73,"2020-05-31",0,0,0,0,3.28846049327465e-06,-4.01124525190298e-06,1.05881662384523e-05,0.0176745660297517,-1.73511616048355,1.77046529254305,0.035349132057575,-3.47023232074078,3.54093058485593
74,"2020-06-01",0,0,0,0,3.46106876721876e-06,-4.16847801620086e-06,1.10906155506384e-05,0.0175449721213748,-1.71103296192933,1.74612290617208,0.0350899442408476,-3.42206592363668,3.49224581211837
75,"2020-06-02",0,0,0,0,3.6427374067513e-06,-4.33126270442001e-06,1.16167375179226e-05,0.0174163284247914,-1.68720964795797,1.72204230480756,0.0348326568477076,-3.37441929569828,3.4440846093937
76,"2020-06-03",0,0,0,0,3.8339420289522e-06,-4.49975426683471e-06,1.21676383247391e-05,0.0172886279728343,-1.66364370225674,1.6982209582024,0.0345772559438193,-3.32728740430002,3.39644191618766
77,"2020-06-04",0,0,0,0,4.03518322036655e-06,-4.67410876918212e-06,1.27444752099152e-05,0.0171618638494208,-1.64033263144148,1.67465635914032,0.0343237276970181,-3.28066526267365,3.34931271806769
78,"2020-06-05",0,0,0,0,4.24698784803748e-06,-4.85448307660805e-06,1.3348458772683e-05,0.0170360291891788,-1.61727396485572,1.65134602323408,0.0340720583765595,-3.23454792950624,3.30269204625935
79,"2020-06-06",0,0,0,0,4.46991043938565e-06,-5.0410345050781e-06,1.39808553838494e-05,0.0169111171770743,-1.5944652543714,1.62828748872555,0.0338222343523758,-3.18893050854161,3.25657497724636
80,"2020-06-07",0,0,0,0,4.7045346345514e-06,-5.23392043917545e-06,1.46429897082783e-05,0.016787121048043,-1.57190407419132,1.60547831628741,0.0335742420943381,-3.14380814818542,3.21095663237409
81,"2020-06-08",0,0,0,0,4.95147471500565e-06,-5.43329791548112e-06,1.53362473454924e-05,0.0166640340866234,-1.54958802065333,1.58291608882658,0.0333280681715235,-3.09917604111334,3.16583217745639
82,"2020-06-09",0,0,0,0,5.2113772124352e-06,-5.63932317108578e-06,1.60620775959562e-05,0.0165418496265933,-1.52751471203611,1.56059841128929,0.0330836992514878,-3.05502942388273,3.12119682238571
83,"2020-06-10",0,0,0,0,5.48492260211907e-06,-5.8521511572286e-06,1.68219963614667e-05,0.0164205610506086,-1.50568178836664,1.53852291046785,0.0328411220995427,-3.01136357654758,3.07704582074667
84,"2020-06-11",0,0,0,0,5.77282708523359e-06,-6.07193501861255e-06,1.76175891890797e-05,0.0163001617898456,-1.48408691122939,1.51668723480908,0.0326003235780403,-2.96817382227679,3.03337446943287
85,"2020-06-12",0,0,0,0,6.07584446477245e-06,-6.29882555312692e-06,1.84505144826718e-05,0.016180645323644,-1.46272776357697,1.49508905422425,0.0323612906456608,-2.92545552697562,2.99017810826694
86,"2020-06-13",0,0,0,0,6.39476812091319e-06,-6.532971470381e-06,1.93225077122074e-05,0.0160620051791548,-1.44160204954257,1.47372605990088,0.0321240103567058,-2.88320409891042,2.94745211962383
87,"2020-06-14",0,0,0,0,6.73043308993499e-06,-6.77451947053087e-06,2.02353856504008e-05,0.0159442349309895,-1.42070749425391,1.45259596411589,0.0318884698603985,-2.84141498833665,2.90519192805745
88,"2020-06-15",0,0,0,0,7.08371825040285e-06,-7.02361251537827e-06,2.1191049016184e-05,0.0158273282008719,-1.40004184364879,1.43169650005053,0.031654656400186,-2.80008368712987,2.86339299993025
89,"2020-06-16",0,0,0,0,7.45554862524849e-06,-7.28038890090746e-06,2.21914861514044e-05,0.0157112786572926,-1.3796028642922,1.41102542160678,0.0314225573130499,-2.75920572842013,2.82205084304623
90,"2020-06-17",0,0,0,0,7.84689780487857e-06,-7.54498135014964e-06,2.32387769599068e-05,0.0155960800151663,-1.35938834319508,1.39058050322542,0.0311921600288198,-2.71877668622928,2.78116100628692
91,"2020-06-18",0,0,0,0,8.25879049754694e-06,-7.81751601857153e-06,2.43350970136654e-05,0.0154817260354916,-1.33939608763454,1.37035953970553,0.0309634520694925,-2.67879217511151,2.7407190792505
92,"2020-06-19",0,0,0,0,8.69230521367603e-06,-8.09811140570933e-06,2.54827218330614e-05,0.0153682105250127,-1.31962392497561,1.35036034602564,0.0307364210485566,-2.63924784979692,2.70072069189403
93,"2020-06-20",0,0,0,0,9.14857709116441e-06,-8.38687716658607e-06,2.66840313489149e-05,0.0152555273358841,-1.30006970249459,1.33058075716636,0.0305110546703211,-2.60013940483809,2.66116151417874
94,"2020-06-21",0,0,0,0,9.62880086908667e-06,-8.6839128163155e-06,2.79415145544888e-05,0.0151436703653378,-1.28073128720386,1.31101862793454,0.0302873407292499,-2.56146257425979,2.62203725571829
95,"2020-06-22",0,0,0,0,1.01342340175815e-05,-8.98930632122071e-06,2.92577743563837e-05,0.0150326335553526,-1.26160656567819,1.29167183278889,0.0300652671093006,-2.52321313121154,2.58334366543014
96,"2020-06-23",0,0,0,0,1.06662000321331e-05,-9.30313256979789e-06,3.06355326340642e-05,0.0149224108923261,-1.24269344388254,1.27253826566719,0.0298448217832685,-2.4853868876233,2.54507653118984
97,"2020-06-24",0,0,0,0,1.12260919008828e-05,-9.62545171695269e-06,3.20776355187184e-05,0.0148129964067491,-1.22398984700138,1.25361583981488,0.0296259928121352,-2.44797969386398,2.50723167948825
98,"2020-06-25",0,0,0,0,1.18153757540601e-05,-9.9563073951495e-06,3.35870589032697e-05,0.0147043841728819,-1.20549371926935,1.23490248761512,0.0294087683444212,-2.41098743840288,2.46980497509172
99,"2020-06-26",0,0,0,0,1.24355947051026e-05,-1.02957247864693e-05,3.51669141966744e-05,0.014596568308434,-1.18720302380355,1.21639616042041,0.0291931366155456,-2.37440604747417,2.43279232070526
100,"2020-06-27",0,0,0,0,1.3088372893534e-05,-1.06437085500966e-05,3.68204543371647e-05,0.0144895429742449,-1.16911574243705,1.19809482838554,0.0289790859471875,-2.33823148474404,2.39618965663841
101,"2020-06-28",0,0,0,0,1.37754197402023e-05,-1.10002406004875e-05,3.8551080080892e-05,0.0143833023739684,-1.15122987555405,1.17999648030198,0.0287666047466542,-2.30245975098084,2.35999296047414
102,"2020-06-29",0,0,0,0,1.4498534426032e-05,-1.13652777324427e-05,4.03623465845067e-05,0.0142778407537581,-1.13354344192626,1.16209912343378,0.0285556815062533,-2.26708688372803,2.32419824674053
103,"2020-06-30",0,0,0,0,1.52596106060374e-05,-1.17387490905757e-05,4.22579703026505e-05,0.0141731524019565,-1.11605447855082,1.14440078335473,0.0283463048026695,-2.23210895697986,2.2888015665852
104,"2020-07-01",0,0,0,0,1.60606413709546e-05,-1.21205534822699e-05,4.4241836224179e-05,0.014069231648785,-1.09876104048952,1.12689950378709,0.0281384632963455,-2.19752208085993,2.25379900745262
105,"2020-07-02",0,0,0,0,1.69037244695037e-05,-1.25105565352283e-05,4.63180054742356e-05,0.0139660728660371,-1.08166120070944,1.10959334644152,0.0279321457308687,-2.1633224013024,2.21918669276414
106,"2020-07-03",0,0,0,0,1.77910678049577e-05,-1.29085877939901e-05,4.84907234039056e-05,0.0138636704667736,-1.06475304992495,1.0924803908585,0.0277273409323605,-2.12950609973599,2.18496078160071
107,"2020-07-04",0,0,0,0,1.87249952198357e-05,-1.33144408902594e-05,5.07644313299308e-05,0.0137620189050201,-1.04803469644106,1.0755587342511,0.027524037808872,-2.09606939277075,2.15111746838849
108,"2020-07-05",0,0,0,0,1.97079525847994e-05,-1.37278719275949e-05,5.31437770971937e-05,0.0136611126754665,-1.03150426599812,1.05882649134905,0.0273222253497831,-2.06300853188736,2.11765298258692
109,"2020-07-06",0,0,0,0,2.07425142083544e-05,-1.41485924740037e-05,5.56336208907126e-05,0.0135609463131687,-1.01515990161783,1.04228179424417,0.0271218926252056,-2.03031980312921,2.08456358837963
110,"2020-07-07",0,0,0,0,2.18313895826427e-05,-1.45762652295441e-05,5.82390443948296e-05,0.0134615143932531,-0.99899976345061,1.02592279223712,0.0269230287853923,-1.99799952679718,2.05184558436796
111,"2020-07-08",0,0,0,0,2.29774304835615e-05,-1.50104996021712e-05,6.09653605692942e-05,0.0133628115306223,-0.983022028624248,1.00974765168549,0.0267256230601483,-1.96604405714682,2.01949530326711
112,"2020-07-09",0,0,0,0,2.41836384438731e-05,-1.54508469348011e-05,6.38181238225473e-05,0.0132648323796636,-0.967224891093848,0.993754555853175,0.0265296647582485,-1.93444978208834,1.98750911160484
113,"2020-07-10",0,0,0,0,2.54531726189052e-05,-1.58967953603732e-05,6.68031405981837e-05,0.0131675716339597,-0.951606561493095,0.977941704761015,0.026335143266858,-1.90321312288912,1.95588340942283
114,"2020-07-11",0,0,0,0,2.67893580654709e-05,-1.63477642610365e-05,6.99264803919783e-05,0.0130710240260012,-0.93616526698676,0.962307315038763,0.026142048050958,-1.87233053387868,1.9246146299806
115,"2020-07-12",0,0,0,0,2.81956944557207e-05,-1.68030983071059e-05,7.31944872185472e-05,0.012975184326901,-0.920899251124488,0.94684961977829,0.0259503686527744,-1.84179850215634,1.89369923946189
116,"2020-07-13",0,0,0,0,2.96758652487842e-05,-1.72620610511858e-05,7.66137915487543e-05,0.0128800473461115,-0.905806773695852,0.931566868388075,0.0257600946912122,-1.81161354730123,1.86313373668365
117,"2020-07-14",0,0,0,0,3.12337473442547e-05,-1.77238280528914e-05,8.01913227414008e-05,0.0127856079311435,-0.89088611058664,0.916457326448927,0.0255712158612928,-1.78177222108493,1.83291465280752
118,"2020-07-15",0,0,0,0,3.28734212428385e-05,-1.81874795099914e-05,8.39343219956684e-05,0.0126918609672869,-0.876135553636365,0.901519275570939,0.0253837219335959,-1.75227110718646,1.80303855105366
119,"2020-07-16",0,0,0,0,3.45991817408214e-05,-1.86519923726297e-05,8.78503558542726e-05,0.0125988013773338,-0.861553410497043,0.886751013251711,0.0251976027537059,-1.72310682090987,1.77350202641728
120,"2020-07-17",0,0,0,0,3.6415549186403e-05,-1.9116231918651e-05,9.19473302914571e-05,0.0125064241213036,-0.84713800449312,0.872150852735727,0.0250128482416614,-1.69427600890403,1.74430170538735
121,"2020-07-18",0,0,0,0,3.83272813274274e-05,-1.9578942770076e-05,9.62335054249308e-05,0.0124147241961699,-0.832887674482664,0.857717122875004,0.0248294483914097,-1.66577534888509,1.71543424566791
122,"2020-07-19",0,0,0,0,4.03393857815892e-05,-2.00387393335762e-05,0.000100717510896755,0.0123236966355896,-0.81880077471972,0.843448167990899,0.0246473932702647,-1.63760154936115,1.68689633590168
123,"2020-07-20",0,0,0,0,4.24571331618273e-05,-2.0494095651539e-05,0.000105408361975194,0.012233336509634,-0.804875674717853,0.829342347737121,0.024466673018369,-1.60975134935931,1.65868469539605
124,"2020-07-21",0,0,0,0,4.468607089134e-05,-2.09433346551727e-05,0.000110315476437853,0.0121436389245219,-0.791110759114869,0.815398036963912,0.02428727784816,-1.58222151815521,1.63079607385153
125,"2020-07-22",0,0,0,0,4.70320377444649e-05,-2.13846168172926e-05,0.000115448692306222,0.0120545990223541,-0.777504427538685,0.801613625583393,0.0241091980438395,-1.55500885500468,1.60322725109236
126,"2020-07-23",0,0,0,0,4.95011791515667e-05,-2.1815928210182e-05,0.000120818286513315,0.0119662119808508,-0.764055094474395,0.787987518436097,0.0239324239608478,-1.52811018887789,1.57597503679959
127,"2020-07-24",0,0,0,0,5.20999633073166e-05,-2.22350685377015e-05,0.000126434995152335,0.0118784730130903,-0.750761189132424,0.774518135158604,0.0237569460253415,-1.50152237819572,1.5490362702464
128,"2020-07-25",0,0,0,0,5.48351981079384e-05,-2.2639651083235e-05,0.000132310047299112,0.0117913773672496,-0.737621155317856,0.761203910052356,0.0235827547336745,-1.47524231056831,1.52240782003566
129,"2020-07-26",0,0,0,0,5.77140489926402e-05,-2.30270923419303e-05,0.000138455190327211,0.011704920326347,-0.724633451300884,0.748043291953578,0.0234098406518838,-1.44926690253608,1.49608658383984
130,"2020-07-27",0,0,0,0,6.07440577419819e-05,-2.33945860098182e-05,0.000144882701493782,0.011619097207987,-0.711796549688363,0.735034744104337,0.0232381944151781,-1.4235930993127,1.47006948814306
131,"2020-07-28",0,0,0,0,6.39331622486174e-05,-2.37390858773464e-05,0.000151605410374581,0.0115339033641065,-0.699108937296475,0.722176744024689,0.0230678067274311,-1.39821787453056,1.44435348798543
132,"2020-07-29",0,0,0,0,6.72897173260793e-05,-2.4057288045172e-05,0.000158636722697331,0.0114493341807228,-0.686569115024496,0.709467783385941,0.0228986683606776,-1.37313822998821,1.41893556670956
133,"2020-07-30",0,0,0,0,7.08225166109454e-05,-2.43456118615894e-05,0.00016599064508348,0.0113653850776843,-0.674175597729649,0.696906367885017,0.0227307701546142,-1.34835119540009,1.39381273570932
134,"2020-07-31",0,0,0,0,7.45408156158467e-05,-2.46001794997149e-05,0.000173681810731408,0.0112820515084217,-0.661926914103033,0.684491017119876,0.0225641030161026,-1.3238538281484,1.36898203418061
135,"2020-08-01",0,0,0,0,7.84543559938085e-05,-2.48167940904008e-05,0.000181725506078018,0.0111993289597025,-0.649821606546638,0.672220264466043,0.0223986579186777,-1.29964321303713,1.34444052887448
136,"2020-08-02",0,0,0,0,8.25733910775829e-05,-2.49909163254018e-05,0.000190137698480568,0.0111172129513862,-0.637858231051391,0.660092656954163,0.0222344259020582,-1.27571646204812,1.32018531385223
137,"2020-08-03",0,0,0,0,8.69087127609913e-05,-2.51176394447562e-05,0.000198935064966739,0.0110356990361815,-0.626035357076285,0.648106755148648,0.022071398071662,-1.25207071409937,1.29621351024269
138,"2020-08-04",0,0,0,0,9.14716797928113e-05,-2.51916625229204e-05,0.000208135022108543,0.0109547827994058,-0.614351567428544,0.636261133027355,0.0219095655981236,-1.22870313480531,1.27252226600156
139,"2020-08-05",0,0,0,0,9.62742475574493e-05,-2.52072619701828e-05,0.000217755757085081,0.010874459858746,-0.602805458144804,0.624554377862296,0.0217489197168168,-1.20561091623923,1.24910875567287
140,"2020-08-06",0,0,0,0,0.00010132899942055,-2.51582611696354e-05,0.000227816260010735,0.010794725864021,-0.591395638373353,0.612985090101395,0.0215894517273794,-1.1827912766977,1.22597018015246
141,"2020-08-07",0,0,0,0,0.000106649179721795,-2.50379981758767e-05,0.000238336357619468,0.0107155764969462,-0.580120730257366,0.601551883251259,0.0214311529932423,-1.16024146046708,1.20310376645356
142,"2020-08-08",0,0,0,0,0.000112248728501481,-2.48392914101475e-05,0.00024933674841311,0.0106370074708997,-0.568979368819151,0.590253383760951,0.0212740149411617,-1.13795873759196,1.18050676747428
143,"2020-08-09",0,0,0,0,0.000118142318051989,-2.45544032983067e-05,0.000260839039402285,0.0105590145306902,-0.557970201845413,0.579088230906793,0.0211180290607548,-1.11594040364578,1.15817646176729
144,"2020-08-10",0,0,0,0,0.000124345391390101,-2.41750018135905e-05,0.000272865784593793,0.010481593452326,-0.547091889773487,0.568055076678139,0.0209631869040386,-1.09418377950319,1.13611015331127
145,"2020-08-11",0,0,0,0,0.000130874202751103,-2.36921199062378e-05,0.000285440525408443,0.0104047400427873,-0.536343105578589,0.557152585664163,0.0208094800849729,-1.07268621111463,1.11430517128458
146,"2020-08-12",0,0,0,0,0.000137745860210968,-2.30961128277005e-05,0.000298587833249637,0.0103284501397978,-0.525722534662,0.546379434941596,0.0206569002790057,-1.05144506928267,1.09275886984069
147,"2020-08-13",0,0,0,0,0.000144978370548484,-2.23766133893433e-05,0.000312333354486312,0.0102527196116004,-0.515228874740266,0.535734313963466,0.0205054392226225,-1.03045774944039,1.07146862788564
148,"2020-08-14",0,0,0,0,0.000152590686434173,-2.15224884207444e-05,0.000326703861289089,0.0101775443567328,-0.504860835735322,0.525215924448787,0.0203550887128989,-1.00972167143167,1.05043184885747
149,"2020-08-15",0,0,0,0,0.000160602755636023,-2.05218415947349e-05,0.000341727352866781,0.0101029203038056,-0.494617139665594,0.514822980273205,0.0202058406070559,-0.989234279293353,1.02964596050746
150,"2020-08-16",0,0,0,0,0.000169035573302769,-1.93619653550654e-05,0.000357433111960604,0.0100288434112818,-0.48449652053803,0.504554207360594,0.0200576868220195,-0.968993041039344,1.00910841468338
151,"2020-08-17",0,0,0,0,0.000177911237346206,-1.80292495251911e-05,0.000373851724217603,0.00995530966725773,-0.474497724241085,0.4944083435756,0.0199106193339825,-0.94899544844655,0.988816687114515
152,"2020-08-18",0,0,0,0,0.000187253006379391,-1.65091194561712e-05,0.000391015132214953,0.00988231508924598,-0.464619508438619,0.484384138617111,0.0197646301779698,-0.929239016842684,0.968768277198623
153,"2020-08-19",0,0,0,0,0.000197085360687168,-1.47859710956205e-05,0.000408956692469956,0.00980985572395962,-0.454860642464735,0.474480353912654,0.0196197114474079,-0.909721284895963,0.948960707790779
154,"2020-08-20",0,0,0,0,0.00020743406639955,-1.28431016160321e-05,0.000427711234415133,0.00973792764709809,-0.445219907219523,0.464695762513719,0.0194758552936956,-0.890439814406566,0.929391524993957
155,"2020-08-21",0,0,0,0,0.000218326243036241,-1.06626353227169e-05,0.000447315121395198,0.00966652696313475,-0.435696095065719,0.455029148991988,0.0193330539257794,-0.871392190099959,0.910058297951518
156,"2020-08-22",0,0,0,0,0.000229790434599359,-8.22544455517855e-06,0.000467806313753897,0.00959564980510582,-0.426288009726259,0.445479309336471,0.019191299609732,-0.852576019422022,0.890958618641486
157,"2020-08-23",0,0,0,0,0.000241856684400793,-5.51106529221945e-06,0.000489224434093806,0.00952529233440089,-0.416994466182737,0.436045050851539,0.0190505846683325,-0.833988932335938,0.872090101672603
158,"2020-08-24",0,0,0,0,0.000254556613820349,-2.49760717126104e-06,0.000511610834811959,0.00945545074055524,-0.407814290574746,0.426725192055857,0.0189109014806513,-0.815628581120893,0.853450384082196
159,"2020-08-25",0,0,0,0,0.000267923505201207,8.38342362623732e-07,0.00053500866803979,0.00938612124104326,-0.398746320100102,0.417518562582189,0.0187722424816374,-0.797492640172521,0.835037125135796
160,"2020-08-26",0,0,0,0,0.000281992389100015,4.52182005147123e-06,0.00055946295814856,0.00931730008107368,-0.389789402915945,0.408424003078093,0.0186346001617081,-0.779578805805103,0.816848006128519
161,"2020-08-27",0,0,0,0,0.000296800136120389,8.57959521792604e-06,0.000585020677022851,0.00924898353338618,-0.380942398040705,0.399440365107478,0.018497967066343,-0.761884796055502,0.798880730188188
162,"2020-08-28",0,0,0,0,0.000312385553570592,1.30402847845673e-05,0.000611730822356617,0.00918116789804962,-0.372204175256944,0.390566511053043,0.0183623357956796,-0.744408350488837,0.781133022080196
163,"2020-08-29",0,0,0,0,0.000328789487198827,1.79344751068103e-05,0.000639644499290843,0.00911384950226153,-0.363573615015039,0.381801314019562,0.018227699004113,-0.727147230005864,0.76360262801409
164,"2020-08-30",0,0,0,0,0.000346054928272864,2.32948507537894e-05,0.000668815005791939,0.00904702470014934,-0.35504960833773,0.373143657738029,0.018094049399898,-0.710099216652062,0.746287315451858
165,"2020-08-31",0,0,0,0,0.000364227126284777,2.91563303011542e-05,0.000699297922268401,0.00898068987257271,-0.346631056725507,0.364592436470652,0.0179613797447541,-0.693262113428415,0.729184872917924
166,"2020-09-01",0,0,0,0,0.000383353707576278,3.55562091085585e-05,0.000731151206043997,0.00891484142692778,-0.33831687206285,0.356146554916705,0.0178296828534735,-0.676633744103883,0.71229310981083
167,"2020-09-02",0,0,0,0,0.000403484800195662,4.25343089383146e-05,0.000764435291453009,0.00884947579695237,-0.330105976525289,0.347804928119194,0.0176989515935318,-0.660211953029524,0.695609856216588
168,"2020-09-03",0,0,0,0,0.000424673165313743,5.01331341252129e-05,0.000799213196502273,0.00878458944253306,-0.321997302487322,0.339566481372388,0.0175691788847021,-0.643994604954333,0.679132962723737
169,"2020-09-04",0,0,0,0,0.000446974334393853,5.83980161910858e-05,0.00083555065259662,0.0087201788495132,-0.313989792431133,0.33143015013016,0.0174403576986713,-0.627979584842682,0.662860300240024
170,"2020-09-05",0,0,0,0,0.000470446741621118,6.73770774379916e-05,0.000873516405804245,0.00865624052950287,-0.306082398856167,0.323394879915173,0.0173124810586593,-0.612164797693457,0.646789759810775
171,"2020-09-06",0,0,0,0,0.000495151878664102,7.71214275132779e-05,0.000913182329814925,0.00859277101968966,-0.298274084189502,0.315459626228881,0.0171855420390416,-0.596548168360817,0.6309192524389
172,"2020-09-07",0,0,0,0,0.000521154462911798,8.76854704787399e-05,0.000954623455344856,0.00852976688265143,-0.290563820697061,0.307623354462364,0.0170595337649737,-0.581127641376611,0.615246708906558
173,"2020-09-08",0,0,0,0,0.000548522606631063,9.91271143530262e-05,0.000997918098909099,0.0084672247061699,-0.28295059039564,0.29988503980798,0.0169344494120191,-0.565901180774426,0.599770079598465
174,"2020-09-09",0,0,0,0,0.000577327994828591,0.000111507992316997,0.00104314799734018,0.00840514110304599,-0.275433384965747,0.292243667171839,0.0168102822057796,-0.550866769915281,0.584487334326841
175,"2020-09-10",0,0,0,0,0.000607646072415408,0.000124893698533226,0.00109039844629759,0.00834351271091631,-0.268011205665276,0.284698231087109,0.0166870254215285,-0.536022411314964,0.569396462158021
176,"2020-09-11",0,0,0,0,0.000639556241159389,0.000139354039491092,0.00113975844282769,0.00828233619207108,-0.26068306324399,0.277247735628132,0.0165646723838462,-0.521366126473001,0.554495471240694
177,"2020-09-12",0,0,0,0,0.000673142066936505,0.000154963301802673,0.00119132083207034,0.00822160823327335,-0.25344797785884,0.269891194325386,0.0164432164662587,-0.506895955703293,0.53978238863581
178,"2020-09-13",0,0,0,0,0.000708491497818215,0.000171800537375223,0.00124518245826121,0.00816132554557961,-0.246304978990108,0.262627630081267,0.0163226510908792,-0.492609957966408,0.525255260148166
179,"2020-09-14",0,0,0,0,0.000745697093560217,0.000189949866868789,0.00130144432025164,0.00810148486416158,-0.239253105358391,0.255456075086714,0.016202969728051,-0.478506210703537,0.510912150159639
180,"2020-09-15",0,0,0,0,0.000784856267087307,0.000209500802307811,0.0013602117318668,0.00804208294812946,-0.232291404842427,0.248375570738686,0.0160841658959944,-0.464582809672157,0.496751141464146
181,"2020-09-16",0,0,0,0,0.000826071538600015,0.000230548589646768,0.00142159448755326,0.0079831165803564,-0.225418934397787,0.2413851675585,0.0159662331604559,-0.450837868783409,0.482770335104321
182,"2020-09-17",0,0,0,0,0.000869450802961104,0.000253194571984404,0.0014857070339378,0.00792458256730421,-0.218634759976428,0.234483925111036,0.0158491651343591,-0.437269519941208,0.468967850209927
183,"2020-09-18",0,0,0,0,0.000915107611054435,0.000277546573969571,0.0015526686481393,0.00786647773885048,-0.211937956447152,0.227670911924852,0.0157329554774591,-0.423875912883162,0.45534182383808
184,"2020-09-19",0,0,0,0,0.000963161465844599,0.000303719307732356,0.00162260362395684,0.00780879894811684,-0.205327607516973,0.220945205413207,0.0156175978959991,-0.410655215023295,0.441890410815293
185,"2020-09-20",0,0,0,0,0.00101373813390349,0.000331834800392988,0.00169564146741399,0.00775154307129855,-0.198802805653436,0.214305891796034,0.0155030861423698,-0.397605611296698,0.428611783581437
186,"2020-09-21",0,0,0,0,0.00106696997321007,0.000362022842830862,0.00177191710358927,0.00769470700749529,-0.192362652007913,0.207752066022904,0.0153894140147704,-0.384725304006114,0.415504132035655
187,"2020-09-22",0,0,0,0,0.00112299627807116,0.000394421458915252,0.00185157109722707,0.00763828767854327,-0.186006256339935,0.201282831697022,0.0152765753568734,-0.372012512670608,0.402565663384355
188,"2020-09-23",0,0,0,0,0.00118196364205545,0.000429177393782611,0.00193474989032829,0.00758228202884847,-0.179732736942611,0.194897301000308,0.0151645640574908,-0.359465473876396,0.389794601991378
189,"2020-09-24",0,0,0,0,0.00124402633987904,0.000466446618960664,0.00202160606079742,0.00752668702522118,-0.173541220569198,0.188594594619641,0.0150533740502431,-0.347082441129995,0.377189189230482
190,"2020-09-25",0,0,0,0,0.00130934668901705,0.000506394745580829,0.00211229863245327,0.00747149965671172,-0.167430842360926,0.182373841674349,0.0149429993132309,-0.334861684713861,0.364747683340323
191,"2020-09-26",0,0,0,0,0.00137809513589645,0.000549196647094586,0.0022069936246983,0.00741671693444742,-0.161400745776165,0.176234179645059,0.014833433868709,-0.322801491544737,0.352468359282155
192,"2020-09-27",0,0,0,0,0.00145045079103538,0.000595037199728519,0.00230586438234224,0.0073623358914706,-0.155450082521089,0.17017475430403,0.014724671782762,-0.310900165034973,0.340349508600497
193,"2020-09-28",0,0,0,0,0.00152660204173102,0.000644112277511746,0.00240909180595029,0.00730835358257804,-0.149578012482,0.164194719647156,0.0146167071649835,-0.299156024957172,0.328389439287138
194,"2020-09-29",0,0,0,0,0.00160674702788751,0.000696629385187357,0.00251686467058765,0.00725476708416148,-0.143783703659521,0.158293237827844,0.0145095341681567,-0.287567407312575,0.316586475648888
195,"2020-09-30",0,0,0,0,0.00169109414025099,0.000752808324586635,0.00262937995591534,0.00720157349404908,-0.138066332104926,0.152469479093024,0.0144031469879383,-0.276132664203736,0.304938958179612
196,"2020-10-01",0,0,0,0,0.00177986254363388,0.00081288190006103,0.00274684318720673,0.00714876993134851,-0.132425081858968,0.146722621721665,0.0142975398625434,-0.264850163712159,0.293445243437245
197,"2020-10-02",0,0,0,0,0.00187328272635144,0.000877096664856495,0.00286946878784639,0.00709635353629067,-0.126859144893617,0.141051851966199,0.0141927070724339,-0.253718289781787,0.282103703926655
198,"2020-10-03",0,0,0,0,0.00197159707715112,0.000945713710162932,0.00299748044413931,0.00704432147007505,-0.121367721057298,0.135456363997448,0.0140886429400088,-0.242735442109466,0.270912727989484
199,"2020-10-04",0,0,0,0,0.00207506049097618,0.00101900949832253,0.00313111148362982,0.00699267091471578,-0.115950018024334,0.129935359853766,0.0139853418292962,-0.231900036043845,0.259870719702438
200,"2020-10-05",0,0,0,0,0.00218394100496807,0.00109727674130401,0.00327060526863214,0.00694139907288915,-0.110605251249584,0.124488049395362,0.0138827981456489,-0.22121050249464,0.248976098785938
201,"2020-10-06",0,0,0,0,0.00229852046617805,0.00118082532500713,0.00341621560734896,0.00689050316778202,-0.105332643929507,0.119113650265071,0.0137810063354405,-0.210665287854772,0.238227300525653
202,"2020-10-07",0,0,0,0,0.00241909523252799,0.00126998327920709,0.0035682071858489,0.00683998044294151,-0.100131426971369,0.113811387857252,0.0136799608857652,-0.200262853938773,0.227622775710303
203,"2020-10-08",0,0,0,0,0.00254597690863236,0.00136509779191711,0.0037268560253476,0.00678982816212566,-0.0950008389728368,0.108580495297088,0.0135796563241392,-0.190001677941973,0.217160990590251
204,"2020-10-09",0,0,0,0,0.00267949311816833,0.0014665362655669,0.00389244997076975,0.00674004360915519,-0.089940126215058,0.103420213433368,0.013480087218204,-0.179880252426672,0.20684042686308
205,"2020-10-10",0,0,0,0,0.00281998831456086,0.00157468741056337,0.00406528921855835,0.00669062408776661,-0.0849485426734981,0.0983297908490313,0.0133812481754323,-0.169897085343797,0.196659581694662
206,"2020-10-11",0,0,0,0,0.00296782463183038,0.00168996236939442,0.00424568689426634,0.00664156692146588,-0.0800253500524674,0.0933084838953992,0.0132831338428363,-0.160050700101972,0.186616967787645
207,"2020-10-12",0,0,0,0,0.00312338277753824,0.00181279586130062,0.00443396969377587,0.0065928694533837,-0.0751698178518014,0.0883555567585688,0.0131857389066774,-0.150339635700867,0.176711113514222
208,"2020-10-13",0,0,0,0,0.00328706296985345,0.00194364733346681,0.00463047860624009,0.00654452904613158,-0.0703812234778438,0.0834702815701069,0.0130890580921785,-0.140762446953169,0.166940563137526
209,"2020-10-14",0,0,0,0,0.00345928592085874,0.00208300209942429,0.00483556974229319,0.00649654308165885,-0.065658852416577,0.0786519385798947,0.0129930861632382,-0.131317704830845,0.157303877157321
210,"2020-10-15",0,0,0,0,0.00364049386831175,0.002231372438572,0.0050496152980515,0.00644890896111103,-0.0610019984955765,0.0738998164177986,0.0128978179221478,-0.122003996989043,0.147799632833339
211,"2020-10-16",0,0,0,0,0.0038311512924837,0.00238929803658562,0.00527300454838179,0.00640162410468907,-0.0564099642755358,0.0692132124849139,0.012803248209309,-0.112819928549153,0.138426424967771
212,"2020-10-17",0,0,0,0,0.00403174378256363,0.00255734306720522,0.00550614449792205,0.00635468595150951,-0.0518820616351501,0.0645914335381691,0.0127093719029549,-0.103764123268564,0.129182867074474
213,"2020-10-18",0,0,0,0,0.0042427801425703,0.002736098049149,0.00574946223599159,0.00630809195946591,-0.0474176126519237,0.0600337965708555,0.0126161839188726,-0.0948352253022854,0.120067593140031
214,"2020-10-19",0,0,0,0,0.00446479442550755,0.00292618188116867,0.00600340696984643,0.00626183960509113,-0.0430159509489472,0.0555396301591295,0.012523679210128,-0.0860319018964985,0.111079260316754
215,"2020-10-20",0,0,0,0,0.00469834712819333,0.00312824246782624,0.00626845178856041,0.00621592638342067,-0.0386764237995951,0.0511082765664364,0.0124318527667919,-0.0773528475979521,0.102216553131536
216,"2020-10-21",0,0,0,0,0.0049440264352934,0.00334295720814695,0.00654509566243986,0.00617034980785695,-0.0343983955119651,0.046739095127679,0.0123406996156692,-0.0687967910228418,0.0934781902541802
217,"2020-10-22",0,0,0,0,0.00520244951732013,0.00357103330935561,0.00683386572528465,0.00612510741003472,-0.0301812530705507,0.0424314678906201,0.0122502148200295,-0.0603625061401554,0.0848629357802143
218,"2020-10-23",0,0,0,0,0.00547426388463228,0.00381320787310922,0.00713531989615535,0.00608019673968736,-0.0260244159706783,0.0381848094500531,0.0121603934793393,-0.052048831940545,0.0763696188992236
219,"2020-10-24",0,0,0,0,0.00576014879952926,0.00407024768860357,0.00745004991045496,0.0060356153645141,-0.0219273543427607,0.0339985850717889,0.0120712307289974,-0.0438547086848369,0.0679971701428316
220,"2020-10-25",0,0,0,0,0.00606081674858963,0.00434294865082068,0.00777868484635857,0.00599136087004839,-0.0178896247798918,0.0298723465199886,0.0119827217400705,-0.0357792495592189,0.0597446930393599
221,"2020-10-26",0,0,0,0,0.00637701497746196,0.00463213470238415,0.00812189525253978,0.0059474308595271,-0.0139109478573116,0.0258058095763658,0.0118948617190323,-0.0278218957141712,0.0516116191522358
222,"2020-10-27",0,0,0,0,0.00670952709037145,0.00493865617334299,0.00848039800739991,0.00590382295376067,-0.0099913973596748,0.0217990432671961,0.0118076459075038,-0.0199827947190031,0.0435980865340107
223,"2020-10-28",0,0,0,0,0.00705917471666487,0.00526338736410188,0.00885496206922786,0.00586053479100435,-0.00613194776157301,0.0178530173435817,0.0117210695819955,-0.0122638955228984,0.0357060346868894
224,"2020-10-29",0,0,0,0,0.00742681924677068,0.00560722318218419,0.00924641531135718,0.00581756402683018,-0.0023365318046746,0.013971659858335,0.0116351280536514,-0.00467306360919411,0.0279433197164968
225,"2020-10-30",0,0,0,0,0.00781336364000958,0.00597107460351806,0.0096556526765011,0.00577490833400009,0.00137549887251797,0.0101743177954822,0.0115498166679954,0.00275099774510375,0.020348635590887
226,"2020-10-31",0.0171954314498052,0.00573181048326839,0,0.0114636209665368,0.00821975430674439,0.00635586268421296,0.0100836459292758,0.00573259577373484,0.00466337947541844,0.00680181207205125,0.011465191547469,0.00932675895081877,0.0136036241441192
227,"2020-11-01",0.0171954314498052,0.00573181048326839,0,0.0114636209665368,0.00864698306741431,0.00676251080158778,0.0105314553332409,0.00572621964444982,0.00470194025137231,0.00675049903752733,0.0114524392889005,0.00940388050275136,0.0135009980750496
228,"2020-11-02",0.0171954314498052,0.00573181048326839,0,0.0114636209665368,0.00909608919105143,0.00719193475824476,0.0110002436238581,0.00574327092003039,0.0049324714421835,0.00655407039787729,0.0114865418400606,0.00986494288435403,0.0131081407957671
229,"2020-11-03",0.0171954314498052,0.00573181048326839,0,0.0114636209665368,0.00956816151593007,0.00764503034903127,0.0114912926828289,0.00573076222379964,0.00495555999074197,0.0065059644568573,0.0114615244475983,0.00991111998147829,0.0130119289137183
230,"2020-11-04",0.0171954314498052,0.00573181048326839,0,0.0114636209665368,0.0100643406550512,0.0081226579827136,0.0120060233273888,0.00571239563339484,0.00494120426071559,0.00648358700607408,0.011424791266789,0.0098824085214163,0.0129671740121616
231,"2020-11-05",0.0171954314498052,0.00573181048326839,0,0.0114636209665368,0.0105858212892121,0.00862562399181395,0.0125460185866103,0.00573408994951225,0.00500104643936237,0.00646713345966213,0.0114681798990251,0.0100020928787151,0.012934266919335
232,"2020-11-06",0.0171954314498052,0.00573181048326839,0,0.0114636209665368,0.0111338584586754,0.00915466023529626,0.0131130566820546,0.00576587525098157,0.00502707503664139,0.00650467546532175,0.0115317505019644,0.0100541500732693,0.0130093509306595
233,"2020-11-07",0.0171954314498052,0.00573181048326839,0,0.0114636209665368,0.0117097880727049,0.00971040562625543,0.0137091705191543,0.00573506258670793,0.0049923271268091,0.00647779804660676,0.0114701251734151,0.00998465425360444,0.0129555960932257
234,"2020-11-08",0.0171954314498052,0.00573181048326839,0,0.0114636209665368,0.0123150199436981,0.0102933710260951,0.0143366688613011,0.00567270195700524,0.00497528306063013,0.00637012085338035,0.011345403914007,0.00995056612124292,0.0127402417067711
235,"2020-11-09",0.0171954314498052,0.00573181048326839,0,0.0114636209665368,0.012951035478663,0.0109039081961075,0.0149981627612186,0.00570581739477218,0.00493935984461981,0.00647227494492454,0.0114116347895435,0.00987871968922437,0.0129445498898626
236,"2020-11-10",0.0171954314498052,0.00573181048326839,0,0.0114636209665368,0.0136193913707293,0.011542184324829,0.0156965984166295,0.00582710774292832,0.00515243260867797,0.00650178287717867,0.0116542154858624,0.0103048652173475,0.0130035657543774
237,"2020-11-11",0.0171954314498052,0.00573181048326839,0,0.0114636209665368,0.0143217234889885,0.0122081628441415,0.0164352841338354,0.00581295545488475,0.00502104910766728,0.00660486180210221,0.0116259109097728,0.0100420982153224,0.0132097236042232
238,"2020-11-12",0.0171954314498052,0.00573181048326839,0,0.0114636209665368,0.015059750974551,0.0129015955426926,0.0172179064064094,0.00559205149190283,0.00494986056182353,0.00623424242198213,0.0111841029837946,0.00989972112362333,0.012468484843966
239,"2020-11-13",0.0171954314498052,0.00573181048326839,0,0.0114636209665368,0.0158352805541049,0.0136220314081123,0.0180485297000975,0.0054932234047254,0.00472237717579888,0.00626406963365192,0.0109864468094374,0.00944475435157043,0.0125281392673043
240,"2020-11-14",0.0171954314498052,0.00573181048326839,0,0.0114636209665368,0.0166502110829037,0.0143688467622148,0.0189315754035925,0.0058144520161935,0.00517329749449994,0.00645560653788706,0.011628904032397,0.010346594988996,0.0129112130757981
241,"2020-11-15",0.0171954314498052,0.00573181048326839,0,0.0114636209665368,0.0175065383297821,0.015141298555996,0.0198717781035683,0.00662010841457241,0.00586913792566469,0.00737107890348013,0.0132402168291735,0.0117382758513422,0.0147421578070047
242,"2020-11-16",0.0268629228593163,0.00895430761977209,0,0.0179086152395442,0.0184063600175214,0.0159385981640142,0.0208741218710287,0.00791407233432536,0.00719371007362179,0.00863443459502894,0.015828144668643,0.0143874201472219,0.017268869190064
243,"2020-11-17",0.0268629228593163,0.00895430761977209,0,0.0179086152395442,0.0193518811326404,0.0167599976117923,0.0219437646534885,0.00915236986159685,0.00837098272283771,0.009933757000356,0.0183047397231378,0.016741965445609,0.0198675140006665
244,"2020-11-18",0.0268629228593163,0.00895430761977209,0,0.0179086152395442,0.020345419519496,0.0176048757631227,0.0230859632758692,0.00932091656807277,0.00858589028556555,0.01005594285058,0.018641833136156,0.0171717805711256,0.0201118857011865
245,"2020-11-19",0.0268629228593163,0.00895430761977209,0,0.0179086152395442,0.0213894117744252,0.0184728106377598,0.0243060129110907,0.00876830055146328,0.00802658379646662,0.00951001730645995,0.0175366011030239,0.0160531675930219,0.0190200346130258
246,"2020-11-20",0.0268629228593163,0.00895430761977209,0,0.0179086152395442,0.0224864194565675,0.0193636267323229,0.025609212180812,0.00872809539951633,0.00799264489018894,0.00946354590884371,0.0174561907990426,0.0159852897803732,0.0189270918177119
247,"2020-11-21",0.0268629228593163,0.00895430761977209,0,0.0179086152395442,0.0236391356329549,0.0202774121357627,0.0270008591301471,0.00922358584246857,0.00846694228817926,0.00998022939675787,0.0184471716847724,0.0169338845762174,0.0199604587933273
248,"2020-11-22",0.0268629228593163,0.00895430761977209,0,0.0179086152395442,0.0248503917764798,0.0212145070310065,0.0284862765219532,0.00905616414690465,0.00827825997257136,0.00983406832123795,0.0181123282938005,0.0165565199451177,0.0196681366424833
249,"2020-11-23",0.0268629228593163,0.00895430761977209,0,0.0179086152395442,0.0261231650364143,0.0221754703701429,0.0300708597026858,0.00837615733845032,0.00758187636513151,0.00917043831176913,0.0167523146772202,0.015163752730669,0.0183408766237715
250,"2020-11-24",0.0268629228593163,0.00895430761977209,0,0.0179086152395442,0.0274605859022979,0.0231610337536698,0.0317601380509259,0.00948093585552111,0.00858257871517002,0.0103792929958722,0.0189618717109332,0.0171651574302955,0.0207585859915709
251,"2020-11-25",0.0268629228593163,0.00895430761977209,0,0.0179086152395442,0.0288659462832145,0.0241720509894931,0.0335598415769359,0.00867986141272269,0.00764287514788893,0.00971684767755645,0.0173597228253044,0.0152857502956313,0.0194336953549775
252,"2020-11-26",0,0,0,0,0.0303427080257599,0.0252094495634813,0.0354759664880386,0.00068691615771648,-0.000208683320175762,0.00158251563560872,0.00137383231599557,-0.000417366639788988,0.00316503127178014
