"","yhat","yhat_lower","yhat_upper","trend","trend_lower","trend_upper","countrycode","population","cases","deaths","cases_prev_week","deaths_prev_week","cases_infected","cum_deaths","cases_contagious","cases_active","p_cases_infected","p_cases","p_cases_contagious","p_cases_active","y","date"
"1",0.708897296972109,0,5.22891245225207,0.708897296972109,0.708897296972109,0.708897296972109,"MK",2077132,0,0,0,0,0,0,0,0,0,0,0,0,0,2020-01-14
"2",0.716546613843741,0,5.19648898516559,0.716546613843741,0.716546613843741,0.716546613843741,"MK",2077132,0,0,0,0,0,0,0,0,0,0,0,0,0,2020-01-15
"3",0.724277461972462,0,5.28367785101696,0.724277461972462,0.724277461972462,0.724277461972462,"MK",2077132,0,0,0,0,0,0,0,0,0,0,0,0,0,2020-01-16
"4",0.732090688500353,0,5.3925083206591,0.732090688500353,0.732090688500353,0.732090688500353,"MK",2077132,0,0,0,0,0,0,0,0,0,0,0,0,0,2020-01-17
"5",0.739987148897342,0,5.1632160723569,0.739987148897342,0.739987148897342,0.739987148897342,"MK",2077132,0,0,0,0,0,0,0,0,0,0,0,0,0,2020-01-18
"6",0.747967707032702,0,5.25078359193086,0.747967707032702,0.747967707032702,0.747967707032702,"MK",2077132,0,0,0,0,0,0,0,0,0,0,0,0,0,2020-01-19
"7",0.756033235246948,0,5.24593260318258,0.756033235246948,0.756033235246948,0.756033235246948,"MK",2077132,0,0,0,0,0,0,0,0,0,0,0,0,0,2020-01-20
"8",0.764184614424101,0,5.46076449650112,0.764184614424101,0.764184614424101,0.764184614424101,"MK",2077132,0,0,0,0,0,0,0,0,0,0,0,0,0,2020-01-21
"9",0.772422734064329,0,5.61770483502328,0.772422734064329,0.772422734064329,0.772422734064329,"MK",2077132,0,0,0,0,0,0,0,0,0,0,0,0,0,2020-01-22
"10",0.780748492356957,0,5.37790150254114,0.780748492356957,0.780748492356957,0.780748492356957,"MK",2077132,0,0,0,0,0,0,0,0,0,0,0,0,0,2020-01-23
"11",0.789162796253846,0,5.29166277864042,0.789162796253846,0.789162796253846,0.789162796253846,"MK",2077132,0,0,0,0,0,0,0,0,0,0,0,0,0,2020-01-24
"12",0.797666561543125,0,5.12026073748714,0.797666561543125,0.797666561543125,0.797666561543125,"MK",2077132,0,0,0,0,0,0,0,0,0,0,0,0,0,2020-01-25
"13",0.806260712983398,0,5.09337880679796,0.806260712983398,0.806260712983398,0.806260712983398,"MK",2077132,0,0,0,0,0,0,0,0,0,0,0,0,0,2020-01-26
"14",0.814946184199119,0,5.61251570359438,0.814946184199119,0.814946184199119,0.814946184199119,"MK",2077132,0,0,0,0,0,0,0,0,0,0,0,0,0,2020-01-27
"15",0.823723917933197,0,4.98522564217868,0.823723917933197,0.823723917933197,0.823723917933197,"MK",2077132,0,0,0,0,0,0,0,0,0,0,0,0,0,2020-01-28
"16",0.832594866063255,0,5.52716240427733,0.832594866063255,0.832594866063255,0.832594866063255,"MK",2077132,0,0,0,0,0,0,0,0,0,0,0,0,0,2020-01-29
"17",0.841559989677107,0,4.76495162323152,0.841559989677107,0.841559989677107,0.841559989677107,"MK",2077132,0,0,0,0,0,0,0,0,0,0,0,0,0,2020-01-30
"18",0.850620259148541,0,5.36984845965073,0.850620259148541,0.850620259148541,0.850620259148541,"MK",2077132,0,0,0,0,0,0,0,0,0,0,0,0,0,2020-01-31
"19",0.859776654213441,0,5.29367584578272,0.859776654213441,0.859776654213441,0.859776654213441,"MK",2077132,0,0,0,0,0,0,0,0,0,0,0,0,0,2020-02-01
"20",0.869030164046216,0,5.48982805926173,0.869030164046216,0.869030164046216,0.869030164046216,"MK",2077132,0,0,0,0,0,0,0,0,0,0,0,0,0,2020-02-02
"21",0.878381787336537,0,5.39380857799947,0.878381787336537,0.878381787336537,0.878381787336537,"MK",2077132,0,0,0,0,0,0,0,0,0,0,0,0,0,2020-02-03
"22",0.887832532366393,0,5.10818163668691,0.887832532366393,0.887832532366393,0.887832532366393,"MK",2077132,0,0,0,0,0,0,0,0,0,0,0,0,0,2020-02-04
"23",0.897383417087429,0,5.1553151152981,0.897383417087429,0.897383417087429,0.897383417087429,"MK",2077132,0,0,0,0,0,0,0,0,0,0,0,0,0,2020-02-05
"24",0.907035469198563,0,5.34284559165924,0.907035469198563,0.907035469198563,0.907035469198563,"MK",2077132,0,0,0,0,0,0,0,0,0,0,0,0,0,2020-02-06
"25",0.916789726223921,0,5.44659265156891,0.916789726223921,0.916789726223921,0.916789726223921,"MK",2077132,0,0,0,0,0,0,0,0,0,0,0,0,0,2020-02-07
"26",0.926647235817362,0,5.34027389498478,0.926647235817362,0.926647235817362,0.926647235817362,"MK",2077132,0,0,0,0,0,0,0,0,0,0,0,0,0,2020-02-08
"27",0.936609055166646,0,5.54175143696211,0.936609055166646,0.936609055166646,0.936609055166646,"MK",2077132,0,0,0,0,0,0,0,0,0,0,0,0,0,2020-02-09
"28",0.94667625174171,0,5.18525657774461,0.94667625174171,0.94667625174171,0.94667625174171,"MK",2077132,0,0,0,0,0,0,0,0,0,0,0,0,0,2020-02-10
"29",0.956849903151987,0,5.44796637623185,0.956849903151987,0.956849903151987,0.956849903151987,"MK",2077132,0,0,0,0,0,0,0,0,0,0,0,0,0,2020-02-11
"30",0.967131097225596,0,5.54542494035327,0.967131097225596,0.967131097225596,0.967131097225596,"MK",2077132,0,0,0,0,0,0,0,0,0,0,0,0,0,2020-02-12
"31",0.977520932088763,0,5.43620526128518,0.977520932088763,0.977520932088763,0.977520932088763,"MK",2077132,0,0,0,0,0,0,0,0,0,0,0,0,0,2020-02-13
"32",0.988020516245468,0,5.42070429918723,0.988020516245468,0.988020516245468,0.988020516245468,"MK",2077132,0,0,0,0,0,0,0,0,0,0,0,0,0,2020-02-14
"33",0.998630968657298,0,5.37941598290965,0.998630968657298,0.998630968657298,0.998630968657298,"MK",2077132,0,0,0,0,0,0,0,0,0,0,0,0,0,2020-02-15
"34",1.0093534188235,0,5.48165350205652,1.0093534188235,1.0093534188235,1.0093534188235,"MK",2077132,0,0,0,0,0,0,0,0,0,0,0,0,0,2020-02-16
"35",1.02018900686122,0,5.15143911407373,1.02018900686122,1.02018900686122,1.02018900686122,"MK",2077132,0,0,0,0,0,0,0,0,0,0,0,0,0,2020-02-17
"36",1.03113888358593,0,5.69443531867254,1.03113888358593,1.03113888358593,1.03113888358593,"MK",2077132,0,0,0,0,0,0,0,0,0,0,0,0,0,2020-02-18
"37",1.04220421059201,0,5.58728991534463,1.04220421059201,1.04220421059201,1.04220421059201,"MK",2077132,0,0,0,0,0,0,0,0,0,0,0,0,0,2020-02-19
"38",1.05338616033351,0,5.59766112580643,1.05338616033351,1.05338616033351,1.05338616033351,"MK",2077132,0,0,0,0,0,0,0,0,0,0,0,0,0,2020-02-20
"39",1.06468591647811,0,5.39100501201247,1.06468591647811,1.06468591647811,1.06468591647811,"MK",2077132,0,0,0,0,0,0,0,0,0,0,0,0,0,2020-02-21
"40",1.07610467317459,0,5.27865258005345,1.07610467317459,1.07610467317459,1.07610467317459,"MK",2077132,0,0,0,0,0,0,0,0,0,0,0,0,0,2020-02-22
"41",1.08764363594187,0,5.47725572225009,1.08764363594187,1.08764363594187,1.08764363594187,"MK",2077132,0,0,0,0,0,0,0,0,0,0,0,0,0,2020-02-23
"42",1.0993040214828,0,5.88065784184532,1.0993040214828,1.0993040214828,1.0993040214828,"MK",2077132,0,0,0,0,0,0,0,0,0,0,0,0,0,2020-02-24
"43",1.11108705776551,0,5.54976653242668,1.11108705776551,1.11108705776551,1.11108705776551,"MK",2077132,0,0,0,0,0,0,0,0,0,0,0,0,0,2020-02-25
"44",1.12299398410481,0,5.59294328920632,1.12299398410481,1.12299398410481,1.12299398410481,"MK",2077132,0,0,0,0,0,0,0,0,0,0,0,0,0,2020-02-26
"45",1.13502605124365,0,5.30530776357205,1.13502605124365,1.13502605124365,1.13502605124365,"MK",2077132,1,0,1,0,1,0,1,1,4.81433052882532e-07,4.81433052882532e-07,4.81433052882532e-07,4.81433052882532e-07,0,2020-02-27
"46",1.14718452143468,0,5.49558771258715,1.14718452143468,1.14718452143468,1.14718452143468,"MK",2077132,0,0,1,0,1,0,1,1,4.81433052882532e-07,0,4.81433052882532e-07,4.81433052882532e-07,0,2020-02-28
"47",1.15947066852176,0,5.60300679284807,1.15947066852176,1.15947066852176,1.15947066852176,"MK",2077132,0,0,1,0,1,0,1,1,4.81433052882532e-07,0,4.81433052882532e-07,4.81433052882532e-07,0,2020-02-29
"48",1.17188577802159,0,5.4262737904143,1.17188577802159,1.17188577802159,1.17188577802159,"MK",2077132,0,0,1,0,1,0,1,1,4.81433052882532e-07,0,4.81433052882532e-07,4.81433052882532e-07,0,2020-03-01
"49",1.18443114720523,0,5.75091999529185,1.18443114720523,1.18443114720523,1.18443114720523,"MK",2077132,0,0,1,0,1,0,1,1,4.81433052882532e-07,0,4.81433052882532e-07,4.81433052882532e-07,0,2020-03-02
"50",1.19710808517971,0,5.86039568624275,1.19710808517971,1.19710808517971,1.19710808517971,NA,NA,NA,NA,NA,NA,NA,NA,NA,NA,NA,NA,NA,NA,NA,2020-03-03
"51",1.20991791296954,0,5.57935746580408,1.20991791296954,1.20991791296954,1.20991791296954,NA,NA,NA,NA,NA,NA,NA,NA,NA,NA,NA,NA,NA,NA,NA,2020-03-04
"52",1.22286196359818,0,5.82141648884231,1.22286196359818,1.22286196359818,1.22286196359818,NA,NA,NA,NA,NA,NA,NA,NA,NA,NA,NA,NA,NA,NA,NA,2020-03-05
"53",1.23594158216951,0,5.43952539113134,1.23594158216951,1.23594158216951,1.23594158216951,NA,NA,NA,NA,NA,NA,NA,NA,NA,NA,NA,NA,NA,NA,NA,2020-03-06
"54",1.2491581259491,0,5.55888527597445,1.2491581259491,1.2491581259491,1.2491581259491,"MK",2077132,2,0,3,0,3,0,3,3,1.4442991586476e-06,9.62866105765065e-07,1.4442991586476e-06,1.4442991586476e-06,0,2020-03-07
"55",1.26251296440764,0,5.53330743653584,1.26251296440764,1.26251296440764,1.26251296440764,NA,NA,NA,NA,NA,NA,NA,NA,NA,NA,NA,NA,NA,NA,NA,2020-03-08
"56",1.27600747941478,0,5.78820380991961,1.27600747941478,1.27600747941478,1.27600747941478,NA,NA,NA,NA,NA,NA,NA,NA,NA,NA,NA,NA,NA,NA,NA,2020-03-09
"57",1.28964306520815,0,6.15926451641679,1.28964306520815,1.28964306520815,1.28964306520815,NA,NA,NA,NA,NA,NA,NA,NA,NA,NA,NA,NA,NA,NA,NA,2020-03-10
"58",1.30342112851119,0,5.7531229685324,1.30342112851119,1.30342112851119,1.30342112851119,"MK",2077132,4,0,7,0,7,0,7,7,3.37003137017773e-06,1.92573221153013e-06,3.37003137017773e-06,3.37003137017773e-06,0,2020-03-11
"59",1.31734308861383,0,5.93696255242549,1.31734308861383,1.31734308861383,1.31734308861383,NA,NA,NA,NA,NA,NA,NA,NA,NA,NA,NA,NA,NA,NA,NA,2020-03-12
"60",1.33141037745283,0,6.00251783077387,1.33141037745283,1.33141037745283,1.33141037745283,"MK",2077132,2,0,8,0,9,0,9,9,4.33289747594279e-06,9.62866105765065e-07,4.33289747594279e-06,4.33289747594279e-06,0,2020-03-13
"61",1.34562443969208,0,5.56042882777722,1.34562443969208,1.34562443969208,1.34562443969208,"MK",2077132,4,0,12,0,13,0,13,13,6.25862968747292e-06,1.92573221153013e-06,6.25862968747292e-06,6.25862968747292e-06,0,2020-03-14
"62",1.35998673280246,0,5.90408305045222,1.35998673280246,1.35998673280246,1.35998673280246,NA,NA,NA,NA,NA,NA,NA,NA,NA,NA,NA,NA,NA,NA,NA,2020-03-15
"63",1.37449872714154,0,5.66959333139554,1.37449872714154,1.37449872714154,1.37449872714154,"MK",2077132,0,0,12,0,13,0,13,13,6.25862968747292e-06,0,6.25862968747292e-06,6.25862968747292e-06,0,2020-03-16
"64",1.449356591826,0,6.03114338929993,1.449356591826,1.449356591826,1.449356591826,"MK",2077132,22,0,61,0,70,0,69,70,3.37003137017773e-05,1.05915271634157e-05,3.32188806488947e-05,3.37003137017773e-05,0,2020-03-21
"65",1.51209232097615,0,6.29094661431488,1.51209232097615,1.51209232097615,1.51209232097615,"MK",2077132,12,0,117,2,148,2,141,147,7.12520918266148e-05,5.77719663459039e-06,6.78820604564371e-05,7.07706587737322e-05,0,2020-03-25
"66",1.54444460385863,0,5.9132069551761,1.54444460385863,1.54444460385863,1.54444460385863,"MK",2077132,24,1,153,3,201,3,188,200,9.6768043629389e-05,1.15543932691808e-05,9.05094139419161e-05,9.62866105765064e-05,1,2020-03-27
"67",1.56087249856234,0,5.78908780918963,1.56087249856234,1.56087249856234,1.56087249856234,"MK",2077132,18,0,149,3,219,3,206,218,0.000105433838581275,8.66579495188558e-06,9.91752088938016e-05,0.000104952405528392,0,2020-03-28
"68",1.59424001940218,0,6.0714094361624,1.59424001940218,1.59424001940218,1.59424001940218,"MK",2077132,18,2,145,5,259,6,228,256,0.000124691160696576,8.66579495188558e-06,0.000109766736057217,0.000123246861537928,2,2020-03-30
"69",1.61118297742332,0,5.983167060877,1.61118297742332,1.61118297742332,1.61118297742332,"MK",2077132,26,1,149,5,285,7,243,278,0.000137208420071522,1.25172593749458e-05,0.000116988231850455,0.000133838388701344,1,2020-03-31
"70",1.62830097856047,0,6.2816588114298,1.62830097856047,1.62830097856047,1.62830097856047,"MK",2077132,44,2,181,7,329,9,281,320,0.000158391474398353,2.11830543268314e-05,0.000135282687859992,0.00015405857692241,2,2020-04-01
"71",1.64559572405087,0,6.12804451341013,1.64559572405087,1.64559572405087,1.64559572405087,"MK",2077132,25,1,177,8,354,10,284,341,0.000170427300720416,1.20358263220633e-05,0.000136726987018639,0.000164168671032944,1,2020-04-02
"72",1.66306892937683,0,6.19182756063339,1.66306892937683,1.66306892937683,1.66306892937683,"MK",2077132,0,1,153,8,354,11,269,341,0.000170427300720416,0,0.000129505491225401,0.000164168671032944,1,2020-04-03
"73",1.68072232433514,0,6.26399728289572,1.68072232433514,1.68072232433514,1.68072232433514,"MK",2077132,76,1,211,9,430,12,316,411,0.000207016212739489,3.65889120190724e-05,0.00015213284471088,0.000197868984734721,1,2020-04-04
"74",1.69855765310563,0,6.47802291645179,1.69855765310563,1.69855765310563,1.69855765310563,"MK",2077132,53,5,242,13,483,17,347,452,0.000232532164542263,2.55159518027742e-05,0.000167057269350239,0.000217607739902905,5,2020-04-05
"75",1.71657667431886,0,6.49337639447086,1.71657667431886,1.71657667431886,1.71657667431886,"MK",2077132,0,0,224,11,483,17,335,441,0.000232532164542263,0,0.000161280072715648,0.000212311976321197,0,2020-04-06
"76",1.73478116112278,0,6.30950313101357,1.73478116112278,1.73478116112278,1.73478116112278,"MK",2077132,87,4,285,14,570,21,393,522,0.000274416840143043,4.18846756007803e-05,0.000189203189782835,0.000251308053604682,4,2020-04-07
"77",1.75317290124915,0,6.23358004854963,1.75317290124915,1.75317290124915,1.75317290124915,"MK",2077132,29,5,270,17,599,26,398,529,0.000288378398676637,1.39615585335934e-05,0.000191610355047248,0.00025467808497486,5,2020-04-08
"78",1.77175369707654,0,5.96534053928381,1.77175369707654,1.77175369707654,1.77175369707654,"MK",2077132,18,4,263,20,617,30,398,532,0.000297044193628522,8.66579495188558e-06,0.000191610355047248,0.000256122384133507,4,2020-04-09
"79",1.79052536569577,0,6.28970778397444,1.79052536569577,1.79052536569577,1.79052536569577,"MK",2077132,46,2,309,21,663,32,422,549,0.000319190114061119,2.21459204325965e-05,0.000203164748316429,0.00026430674603251,2,2020-04-10
"80",1.80948973897198,0,6.51533814048618,1.80948973897198,1.80948973897198,1.80948973897198,"MK",2077132,48,0,281,20,711,32,452,575,0.00034229890059948,2.31087865383615e-05,0.000217607739902905,0.000276824005407456,0,2020-04-11
"81",1.82864866360608,0,6.25342780716981,1.82864866360608,1.82864866360608,1.82864866360608,"MK",2077132,49,2,277,17,760,34,475,612,0.000365889120190724,2.35902195912441e-05,0.000228680700119203,0.00029463702836411,2,2020-04-12
"82",1.84800400119515,0,6.22954354293602,1.84800400119515,1.84800400119515,1.84800400119515,"MK",2077132,68,0,345,17,828,34,499,651,0.000398626567786737,3.27374475960122e-05,0.000240235093388384,0.000313412917426529,0,2020-04-13
"83",1.86755762829155,0,6.25726127873553,1.86755762829155,1.86755762829155,1.86755762829155,"MK",2077132,26,4,284,17,854,38,500,653,0.000411143827161683,1.25172593749458e-05,0.000240716526441266,0.000314375783532294,4,2020-04-14
"84",1.88731143646077,0,6.33669225278603,1.88731143646077,1.88731143646077,1.88731143646077,"MK",2077132,54,6,309,18,908,44,554,689,0.000437141212017339,2.59973848556567e-05,0.000266713911296923,0.000331707373436065,6,2020-04-15
"85",1.90726733233803,0,6.14378124812786,1.90726733233803,1.90726733233803,1.90726733233803,"MK",2077132,66,1,357,15,974,45,544,733,0.000468915793507586,3.17745814902471e-05,0.000261899580768098,0.000352890427762896,1,2020-04-16
"86",1.92742723768348,0,6.55770512171591,1.92742723768348,1.92742723768348,1.92742723768348,"MK",2077132,107,1,418,14,1081,46,598,822,0.000520429130166017,5.1513336658431e-05,0.000287896965623754,0.000395737969469442,1,2020-04-17
"87",1.94779308943609,0,6.7551293210642,1.94779308943609,1.94779308943609,1.94779308943609,"MK",2077132,36,3,406,17,1117,49,634,832,0.000537760720069788,1.73315899037712e-05,0.000305228555527525,0.000400552299998267,3,2020-04-18
"88",1.968366839766,0,6.39568998568113,1.968366839766,1.968366839766,1.968366839766,"MK",2077132,53,0,410,15,1170,49,600,841,0.000563276671872563,2.55159518027742e-05,0.000288859831729519,0.00040488519747421,0,2020-04-19
"89",1.98915044361875,0,6.67349710465545,1.98915044361875,1.98915044361875,1.98915044361875,"MK",2077132,37,2,379,17,1207,51,608,853,0.000581089694829216,1.78130229566537e-05,0.00029271129615258,0.0004106623941088,2,2020-04-20
"90",2.01014589602998,0,6.70708077679503,2.01014589602998,2.01014589602998,2.01014589602998,"MK",2077132,18,3,371,16,1225,54,608,871,0.000589755489781102,8.66579495188558e-06,0.00029271129615258,0.000419328189060686,3,2020-04-21
"91",2.03135519515917,0,6.58753077535785,2.03135519515917,2.03135519515917,2.03135519515917,"MK",2077132,6,1,323,11,1231,55,568,801,0.000592644088098397,2.88859831729519e-06,0.000273453974037278,0.000385627875358908,1,2020-04-22
"92",2.05278035459129,0,6.77409316820692,2.05278035459129,2.05278035459129,2.05278035459129,"MK",2077132,28,1,285,11,1259,56,548,776,0.000606124213579108,1.34801254807109e-05,0.000263825312979628,0.000373592049036845,1,2020-04-23
"93",2.07442340338122,0,6.54142280136944,2.07442340338122,2.07442340338122,2.07442340338122,"MK",2077132,41,0,219,10,1300,56,540,817,0.000625862968747292,1.97387551681838e-05,0.000259973848556567,0.000393330804205029,0,2020-04-24
"94",2.09628638609657,0,6.90486349894487,2.09628638609657,2.09628638609657,2.09628638609657,"MK",2077132,26,1,209,8,1326,57,498,756,0.000638380228122238,1.25172593749458e-05,0.000239753660335501,0.000363963387979194,1,2020-04-25
"95",2.11837136285863,0,6.31016232224113,2.11837136285863,2.11837136285863,2.11837136285863,"MK",2077132,41,2,197,10,1367,59,513,768,0.000658118983290422,1.97387551681838e-05,0.000246975156128739,0.000369740584613785,2,2020-04-26
"96",2.14068040938149,0,6.57418287395818,2.14068040938149,2.14068040938149,2.14068040938149,"MK",2077132,19,2,179,10,1386,61,478,769,0.00066726621129519,9.14722800476811e-06,0.00023012499927785,0.000370222017666667,2,2020-04-27
"97",2.16321561700928,0,6.72409489394388,2.16321561700928,2.16321561700928,2.16321561700928,"MK",2077132,13,4,174,11,1399,65,425,736,0.000673524840982663,6.25862968747292e-06,0.000204609047475076,0.000354334726921544,4,2020-04-28
"98",2.18597909275146,0,6.34759990467203,2.18597909275146,2.18597909275146,2.18597909275146,"MK",2077132,22,6,190,16,1421,71,340,710,0.000684116368146078,1.05915271634157e-05,0.000163687237980061,0.000341817467546598,6,2020-04-29
"99",2.20897295931607,0,6.71985594132099,2.20897295931607,2.20897295931607,2.20897295931607,"MK",2077132,21,2,183,17,1442,73,325,682,0.000694226462256612,1.01100941105332e-05,0.000156465742186823,0.000328337342065887,2,2020-04-30
"100",2.23219935514096,0,6.50828424565354,2.23219935514096,2.23219935514096,2.23219935514096,"MK",2077132,23,4,165,21,1465,77,295,637,0.00070529942247291,1.10729602162982e-05,0.000142022750600347,0.000306672854686173,4,2020-05-01
"101",2.25566043442284,0,6.90644595783187,2.25566043442284,2.25566043442284,2.25566043442284,"MK",2077132,29,4,168,24,1494,81,287,640,0.000719260981006503,1.39615585335934e-05,0.000138171286177287,0.000308117153844821,4,2020-05-02
"102",2.27935836673209,0,6.8365910957786,2.27935836673209,2.27935836673209,2.27935836673209,"MK",2077132,12,1,139,23,1506,82,281,598,0.000725038177641094,5.77719663459039e-06,0.000135282687859992,0.000287896965623754,1,2020-05-03
"103",2.3032953382654,0,7.29325175171479,2.3032953382654,2.3032953382654,2.3032953382654,"MK",2077132,5,2,125,23,1511,84,280,537,0.000727445342905506,2.40716526441266e-06,0.000134801254807109,0.00025852954939792,2,2020-05-04
"104",2.32747355064833,0,6.72602796718268,2.32747355064833,2.32747355064833,2.32747355064833,"MK",2077132,7,1,119,20,1518,85,259,437,0.000730815374275684,3.37003137017773e-06,0.000124691160696576,0.000210386244109667,1,2020-05-05
"105",2.35189522135915,0,6.85478377942232,2.35189522135915,2.35189522135915,2.35189522135915,"MK",2077132,8,1,105,15,1526,86,226,409,0.000734666838698744,3.85146442306026e-06,0.000108803869951452,0.000196906118628956,1,2020-05-06
"106",2.37656258374643,0,7.07239245668769,2.37656258374643,2.37656258374643,2.37656258374643,"MK",2077132,13,2,97,15,1539,88,213,369,0.000740925468386217,6.25862968747292e-06,0.000102545240263979,0.000177648796513654,2,2020-05-07
"107",2.40147788704405,0,6.80782133755122,2.40147788704405,2.40147788704405,2.40147788704405,"MK",2077132,33,1,107,12,1572,89,205,365,0.000756812759131341,1.58872907451236e-05,9.86937758409191e-05,0.000175723064302124,1,2020-05-08
"108",2.42664339638367,0,7.23974468203526,2.42664339638367,2.42664339638367,2.42664339638367,"MK",2077132,14,1,92,9,1586,90,200,361,0.000763552821871696,6.74006274035545e-06,9.62866105765064e-05,0.000173797332090594,1,2020-05-09
"109",2.45206139280466,0,6.91097836550114,2.45206139280466,2.45206139280466,2.45206139280466,"MK",2077132,36,1,116,9,1622,91,223,391,0.000780884411775467,1.73315899037712e-05,0.000107359570792805,0.00018824032367707,1,2020-05-10
"110",2.47773417326116,0,7.13256782543085,2.47773417326116,2.47773417326116,2.47773417326116,"MK",2077132,20,0,131,7,1642,91,221,383,0.000790513072833118,9.62866105765064e-06,0.00010639670468704,0.00018438885925401,0,2020-05-11
"111",2.50366405062654,0,6.67767048907641,2.50366405062654,2.50366405062654,2.50366405062654,"MK",2077132,22,0,146,6,1664,91,222,364,0.000801104599996534,1.05915271634157e-05,0.000106878137739922,0.000175241631249242,0,2020-05-12
"112",2.52985335369498,0,6.85703328405544,2.52985335369498,2.52985335369498,2.52985335369498,"MK",2077132,10,1,148,6,1674,92,209,348,0.000805918930525359,4.81433052882532e-06,0.000100619508052449,0.000167538702403121,1,2020-05-13
"113",2.55630442718006,0,7.13369927309361,2.55630442718006,2.55630442718006,2.55630442718006,"MK",2077132,20,3,155,7,1694,95,200,327,0.00081554759158301,9.62866105765064e-06,9.62866105765064e-05,0.000157428608292588,3,2020-05-14
"114",2.5830196317105,0,7.35255235253784,2.5830196317105,2.5830196317105,2.5830196317105,"MK",2077132,29,0,151,6,1723,95,217,337,0.000829509150116603,1.39615585335934e-05,0.000104470972475509,0.000162242938821413,0,2020-05-15
"115",2.61000132356938,0,7.34507472896329,2.61000132356938,2.61000132356938,2.61000132356938,"MK",2077132,17,2,154,7,1740,97,229,341,0.000837693512015606,8.18436189900305e-06,0.0001102481691101,0.000164168671032944,2,2020-05-16
"116",2.63725191504042,0,7.16245185479272,2.63725191504042,2.63725191504042,2.63725191504042,"MK",2077132,22,1,140,7,1762,98,244,341,0.000848285039179022,1.05915271634157e-05,0.000117469664903338,0.000164168671032944,1,2020-05-17
"117",2.6647738144356,0,6.63531204014938,2.6647738144356,2.6647738144356,2.6647738144356,"MK",2077132,30,3,150,10,1792,101,266,350,0.000862728030765498,1.4442991586476e-05,0.000128061192066754,0.000168501568508886,3,2020-05-18
"118",2.69256944593356,0,7.205274142414,2.69256944593356,2.69256944593356,2.69256944593356,"MK",2077132,25,3,153,13,1817,104,278,352,0.000874763857087561,1.20358263220633e-05,0.000133838388701344,0.000169464434614651,3,2020-05-19
"119",2.72064124955925,0,7.02604508240126,2.72064124955925,2.72064124955925,2.72064124955925,"MK",2077132,22,2,165,14,1839,106,267,345,0.000885355384250977,1.05915271634157e-05,0.000128542625119636,0.000166094403244474,2,2020-05-20
"120",2.74899168116031,0,7.17099391395961,2.74899168116031,2.74899168116031,2.74899168116031,"MK",2077132,19,4,164,15,1858,110,272,352,0.000894502612255745,9.14722800476811e-06,0.000130949790384049,0.000169464434614651,4,2020-05-21
"121",2.77762321237979,0,7.28720611869342,2.77762321237979,2.77762321237979,2.77762321237979,"MK",2077132,40,1,175,16,1898,111,276,387,0.000913759934371046,1.92573221153013e-05,0.000132875522595579,0.00018631459146554,1,2020-05-22
"122",2.80653833062538,0,7.30175268610219,2.80653833062538,2.80653833062538,2.80653833062538,"MK",2077132,23,1,181,15,1921,112,279,403,0.000924832894587345,1.10729602162982e-05,0.000134319821754227,0.000194017520311661,1,2020-05-23
"123",2.83573953903501,0,7.45525690731125,2.83573953903501,2.83573953903501,2.83573953903501,"MK",2077132,20,1,179,15,1941,113,277,415,0.000934461555644995,9.62866105765064e-06,0.000133356955648461,0.000199794716946251,1,2020-05-24
"124",2.86522935643863,0,7.62106565798538,2.86522935643863,2.86522935643863,2.86522935643863,"MK",2077132,37,0,186,12,1978,113,304,439,0.000952274578601649,1.78130229566537e-05,0.00014635564807629,0.000211349110215432,0,2020-05-25
"125",2.89501031731622,0,7.58411433516494,2.89501031731622,2.89501031731622,2.89501031731622,"MK",2077132,21,0,182,9,1999,113,305,427,0.000962384672712182,1.01100941105332e-05,0.000146837081129172,0.000205571913580841,0,2020-05-26
"126",2.92508497175187,0,7.3469765418908,2.92508497175187,2.92508497175187,2.92508497175187,"MK",2077132,16,3,176,10,2015,116,292,429,0.000970087601558303,7.70292884612052e-06,0.000140578451441699,0.000206534779686606,3,2020-05-27
"127",2.9554490830323,0,7.54570260691593,2.9554490830323,2.9554490830323,2.9554490830323,"MK",2077132,25,3,182,9,2040,119,300,418,0.000982123427880366,1.20358263220633e-05,0.00014442991586476,0.000201239016104898,3,2020-05-28
"128",2.98611190087254,0,7.37847168328212,2.98611190087254,2.98611190087254,2.98611190087254,"MK",2077132,38,3,180,11,2078,122,316,436,0.0010004178838899,1.82944560095362e-05,0.00015213284471088,0.000209904811056784,3,2020-05-29
"129",3.01707602011238,0,7.33934826530777,3.01707602011238,3.01707602011238,3.01707602011238,"MK",2077132,52,4,209,14,2130,126,338,466,0.00102545240263979,2.50345187498917e-05,0.000162724371874296,0.00022434780264326,4,2020-05-30
"130",3.04834405095768,0,7.40467875410169,3.04834405095768,3.04834405095768,3.04834405095768,"MK",2077132,34,5,223,18,2164,131,347,490,0.0010418211264378,1.63687237980061e-05,0.000167057269350239,0.000235902195912441,5,2020-05-31
"131",3.07991861891378,0,7.48404865518429,3.07991861891378,3.07991861891378,3.07991861891378,"MK",2077132,62,2,248,20,2226,133,387,532,0.00107166997571652,2.9848849278717e-05,0.00018631459146554,0.000256122384133507,2,2020-06-01
"132",3.11180236471449,0,7.62820380939185,3.11180236471449,3.11180236471449,3.11180236471449,"MK",2077132,89,7,316,27,2315,140,457,592,0.00111451751742306,4.28475417065454e-05,0.000220014905167317,0.000285008367306459,7,2020-06-02
"133",3.14399794424646,0,7.77392696922422,3.14399794424646,3.14399794424646,3.14399794424646,"MK",2077132,76,1,376,25,2391,141,493,651,0.00115110642944213,3.65889120190724e-05,0.000237346495071088,0.000313412917426529,1,2020-06-03
"134",3.17650802846917,0,7.52520760131319,3.17650802846917,3.17650802846917,3.17650802846917,"MK",2077132,101,4,452,26,2492,145,571,730,0.00119973116778327,4.86247383411358e-05,0.000274898273195926,0.000351446128604249,4,2020-06-04
"135",3.20933530333,0,7.88028375768031,3.20933530333,3.20933530333,3.20933530333,"MK",2077132,120,2,534,25,2612,147,671,820,0.00125750313412917,5.77719663459039e-05,0.000323041578484179,0.000394775103363676,2,2020-06-05
"136",3.24248246967473,0,7.70914052231859,3.24248246967473,3.24248246967473,3.24248246967473,"MK",2077132,180,2,662,23,2792,149,814,975,0.00134416108364803,8.66579495188558e-05,0.000391886505046381,0.000469397226560469,2,2020-06-06
"137",3.27595224315305,0,7.84282548122778,3.27595224315305,3.27595224315305,3.27595224315305,"MK",2077132,125,2,753,20,2917,151,918,1078,0.00140434021525835,6.01791316103165e-05,0.000441955542546165,0.00051898483100737,2,2020-06-07
"138",3.30974735411911,0,7.50390602188816,3.30974735411911,3.30974735411911,3.30974735411911,"MK",2077132,111,2,802,20,3028,153,1013,1170,0.00145777928412831,5.34390688699611e-05,0.000487691682570005,0.000563276671872563,2,2020-06-08
"139",3.34387054752714,0,7.85798555904061,3.34387054752714,3.34387054752714,3.34387054752714,"MK",2077132,127,3,840,16,3155,156,1115,1257,0.00151892128184439,6.11419977160816e-05,0.000536797853964024,0.000605161347473343,3,2020-06-09
"140",3.37336923757466,0,7.78007871442692,3.37336923757466,3.37336923757466,3.37336923757466,"MK",2077132,87,1,851,16,3242,157,1164,1321,0.00156080595744517,4.18846756007803e-05,0.000560388073555268,0.000635973062857825,1,2020-06-10
"141",3.40311252585791,0,7.64137692941251,3.40311252585791,3.40311252585791,3.40311252585791,"MK",2077132,125,7,875,19,3367,164,1237,1426,0.00162098508905549,6.01791316103165e-05,0.000595532686415692,0.000686523533410491,7,2020-06-11
"142",3.43310216390981,0,7.91007002791158,3.43310216390981,3.43310216390981,3.43310216390981,"MK",2077132,175,5,930,22,3542,169,1378,1564,0.00170523587330993,8.42507842544431e-05,0.000663414746872129,0.00075296129470828,5,2020-06-12
"143",3.46333991089662,0,7.84042312308492,3.46333991089662,3.46333991089662,3.46333991089662,"MK",2077132,164,2,914,22,3706,171,1480,1707,0.00178419089398266,7.89550206727353e-05,0.000712520918266148,0.000821806221270483,2,2020-06-13
"144",3.49382753355829,0,7.79971482243189,3.49382753355829,3.49382753355829,3.49382753355829,"MK",2077132,196,8,985,28,3902,179,1587,1887,0.00187855177234764,9.43608783649763e-05,0.000764034254924579,0.000908464170789338,8,2020-06-14
"145",3.52456680614665,0,7.91248494006679,3.52456680614665,3.52456680614665,3.52456680614665,"MK",2077132,155,9,1029,35,4057,188,1666,2017,0.00195317389554443,7.46221231967925e-05,0.000802067466102299,0.000971050467664068,9,2020-06-15
"146",3.55555951036132,0,8.16564331840863,3.55555951036132,3.55555951036132,3.55555951036132,"MK",2077132,100,5,1002,37,4157,193,1665,2079,0.00200131720083269,4.81433052882532e-05,0.000801586033049416,0.00100089931694278,5,2020-06-16
"147",3.58680743528332,0,7.9449959118144,3.58680743528332,3.58680743528332,3.58680743528332,"MK",2077132,132,8,1047,44,4289,201,1677,2159,0.00206486636381318,6.35491629804943e-05,0.000807363229684007,0.00103941396117339,8,2020-06-17
"148",3.61831237730643,0,8.02512414240636,3.61831237730643,3.61831237730643,3.61831237730643,"MK",2077132,193,9,1115,46,4482,210,1690,2318,0.00215778294301951,9.29165792063287e-05,0.00081362185937148,0.00111596181658171,9,2020-06-18
"149",3.65007614006614,0,8.04698332656594,3.65007614006614,3.65007614006614,3.65007614006614,"MK",2077132,182,6,1122,47,4664,216,1747,2438,0.00224540375864413,8.76208156246209e-05,0.000841063543385784,0.00117373378292761,6,2020-06-19
"150",3.6821005343663,0,8.25009369009132,3.6821005343663,3.6821005343663,3.6821005343663,"MK",2077132,156,6,1114,51,4820,222,1792,2505,0.00232050731489381,7.5103556249675e-05,0.000862728030765498,0.00120598979747074,6,2020-06-20
"151",3.71438737810324,0,8.09315017391515,3.71438737810324,3.71438737810324,3.71438737810324,"MK",2077132,185,11,1103,54,5005,233,1850,2614,0.00240957242967707,8.90651147832685e-05,0.000890651147832685,0.00125846600023494,11,2020-06-21
"152",3.74693849618757,0,8.06560327615708,3.74693849618757,3.74693849618757,3.74693849618757,"MK",2077132,101,5,1049,50,5106,238,1864,2614,0.00245819716801821,4.86247383411358e-05,0.00089739121057304,0.00125846600023494,5,2020-06-22
"153",3.77014675018802,0,8.55777619000427,3.77014675018802,3.77014675018802,3.77014675018802,"MK",2077132,90,9,1039,54,5196,247,1829,2584,0.00250152614277764,4.33289747594279e-05,0.000880541053722151,0.00124402300864846,9,2020-06-23
"154",3.79348906040455,0,8.40385470785161,3.79348906040455,3.79348906040455,3.79348906040455,"MK",2077132,118,4,1025,50,5314,251,1772,2522,0.00255833524301778,5.68091002401388e-05,0.000853099369707847,0.00121417415936975,4,2020-06-24
"155",3.81696608084289,0,8.28866133337434,3.81696608084289,3.81696608084289,3.81696608084289,"MK",2077132,136,8,968,49,5450,259,1744,2533,0.0026238101382098,6.54748951920244e-05,0.000839619244227136,0.00121946992295145,8,2020-06-25
"156",3.84057846719975,0,8.31786833064264,3.84057846719975,3.84057846719975,3.84057846719975,"MK",2077132,153,6,939,49,5603,265,1701,2575,0.00269746939530083,7.36592570910274e-05,0.000818917622953187,0.00123969011117252,6,2020-06-26
"157",3.86432687684689,0,8.38809531506691,3.86432687684689,3.86432687684689,3.86432687684689,"MK",2077132,163,3,946,46,5766,268,1709,2611,0.00277594298292068,7.84735876198528e-05,0.000822769087376248,0.00125702170107629,3,2020-06-27
"158",3.888211968815,0,8.38690603793903,3.888211968815,3.888211968815,3.888211968815,"MK",2077132,150,9,911,44,5916,277,1759,2674,0.00284815794085306,7.22149579323798e-05,0.000846840740020374,0.00128735198340789,9,2020-06-28
"159",3.91223440377713,0,8.38866289339879,3.91223440377713,3.91223440377713,3.91223440377713,"MK",2077132,176,9,986,48,6092,286,1803,2725,0.00293289015816039,8.47322173073257e-05,0.000868023794347206,0.0013119050691049,9,2020-06-29
"160",3.93639484403189,0,8.00819137112074,3.93639484403189,3.93639484403189,3.93639484403189,"MK",2077132,132,12,1028,51,6224,298,1742,2682,0.00299643932114088,6.35491629804943e-05,0.000838656378121371,0.00129120344783095,12,2020-06-30
"161",3.96069395348623,0,8.5306768924457,3.96069395348623,3.96069395348623,3.96069395348623,"MK",2077132,126,4,1036,51,6350,302,1686,2644,0.00305709988580408,6.06605646631991e-05,0.000811696127159949,0.00127290899182142,4,2020-07-01
"162",3.98513239763789,0,8.61008413109889,3.98513239763789,3.98513239763789,3.98513239763789,"MK",2077132,120,4,1020,47,6470,306,1650,2568,0.00311487185214998,5.77719663459039e-05,0.000794364537256178,0.00123632007980234,4,2020-07-02
"163",4.00971084355753,0,8.37730258911491,4.00971084355753,4.00971084355753,4.00971084355753,"MK",2077132,173,15,1040,56,6643,321,1638,2586,0.00319815977029866,8.32879181486781e-05,0.000788587340621588,0.00124498587475423,15,2020-07-03
"164",4.03442995987053,0,8.23593157345943,4.03442995987053,4.03442995987053,4.03442995987053,"MK",2077132,0,0,877,53,6643,321,1537,2486,0.00319815977029866,0,0.000739962602280452,0.00119684256946598,0,2020-07-04
"165",4.05929041673834,0,8.56076032522197,4.05929041673834,4.05929041673834,4.05929041673834,"MK",2077132,289,13,1016,57,6932,334,1736,2643,0.00333729392258171,0.000139134152283052,0.000835767779804076,0.00127242755876853,13,2020-07-05
"166",4.07085536303136,0,8.49497885946111,4.07085536303136,4.07085536303136,4.07085536303136,"MK",2077132,114,7,954,55,7046,341,1732,2564,0.00339217729061032,5.48833680286087e-05,0.000833842047592546,0.00123439434759081,7,2020-07-06
"167",4.08245085340633,0,8.3910299227195,4.08245085340633,4.08245085340633,4.08245085340633,"MK",2077132,76,5,898,48,7122,346,1672,2458,0.00342876620262939,3.65889120190724e-05,0.000804956064419594,0.00118336244398526,5,2020-07-07
"168",4.09407695481954,0,8.69002011030473,4.09407695481954,4.09407695481954,4.09407695481954,"MK",2077132,118,5,890,49,7240,351,1637,2420,0.00348557530286953,5.68091002401388e-05,0.000788105907568705,0.00116506798797573,5,2020-07-08
"169",4.10573373429541,0,8.55302196280628,4.10573373429541,4.10573373429541,4.10573373429541,"MK",2077132,161,8,931,53,7401,359,1635,2396,0.00356308602438362,7.75107215140877e-05,0.00078714304146294,0.00115351359470655,8,2020-07-09
"170",4.1174212589261,0,8.65506677761474,4.1174212589261,4.1174212589261,4.1174212589261,"MK",2077132,166,2,924,40,7567,361,1651,2461,0.00364300391116212,7.99178867785003e-05,0.000794845970309061,0.00118480674314391,2,2020-07-10
"171",4.12913959587106,0,8.62264198479796,4.12913959587106,4.12913959587106,4.12913959587106,"MK",2077132,203,6,1127,46,7770,367,1678,2574,0.00374073482089728,9.7730909735154e-05,0.000807844662736889,0.00123920867811964,6,2020-07-11
"172",4.14088881235661,0,8.45019539555362,4.14088881235661,4.14088881235661,4.14088881235661,"MK",2077132,197,8,1035,41,7967,375,1743,2653,0.00383557713231513,9.48423114178589e-05,0.000839137811174254,0.00127724188929736,8,2020-07-12
"173",4.15266897567552,0,8.75842695227034,4.15266897567552,4.15266897567552,4.15266897567552,"MK",2077132,144,7,1065,41,8111,382,1761,2661,0.00390490349193022,6.93263596150847e-05,0.000847803606126139,0.00128109335372042,7,2020-07-13
"174",4.16448015318653,0,8.7505396575782,4.16448015318653,4.16448015318653,4.16448015318653,"MK",2077132,86,3,1075,39,8197,385,1727,2594,0.00394630673447812,4.14032425478978e-05,0.000831434882328133,0.00124883733917729,3,2020-07-14
"175",4.17632241231393,0,8.9084692810019,4.17632241231393,4.17632241231393,4.17632241231393,"MK",2077132,131,4,1088,38,8328,389,1685,2562,0.00400937446440573,6.30677299276117e-05,0.000811214694107067,0.00123343148148505,4,2020-07-15
"176",4.18819582054713,0,8.70860329310399,4.18819582054713,4.18819582054713,4.18819582054713,"MK",2077132,194,4,1121,34,8522,393,1879,2606,0.00410277247666494,9.33980122592113e-05,0.000904612706366278,0.00125461453581188,4,2020-07-16
"177",4.20010044544018,0,8.43086532171961,4.20010044544018,4.20010044544018,4.20010044544018,"MK",2077132,90,8,1045,40,8612,401,1680,2520,0.00414610145142437,4.33289747594279e-05,0.000808807528842654,0.00121321129326398,8,2020-07-17
"178",4.2114665827893,0,8.8677647435589,4.2114665827893,4.2114665827893,4.2114665827893,"MK",2077132,160,5,1002,39,8772,406,1726,2548,0.00422313073988557,7.70292884612052e-05,0.000830953449275251,0.00122669141874469,5,2020-07-18
"179",4.22286115094015,0,8.86082245206685,4.22286115094015,4.22286115094015,4.22286115094015,"MK",2077132,237,8,1042,39,9009,414,1887,2659,0.00433723037341873,0.00011409963353316,0.000908464170789338,0.00128013048761465,8,2020-07-19
"180",4.23428420839919,0,8.53849690497146,4.23428420839919,4.23428420839919,4.23428420839919,"MK",2077132,123,8,1021,40,9132,422,1892,2662,0.00439644663892328,5.92162655045515e-05,0.000910871336053751,0.0012815747867733,8,2020-07-20
"181",4.24573581372459,0,8.59152476417584,4.24573581372459,4.24573581372459,4.24573581372459,"MK",2077132,117,10,1052,47,9249,432,1848,2606,0.00445277430611054,5.63276671872563e-05,0.00088968828172692,0.00125461453581188,10,2020-07-21
"182",4.25721602552584,0,8.40297296798676,4.25721602552584,4.25721602552584,4.25721602552584,"MK",2077132,163,0,1084,43,9412,432,1845,2769,0.00453124789373039,7.84735876198528e-05,0.000888243982568272,0.00133308812343173,0,2020-07-22
"183",4.26872490246341,0,8.62572774137835,4.26872490246341,4.26872490246341,4.26872490246341,"MK",2077132,135,10,1025,49,9547,442,1777,2615,0.00459624135586954,6.49934621391419e-05,0.00085550653497226,0.00125894743328782,10,2020-07-23
"184",4.28026250324835,0,8.48277295787127,4.28026250324835,4.28026250324835,4.28026250324835,"MK",2077132,122,3,1057,44,9669,445,1702,2623,0.0046549761883212,5.87348324516689e-05,0.00081939905600607,0.00126279889771088,3,2020-07-24
"185",4.29182888664194,0,8.7334462618794,4.29182888664194,4.29182888664194,4.29182888664194,"MK",2077132,128,6,1025,45,9797,451,1686,2675,0.00471659961909017,6.16234307689641e-05,0.000811696127159949,0.00128783341646077,6,2020-07-25
"186",4.30342411145529,0,8.85573617644767,4.30342411145529,4.30342411145529,4.30342411145529,"MK",2077132,137,9,925,46,9934,460,1737,2694,0.00478255594733508,6.59563282449069e-05,0.000836249212856959,0.00129698064446554,9,2020-07-26
"187",4.31504823654898,0.0893987280814162,8.65095582062045,4.31504823654898,4.31504823654898,4.31504823654898,"MK",2077132,152,0,954,38,10086,460,1758,2685,0.00485573377137322,7.31778240381449e-05,0.000846359306967492,0.0012926477469896,0,2020-07-27
"188",4.32670132083264,0,8.86558809132582,4.32670132083264,4.32670132083264,4.32670132083264,"MK",2077132,128,6,965,34,10214,466,1692,2647,0.00491735720214218,6.16234307689641e-05,0.000814584725477245,0.00127435329098006,6,2020-07-28
"189",4.33838342326463,0,9.19505496212765,4.33838342326463,4.33838342326463,4.33838342326463,"MK",2077132,102,5,904,39,10316,471,1704,2546,0.0049664633735362,4.91061713940183e-05,0.000820361922111835,0.00122572855263893,5,2020-07-29
"190",4.35009460285155,0.315598289154689,8.98549926661616,4.35009460285155,4.35009460285155,4.35009460285155,"MK",2077132,188,5,957,34,10504,476,1732,2537,0.00505697278747812,9.05094139419161e-05,0.000833842047592546,0.00122139565516298,5,2020-07-30
"191",4.36183491760657,0,8.88408561379853,4.36183491760657,4.36183491760657,4.36183491760657,"MK",2077132,119,4,954,35,10623,480,1614,2512,0.00511426332077114,5.72905332930213e-05,0.000777032947352407,0.00120935982884092,4,2020-07-31
"192",4.37360442766793,0.0604877721413021,8.77556317984027,4.37360442766793,4.37360442766793,4.37360442766793,"MK",2077132,139,6,965,35,10762,486,1630,2565,0.00518118251512181,6.6919194350672e-05,0.000784735876198528,0.0012348757806437,6,2020-08-01
"193",4.38540319218477,0,9.05451214366636,4.38540319218477,4.38540319218477,4.38540319218477,"MK",2077132,138,7,966,33,10900,493,1651,2572,0.0052476202764196,6.64377612977895e-05,0.000794845970309061,0.00123824581201387,7,2020-08-02
"194",4.39723127035294,0,8.99153605043729,4.39723127035294,4.39723127035294,4.39723127035294,"MK",2077132,154,4,968,37,11054,497,1642,2532,0.00532176096656351,7.414069014391e-05,0.000790513072833118,0.00121898848989857,4,2020-08-03
"195",4.4090887214146,0.09942098851196,8.53494961982797,4.4090887214146,4.4090887214146,4.4090887214146,"MK",2077132,86,3,926,34,11140,500,1593,2528,0.00536316420911141,4.14032425478978e-05,0.000766922853241874,0.00121706275768704,3,2020-08-04
"196",4.42097560465777,0,8.89447999732751,4.42097560465777,4.42097560465777,4.42097560465777,"MK",2077132,0,0,824,29,11140,500,1471,2368,0.00536316420911141,0,0.000708188020790205,0.00114003346922584,0,2020-08-05
"197",4.43289197941601,0.0100668342343738,8.832911546491,4.43289197941601,4.43289197941601,4.43289197941601,"MK",2077132,61,5,697,29,11201,505,1404,2192,0.00539253162533724,2.93674162258345e-05,0.000675932006247075,0.00105530125191851,5,2020-08-06
"198",4.44483790506792,0,8.62163386220234,4.44483790506792,4.44483790506792,4.44483790506792,"MK",2077132,88,6,666,31,11289,511,1355,2157,0.00543489773399091,4.23661086536628e-05,0.000652341786655831,0.00103845109506762,6,2020-08-07
"199",4.45681344103676,0,8.68117880090778,4.45681344103676,4.45681344103676,4.45681344103676,"MK",2077132,282,8,809,33,11571,519,1485,2322,0.00557066185490378,0.000135764120912874,0.00071492808353056,0.00111788754879324,8,2020-08-08
"200",4.46881864679004,0.105338430420165,8.70028625604256,4.46881864679004,4.46881864679004,4.46881864679004,"MK",2077132,200,4,871,30,11771,523,1557,2359,0.00566694846548029,9.62866105765064e-05,0.000749591263338103,0.00113570057174989,4,2020-08-09
"201",4.48085358183908,0,8.57930681124917,4.48085358183908,4.48085358183908,4.48085358183908,"MK",2077132,85,4,802,30,11856,527,1540,2309,0.0057078702749753,4.09218094950152e-05,0.0007414069014391,0.00111162891910577,4,2020-08-10
"202",4.49291830573858,0.0640927343350859,8.99937440477386,4.49291830573858,4.49291830573858,4.49291830573858,"MK",2077132,109,1,825,28,11965,528,1461,2296,0.0057603464777395,5.2476202764196e-05,0.00070337369026138,0.00110537028941829,1,2020-08-11
"203",4.50501287808621,0.314632464299653,9.21681757068984,4.50501287808621,4.50501287808621,4.50501287808621,"MK",2077132,0,0,825,28,11965,528,1342,2168,0.0057603464777395,0,0.000646083156968358,0.00104374685864933,0,2020-08-12
"204",4.51713735917135,0.210567599408097,9.25483665407653,4.51713735917135,4.51713735917135,4.51713735917135,"MK",2077132,252,2,1016,25,12217,530,1455,2283,0.0058816676070659,0.000121321129326398,0.000700485091944084,0.00109911165973082,2,2020-08-13
"205",4.52929180803033,0.0905162005756811,9.01452442935349,4.52929180803033,4.52929180803033,4.52929180803033,"MK",2077132,140,2,1068,21,12357,532,1457,2271,0.00594906823446945,6.74006274035545e-05,0.00070144795804985,0.00109333446309623,2,2020-08-14
"206",4.5414762843871,0,8.61191508625299,4.5414762843871,4.5414762843871,4.5414762843871,"MK",2077132,189,3,975,16,12546,535,1492,2332,0.00604005908146425,9.09908469947986e-05,0.000718298114900738,0.00112270187932207,3,2020-08-15
"207",4.55369084800686,0,8.75033232033179,4.55369084800686,4.55369084800686,4.55369084800686,"MK",2077132,107,4,882,16,12653,539,1513,2337,0.00609157241812268,5.1513336658431e-05,0.000728408209011271,0.00112510904458648,4,2020-08-16
"208",4.56593555869556,0.0715952782237107,8.86327379858093,4.56593555869556,4.56593555869556,4.56593555869556,"MK",2077132,86,5,883,17,12739,544,1599,2235,0.00613297566067058,4.14032425478978e-05,0.000769811451559169,0.00107600287319246,5,2020-08-17
"209",4.57821047629949,0.00421657364713013,9.10350441933688,4.57821047629949,4.57821047629949,4.57821047629949,"MK",2077132,35,1,809,17,12774,545,1573,2151,0.00614982581752147,1.68501568508886e-05,0.000757294192184223,0.00103556249675033,1,2020-08-18
"210",4.5905156607048,0,8.93310296143338,4.5905156607048,4.5905156607048,4.5905156607048,"MK",2077132,103,3,912,20,12877,548,1588,2115,0.00619941342196837,4.95876044469008e-05,0.000764515687977461,0.00101823090684656,3,2020-08-19
"211",4.60285117183708,0.371267262015025,8.84890894155112,4.60285117183708,4.60285117183708,4.60285117183708,"MK",2077132,108,2,768,20,12985,550,1414,2085,0.00625140819167968,5.19947697113135e-05,0.000680746336775901,0.00100378791526008,2,2020-08-20
"212",4.61521706966089,0.409345778933584,8.81440455502843,4.61521706966089,4.61521706966089,4.61521706966089,"MK",2077132,0,0,628,18,12985,550,1214,1931,0.00625140819167968,0,0.000584459726199394,0.00092964722511617,0,2020-08-21
"213",4.62761341417929,0.398200630476369,9.11649192540591,4.62761341417929,4.62761341417929,4.62761341417929,"MK",2077132,233,6,672,21,13218,556,1362,2078,0.00636358209300131,0.00011217390132163,0.000655711818026009,0.0010004178838899,6,2020-08-22
"214",4.6400402654334,0.169607152373405,9.51947121146983,4.6400402654334,4.6400402654334,4.6400402654334,"MK",2077132,0,0,565,17,13218,556,1253,2078,0.00636358209300131,0,0.000603235615261813,0.0010004178838899,0,2020-08-23
"215",4.65249768350191,0.209417834044329,9.12088950408909,4.65249768350191,4.65249768350191,4.65249768350191,"MK",2077132,296,7,775,19,13514,563,1549,2313,0.00650608627665454,0.00014250418365323,0.000745739798915042,0.0011135546513173,7,2020-08-24
"216",4.66498579038581,0.341781306764618,8.80487482699507,4.66498579038581,4.66498579038581,4.66498579038581,"MK",2077132,81,1,821,19,13595,564,1378,2306,0.00654508235393803,3.89960772834851e-05,0.000663414746872129,0.00111018461994712,1,2020-08-25
"217",4.67750458465645,0.236425412572267,9.00686531398643,4.67750458465645,4.67750458465645,4.67750458465645,"MK",2077132,78,4,796,20,13673,568,1316,2102,0.00658263413206286,3.75517781248375e-05,0.000633565897593412,0.00101197227715908,4,2020-08-26
"218",4.69005412650332,0.4420577621309,8.96419814421266,4.69005412650332,4.69005412650332,4.69005412650332,"MK",2077132,126,5,814,23,13799,573,1253,2028,0.00664329469672606,6.06605646631991e-05,0.000603235615261813,0.000976346231245775,5,2020-08-27
"219",4.70263447615164,0.318209855146866,9.32356900426409,4.70263447615164,4.70263447615164,4.70263447615164,"MK",2077132,128,11,942,34,13927,584,1274,2071,0.00670491812749503,6.16234307689641e-05,0.000613345709372346,0.000997047852519724,11,2020-08-28
"220",4.71524569386182,0.100170205642129,9.16773752821028,4.71524569386182,4.71524569386182,4.71524569386182,"MK",2077132,0,0,709,28,13927,584,1188,1962,0.00670491812749503,0,0.000571942466824448,0.000944571649755528,0,2020-08-29
"221",4.72788783992898,0.319226059409222,9.21033701864655,4.72788783992898,4.72788783992898,4.72788783992898,"MK",2077132,0,0,709,28,13927,584,1153,1962,0.00670491812749503,0,0.00055509230997356,0.000944571649755528,0,2020-08-30
"222",4.7405609746825,0.279994661899313,8.93410389250862,4.7405609746825,4.7405609746825,4.7405609746825,"MK",2077132,0,0,413,21,13927,584,1050,1710,0.00670491812749503,0,0.000505504705526659,0.00082325052042913,0,2020-08-31
"223",4.75326515848549,0.0302124949143694,9.09627403635323,4.75326515848549,4.75326515848549,4.75326515848549,"MK",2077132,403,16,735,36,14330,600,1345,1973,0.00689893564780669,0.000194017520311661,0.000647527456127006,0.000949867413337236,16,2020-09-01
"224",4.76600045173433,0.445478073986206,9.04641327972725,4.76600045173433,4.76600045173433,4.76600045173433,"MK",2077132,11,3,668,35,14341,603,1356,1795,0.00690423141138839,5.29576358170785e-06,0.000652823219708714,0.000864172329924145,3,2020-09-02
"225",4.77876691485813,0.622277710915909,9.15939631829365,4.77876691485813,4.77876691485813,4.77876691485813,"MK",2077132,114,1,656,31,14455,604,1237,1802,0.006959114779417,5.48833680286087e-05,0.000595532686415692,0.000867542361294323,1,2020-09-03
"226",4.79156460831828,0.197894222555591,9.48750165557168,4.79156460831828,4.79156460831828,4.79156460831828,"MK",2077132,145,2,673,22,14600,606,1382,1861,0.00702892257208497,6.98077926679672e-05,0.00066534047908366,0.000895946911414393,2,2020-09-04
"227",4.8043935926079,0.145036362112895,9.32990776970879,4.8043935926079,4.8043935926079,4.8043935926079,"MK",2077132,162,0,835,22,14762,606,1248,1988,0.00710691472665194,7.79921545669702e-05,0.0006008284499974,0.000957088909130474,0,2020-09-05
"228",4.81725392825135,0,9.13122990635625,4.81725392825135,4.81725392825135,4.81725392825135,"MK",2077132,0,0,835,22,14762,606,1167,1885,0.00710691472665194,0,0.000561832372713915,0.000907501304683573,0,2020-09-06
"229",4.85162046331317,0.587785643953746,9.3653024975522,4.85162046331317,4.85162046331317,4.85162046331317,"MK",2077132,0,0,835,22,14762,606,1089,1777,0.00710691472665194,0,0.000524280594589078,0.00085550653497226,0,2020-09-07
"230",4.88621046193794,0.480449143500115,8.80287434481786,4.88621046193794,4.88621046193794,4.88621046193794,"MK",2077132,328,11,760,17,15090,617,1291,2105,0.00726482476799741,0.000157910041345471,0.000621530071271349,0.00101341657631773,11,2020-09-08
"231",4.92102506680318,0.602185967316992,9.27671582828295,4.92102506680318,4.92102506680318,4.92102506680318,"MK",2077132,37,6,786,20,15127,623,1200,1909,0.00728263779095407,1.78130229566537e-05,0.000577719663459039,0.000919055697952754,6,2020-09-09
"232",4.9560654219603,0.259784695995247,9.31329843560002,4.9560654219603,4.9560654219603,4.9560654219603,"MK",2077132,99,8,771,27,15226,631,1299,2008,0.00733029966318944,4.76618722353707e-05,0.000625381535694409,0.000966717570188125,8,2020-09-10
"233",4.99133267276305,0.743863468839153,9.46109409227028,4.99133267276305,4.99133267276305,4.99133267276305,"MK",2077132,67,3,693,28,15293,634,1366,1779,0.00736255567773257,3.22560145431297e-05,0.000657637550237539,0.000856469401078025,3,2020-09-11
"234",5.02682796579466,0.734497149452669,9.66652319101053,5.02682796579466,5.02682796579466,5.02682796579466,"MK",2077132,121,3,652,31,15414,637,1487,1819,0.00742080907713135,5.82533993987864e-05,0.000715890949636325,0.000875726723193326,3,2020-09-12
"235",5.06255244879388,0.690025119193467,9.55072794236646,5.06255244879388,5.06255244879388,5.06255244879388,"MK",2077132,141,5,793,36,15555,642,1225,1882,0.00748869113758779,6.78820604564371e-05,0.000589755489781102,0.000906057005524926,5,2020-09-13
"236",5.09850727057975,0.829187695246474,9.58680872824187,5.09850727057975,5.09850727057975,5.09850727057975,"MK",2077132,139,4,932,40,15694,646,1353,1895,0.00755561033193846,6.6919194350672e-05,0.000651378920550066,0.000912315635212399,4,2020-09-14
"237",5.1346935809752,0.604522568187662,9.44675991988782,5.1346935809752,5.1346935809752,5.1346935809752,"MK",2077132,97,2,701,31,15791,648,1336,1864,0.00760230933806807,4.66990061296056e-05,0.000643194558651063,0.00089739121057304,2,2020-09-15
"238",5.17111253072938,1.10088712754502,9.77752059561928,5.17111253072938,5.17111253072938,5.17111253072938,"MK",2077132,134,13,798,38,15925,661,1325,1998,0.00766682136715433,6.45120290862593e-05,0.000637898795069355,0.000961903239659299,13,2020-09-16
"239",5.20776527143881,0.734954684426477,9.10844786775169,5.20776527143881,5.20776527143881,5.20776527143881,"MK",2077132,163,7,862,37,16088,668,1326,2161,0.00774529495477418,7.84735876198528e-05,0.000638380228122238,0.00104037682727915,7,2020-09-17
"240",5.24465295546722,0.56232678802756,9.69971637050524,5.24465295546722,5.24465295546722,5.24465295546722,"MK",2077132,186,7,981,41,16274,675,1512,2347,0.00783484150261033,8.9546547836151e-05,0.000727926775958389,0.0011299233751153,7,2020-09-18
"241",5.28177673586422,0.580198872810423,9.57149144938167,5.28177673586422,5.28177673586422,5.28177673586422,"MK",2077132,143,8,1003,46,16417,683,1655,2087,0.00790368642917253,6.88449265622021e-05,0.000796771702520591,0.00100475078136584,8,2020-09-19
"242",5.36142122053551,1.01900927048793,9.55632583621109,5.36142122053551,5.36142122053551,5.36142122053551,"MK",2077132,140,6,1002,47,16557,689,1467,2216,0.00797108705657609,6.74006274035545e-05,0.000706262288578675,0.00106685564518769,6,2020-09-20
"243",5.44214722756842,0.859928446436496,9.94145632945041,5.44214722756842,5.44214722756842,5.44214722756842,"MK",2077132,178,4,1041,47,16735,693,1608,2280,0.00805678213998918,8.56950834130907e-05,0.000774144349035112,0.00109766736057217,4,2020-09-21
"244",5.52396582742977,1.16554129777316,9.69945874057943,5.52396582742977,5.52396582742977,5.52396582742977,"MK",2077132,45,7,989,52,16780,700,1554,2180,0.00807844662736889,2.1664487379714e-05,0.000748146964179455,0.00104952405528392,7,2020-09-22
"245",5.60688809360002,1.17368927913755,9.90957983066419,5.60688809360002,5.60688809360002,5.60688809360002,"MK",2077132,87,5,942,44,16867,705,1574,2105,0.00812033130296967,4.18846756007803e-05,0.000757775625237106,0.00101341657631773,5,2020-09-23
"246",5.69092509862295,0.934393332462119,10.0662240735732,5.69092509862295,5.69092509862295,5.69092509862295,"MK",2077132,182,5,961,42,17049,710,1635,2287,0.00820795211859429,8.76208156246209e-05,0.00078714304146294,0.00110103739194235,5,2020-09-24
"247",5.77608791003492,1.39986844411775,10.3150337931499,5.77608791003492,5.77608791003492,5.77608791003492,"MK",2077132,151,2,926,37,17200,712,1645,2438,0.00828064850957956,7.26963909852624e-05,0.000791957371991766,0.00117373378292761,2,2020-09-25
"248",5.86238758617256,1.24707397801762,10.540536582026,5.86238758617256,5.86238758617256,5.86238758617256,"MK",2077132,143,9,926,38,17343,721,1649,2253,0.00834949343614176,6.88449265622021e-05,0.000793883104203296,0.00108466866814435,9,2020-09-26
"249",5.9498351718578,1.37495864788333,10.4244270132862,5.9498351718578,5.9498351718578,5.9498351718578,"MK",2077132,140,1,926,33,17483,722,1692,2356,0.00841689406354531,6.74006274035545e-05,0.000814584725477245,0.00113425627259125,1,2020-09-27
"250",6.03844169395931,1.39623690016353,10.5732102400258,6.03844169395931,6.03844169395931,6.03844169395931,"MK",2077132,146,3,894,32,17629,725,1704,2403,0.00848718328926616,7.02892257208497e-05,0.000820361922111835,0.00115688362607673,3,2020-09-28
"251",6.12821815682935,1.61804460988072,10.6503852302543,6.12821815682935,6.12821815682935,6.12821815682935,"MK",2077132,45,4,894,29,17674,729,1586,2381,0.00850884777664588,2.1664487379714e-05,0.000763552821871696,0.00114629209891331,4,2020-09-29
"252",6.21917553761527,1.73542487421747,10.6816452936839,6.21917553761527,6.21917553761527,6.21917553761527,"MK",2077132,112,8,919,32,17786,737,1512,2372,0.00856276827856872,5.39205019228436e-05,0.000727926775958389,0.00114195920143737,8,2020-09-30
"253",6.31132478144502,2.04675596028677,10.3992758283078,6.31132478144502,6.31132478144502,6.31132478144502,"MK",2077132,191,2,928,29,17977,739,1560,2422,0.00865472199166928,9.19537131005637e-05,0.00075103556249675,0.00116603085408149,2,2020-10-01
"254",6.47433520026839,1.720671959467,10.7037794885087,6.47433520026839,6.47433520026839,6.47433520026839,"MK",2077132,161,4,938,31,18138,743,1581,2444,0.00873223271318337,7.75107215140877e-05,0.000761145656607283,0.00117662238124491,4,2020-10-02
"255",6.64103510073177,2.24172797826326,11.1226578739726,6.64103510073177,6.64103510073177,6.64103510073177,"MK",2077132,225,6,1020,28,18363,749,1628,2572,0.00884055515008194,0.00010832243689857,0.000783773010092763,0.00123824581201387,6,2020-10-03
"256",6.81148095309006,2.55529390483899,11.368184446529,6.81148095309006,6.81148095309006,6.81148095309006,"MK",2077132,239,4,1119,31,18602,753,1822,2677,0.00895561764972086,0.000115062499638925,0.000877171022351974,0.00128879628256654,4,2020-10-04
"257",6.98572867409497,2.43566556019479,11.6390827808487,6.98572867409497,6.98572867409497,6.98572867409497,"MK",2077132,0,0,973,28,18602,753,1735,2514,0.00895561764972086,0,0.000835286346751193,0.00121032269494669,0,2020-10-05
"258",7.16383353683801,2.76211153270902,11.5738908764712,7.16383353683801,7.16383353683801,7.16383353683801,"MK",2077132,271,7,1199,31,18873,760,1824,2599,0.00908608600705203,0.000130468357331166,0.000878133888457739,0.0012512445044417,7,2020-10-06
"259",7.34585007708433,2.93442613598378,11.8463323279142,7.34585007708433,7.34585007708433,7.34585007708433,"MK",2077132,224,8,1311,31,19097,768,1897,2680,0.00919392701089772,0.000107841003845687,0.000913278501318164,0.00129024058172519,8,2020-10-07
"260",7.53183199612241,3.28188679234737,12.1251520784868,7.53183199612241,7.53183199612241,7.53183199612241,"MK",2077132,316,4,1436,33,19413,772,2070,2856,0.0093460598556086,0.00015213284471088,0.000996566419466842,0.00137497279903251,4,2020-10-08
"261",7.72183206016827,3.44214990186807,12.2154650595652,7.72183206016827,7.72183206016827,7.72183206016827,"MK",2077132,364,3,1639,32,19777,775,2294,3042,0.00952130148685784,0.000175241631249242,0.00110440742331253,0.00146451934686866,3,2020-10-09
"262",7.9159019963769,3.38587399388491,12.2942801588261,7.9159019963769,7.9159019963769,7.9159019963769,"MK",2077132,386,6,1800,32,20163,781,2534,3383,0.0097071346452705,0.000185833158412657,0.00121995135600434,0.00162868801790161,6,2020-10-10
"263",8.11409238552925,3.80631820506765,12.1941818545508,8.11409238552925,8.11409238552925,8.11409238552925,"MK",2077132,392,4,1953,32,20555,785,2881,3688,0.00989585640200045,0.000188721756729953,0.00138700862535458,0.00177552509903078,4,2020-10-11
"264",8.31645255147884,3.96640126934705,12.6325936205104,8.31645255147884,8.31645255147884,8.31645255147884,"MK",2077132,382,7,2335,39,20937,792,3151,3888,0.0100797638282016,0.000183907426201127,0.00151699554963286,0.00187181170960729,7,2020-10-12
"265",8.52303044745905,4.16397582134737,13.0046511810889,8.52303044745905,8.52303044745905,8.52303044745905,"MK",2077132,176,5,2240,37,21113,797,3136,3913,0.0101644960455089,8.47322173073257e-05,0.00150977405383962,0.00188384753592935,5,2020-10-13
"266",8.73387253937006,4.26504928192067,12.9329394787121,8.73387253937006,8.73387253937006,8.73387253937006,"MK",2077132,80,3,2096,32,21193,800,3055,3850,0.0102030106897395,3.85146442306026e-05,0.00147077797655614,0.00185351725359775,3,2020-10-14
"267",9.03335795051288,4.83977944868488,14.0750621550669,9.03335795051288,9.03335795051288,9.03335795051288,"MK",2077132,443,9,2223,37,21636,809,3273,4153,0.0104162855321665,0.000213274842426962,0.00157573038208453,0.00199939146862116,9,2020-10-15
"268",9.34124155501661,5.38857315713371,14.2359338339257,9.34124155501661,9.34124155501661,9.34124155501661,"MK",2077132,534,6,2393,40,22170,815,3568,4541,0.0106733707824057,0.000257085250239272,0.00171775313268488,0.00218618749313958,6,2020-10-16
"269",9.65763032346001,5.22754047369296,13.9925295108445,9.65763032346001,9.65763032346001,9.65763032346001,"MK",2077132,437,6,2444,40,22607,821,4005,4933,0.0108837570265154,0.000210386244109667,0.00192813937679454,0.00237490924986953,6,2020-10-17
"270",9.98262353269763,5.57801837589016,14.8152239119674,9.98262353269763,9.98262353269763,9.98262353269763,"MK",2077132,594,3,2646,39,23201,824,4328,5415,0.0111697282599276,0.000285971233412224,0.0020836422528756,0.00260695998135891,3,2020-10-18
"271",10.3163120937219,5.76952510993441,14.5800455004082,10.3163120937219,10.3163120937219,10.3163120937219,"MK",2077132,427,10,2691,42,23628,834,4531,5651,0.0113753001735085,0.000205571913580841,0.00218137316261075,0.00272057818183919,10,2020-10-19
"272",10.6587778682665,6.12717565119349,15.2707753394027,10.6587778682665,10.6587778682665,10.6587778682665,"MK",2077132,160,12,2675,49,23788,846,4375,5650,0.0114523294619697,7.70292884612052e-05,0.00210626960636108,0.00272009674878631,12,2020-10-20
"273",11.0100929770269,6.72345883581152,15.5153574500785,11.0100929770269,11.0100929770269,11.0100929770269,"MK",2077132,408,4,3003,50,24196,850,4419,5833,0.0116487541475458,0.000196424685576073,0.00212745266068791,0.00280819899746381,4,2020-10-21
"274",11.3703191026824,6.75509802705117,15.8911750919431,11.3703191026824,11.3703191026824,11.3703191026824,"MK",2077132,640,12,3200,53,24836,862,4673,6234,0.0119568713013906,0.000308117153844821,0.00224973665612007,0.00300125365166971,12,2020-10-22
"275",11.7395067912074,7.10019804409536,16.074085892752,11.7395067912074,11.7395067912074,11.7395067912074,"MK",2077132,637,12,3303,59,25473,874,4918,6871,0.0122635441560767,0.000306672854686173,0.00236768775407629,0.00330792650635588,12,2020-10-23
"276",12.1176947552627,7.70125718594058,16.7033095587656,12.1176947552627,12.1176947552627,12.1176947552627,"MK",2077132,518,9,3384,62,25991,883,5054,7118,0.0125129264774699,0.000249382321393152,0.00243316264926832,0.00342684047041786,9,2020-10-24
"277",12.5049091837484,8.13298044210828,16.8765340690995,12.5049091837484,12.5049091837484,12.5049091837484,"MK",2077132,403,14,3193,73,26394,897,5281,7297,0.0127069439977816,0.000194017520311661,0.00254244795227265,0.00351301698688384,14,2020-10-25
"278",12.9011630618792,8.64887326073858,16.9772779807543,12.9011630618792,12.9011630618792,12.9011630618792,"MK",2077132,560,22,3326,85,26954,919,5761,7541,0.0129765465073958,0.000269602509614218,0.00277353581765627,0.00363048665178718,22,2020-10-26
"279",13.3064555064036,8.99815388900101,18.0364291901263,13.3064555064036,13.3064555064036,13.3064555064036,"MK",2077132,245,14,3411,87,27199,933,5563,7422,0.013094497605352,0.00011795109795622,0.00267821207318553,0.00357319611849415,14,2020-10-27
"280",13.7453576736592,9.27938976647414,18.5282595674376,13.7453576736592,13.7453576736592,13.7453576736592,"MK",2077132,0,0,3003,83,27199,933,5029,7036,0.013094497605352,0,0.00242112682294625,0.0033873629600815,0,2020-10-28
"281",14.194335860619,9.72489470552254,18.6503997227747,14.194335860619,14.194335860619,14.194335860619,"MK",2077132,1498,30,3861,101,28697,963,6090,8142,0.01381568431857,0.000721186713218033,0.00293192729205462,0.00391982791656958,30,2020-10-29
"282",14.653333504479,10.4496563801537,19.0151130061245,14.653333504479,14.653333504479,14.653333504479,"MK",2077132,861,14,4085,103,29558,977,6357,8621,0.0142301981771019,0.00041451385853186,0.00306046991717426,0.00415043434890031,14,2020-10-30
"283",15.1222735201413,10.6815276778451,19.6184757124336,15.1222735201413,15.1222735201413,15.1222735201413,"MK",2077132,890,5,4457,99,30448,982,6820,9335,0.0146586735941673,0.000428475417065454,0.00328337342065887,0.00449417754865844,5,2020-10-31
"284",15.6010576274719,11.1364510078644,20.0454861739109,15.6010576274719,15.6010576274719,15.6010576274719,"MK",2077132,1124,12,5178,97,31572,994,7784,10379,0.0151998043456073,0.000541130751439966,0.00374747488363763,0.0049967936558678,12,2020-11-01
"285",16.0895657456516,11.6976225596826,20.6610636150216,16.0895657456516,16.0895657456516,16.0895657456516,"MK",2077132,864,10,5482,85,32436,1004,8240,10800,0.0156157625032978,0.000415958157690508,0.00396700835575207,0.00519947697113135,10,2020-11-02
"286",16.5876554628077,12.2363618022479,21.1531700854851,16.5876554628077,16.5876554628077,16.5876554628077,"MK",2077132,561,21,5798,92,32997,1025,8161,10827,0.0158858464459649,0.000270083942667101,0.00392897514457435,0.00521247566355918,21,2020-11-03
"287",17.0951615889808,12.517035402133,21.273518189552,17.0951615889808,17.0951615889808,17.0951615889808,"MK",2077132,911,24,6709,116,33908,1049,8435,11301,0.0163244319571409,0.000438585511175987,0.00406088780106416,0.0054406749306255,24,2020-11-04
"288",17.6118958002431,13.0422919178801,22.1993945578554,17.6118958002431,17.6118958002431,17.6118958002431,"MK",2077132,1189,22,6400,108,35097,1071,9106,11896,0.0168968558570182,0.000572423899877331,0.00438392937954834,0.0057271275970906,22,2020-11-05
"289",18.1376463814346,13.8731877068584,22.4616642621043,18.1376463814346,18.1376463814346,18.1376463814346,"MK",2077132,1275,13,6814,107,36372,1084,9978,12744,0.0175106829994435,0.000613827142425229,0.00480373900166191,0.00613538282593499,13,2020-11-06
"290",18.6721780745192,14.2948329146288,23.3290536308832,18.6721780745192,18.6721780745192,18.6721780745192,"MK",2077132,1127,12,7051,114,37499,1096,10545,13711,0.0180532580500421,0.000542575050598614,0.0050767115426463,0.0066009285880724,12,2020-11-07
"291",19.2152320389832,14.6782015324293,23.7719049521839,19.2152320389832,19.2152320389832,19.2152320389832,"MK",2077132,1283,14,7210,116,38782,1110,11583,14586,0.0186709366568904,0.000617678606848289,0.00557643905153837,0.00702218250934462,14,2020-11-08
"292",19.7665259346011,15.1704254944101,24.5030179688617,19.7665259346011,19.7665259346011,19.7665259346011,"MK",2077132,978,26,7324,132,39760,1136,12561,14924,0.0191417781826095,0.000470841525719117,0.00604728057725749,0.00718490688121891,26,2020-11-09
"293",20.325754108611,15.5904882064423,24.5892076593479,20.325754108611,20.325754108611,20.325754108611,"MK",2077132,515,20,7278,131,40275,1156,11578,14802,0.019389716204844,0.000247938022234504,0.00557403188627396,0.00712617204876724,20,2020-11-10
"294",20.8925879367737,16.2886172831794,25.0555290306488,20.8925879367737,20.8925879367737,20.8925879367737,"MK",2077132,947,30,7314,137,41222,1186,11664,15231,0.0198456333059237,0.000455917101079758,0.00561543512882186,0.00733270682845385,30,2020-11-11
"295",21.4666762760848,17.2452418158286,25.8382545046706,21.4666762760848,21.4666762760848,21.4666762760848,"MK",2077132,1318,26,7443,141,42540,1212,12092,16146,0.0204801620696229,0.000634528763699178,0.00582148847545558,0.00777321807184137,26,2020-11-12
"296",22.0476460534592,17.6145979940237,26.4157381607737,22.0476460534592,22.0476460534592,22.0476460534592,"MK",2077132,1295,26,7463,154,43835,1238,12263,16881,0.0211036178731058,0.000623455803482879,0.00590381352749849,0.00812707136571003,26,2020-11-13
"297",22.6351029865922,18.2461891302372,26.9852299796888,22.6351029865922,22.6351029865922,22.6351029865922,"MK",2077132,1063,25,7399,167,44898,1263,12462,17699,0.0216153812083199,0.000511763335214132,0.00599961870502212,0.00852088360296794,25,2020-11-14
"298",23.2286324363989,18.5966153177531,27.9177015775735,23.2286324363989,23.2286324363989,23.2286324363989,"MK",2077132,1164,18,7280,171,46062,1281,13065,18863,0.0221757692818752,0.000560388073555268,0.00628992283591028,0.00908127167652321,18,2020-11-15
"299",23.8278003891271,19.5091514946995,28.0958505857665,23.8278003891271,23.8278003891271,23.8278003891271,"MK",2077132,988,24,7290,169,47050,1305,13142,18353,0.0226514251381231,0.000475655856247942,0.00632699318098224,0.00883574081955311,24,2020-11-16
"300",24.4321545648951,19.9075269559925,28.6309492958319,24.4321545648951,24.4321545648951,24.4321545648951,"MK",2077132,586,40,7361,189,47636,1345,12539,18078,0.0229335449071123,0.000282119768989164,0.00603668905009407,0.00870334673001042,40,2020-11-17
"301",25.0412256480498,20.6212509112937,29.1892579885463,25.0412256480498,25.0412256480498,25.0412256480498,"MK",2077132,977,31,7391,190,48613,1376,12241,18165,0.0234039049997785,0.000470360092666234,0.00589322200033508,0.0087452314056112,31,2020-11-18
"302",25.6545286333991,21.2937703344013,29.9502737125739,25.6545286333991,25.6545286333991,25.6545286333991,"MK",2077132,1402,21,7475,185,50015,1397,12516,18443,0.0240788741399199,0.00067496914014131,0.00602561608987777,0.00887906979431254,21,2020-11-19
"303",26.2715642810566,21.6017998492457,30.976774704949,26.2715642810566,26.2715642810566,26.2715642810566,"MK",2077132,1198,26,7378,185,51213,1423,12431,18777,0.0246556309372731,0.000576756797353274,0.00598469428038276,0.00903986843397531,26,2020-11-20
"304",26.8918206713739,22.6696941551732,31.3460424807808,26.8918206713739,26.8918206713739,26.8918206713739,"MK",2077132,1236,39,7551,199,52449,1462,12689,19452,0.0252506821906359,0.00059505125336281,0.00610890400802645,0.00936483574467102,39,2020-11-21
"305",27.5147748496068,23.1150419534776,32.0781531333506,27.5147748496068,27.5147748496068,27.5147748496068,"MK",2077132,1182,25,7569,206,53631,1487,13356,19723,0.0258197360591431,0.000569053868507153,0.0064300198542991,0.00949530410200218,25,2020-11-22
"306",28.13989455274,23.7956999283059,32.9244786800923,28.13989455274,28.13989455274,28.13989455274,"MK",2077132,1112,24,7693,206,54743,1511,13521,19646,0.0263550896139485,0.000535353554805376,0.00650945630802472,0.00945823375693023,24,2020-11-23
"307",28.7666400002532,23.9786139424186,33.1514323978279,28.7666400002532,28.7666400002532,28.7666400002532,"MK",2077132,384,35,7491,201,55127,1546,12587,18755,0.0265399599062554,0.000184870292306892,0.00605979783663243,0.00902927690681189,35,2020-11-24
"308",29.3944657426433,25.0574166706272,33.5271270224845,29.3944657426433,29.3944657426433,29.3944657426433,"MK",2077132,1037,15,7551,185,56164,1561,12329,18665,0.0270392059820945,0.000499246075839186,0.00593558810898874,0.00898594793205246,15,2020-11-25
"309",30.0228225511846,25.617665996656,34.5643741666096,30.0228225511846,30.0228225511846,30.0228225511846,NA,NA,NA,NA,NA,NA,NA,NA,NA,NA,NA,NA,NA,NA,NA,2020-11-26
"310",30.6511593357304,25.9216482229246,35.1607211826899,30.6511593357304,30.6511593357304,30.6511593357304,NA,NA,NA,NA,NA,NA,NA,NA,NA,NA,NA,NA,NA,NA,NA,2020-11-27
"311",31.2789250763624,27.0351458158595,35.9715008291242,31.2789250763624,31.2789250763624,31.2790263759798,NA,NA,NA,NA,NA,NA,NA,NA,NA,NA,NA,NA,NA,NA,NA,2020-11-28
"312",31.9055707545165,27.2722521658458,36.2898166326835,31.9055707545165,31.8987451778443,31.9173076647523,NA,NA,NA,NA,NA,NA,NA,NA,NA,NA,NA,NA,NA,NA,NA,2020-11-29
"313",32.5305512692227,28.0757047260346,37.0596903930304,32.5305512692227,32.5121584309017,32.5587994455191,NA,NA,NA,NA,NA,NA,NA,NA,NA,NA,NA,NA,NA,NA,NA,2020-11-30
"314",33.1533273242845,28.608779209093,37.4154326117856,33.1533273242845,33.1147969666331,33.2014504868231,NA,NA,NA,NA,NA,NA,NA,NA,NA,NA,NA,NA,NA,NA,NA,2020-12-01
"315",33.7733672725928,29.5595536522222,37.6928756113651,33.7733672725928,33.7168510522395,33.852518652942,NA,NA,NA,NA,NA,NA,NA,NA,NA,NA,NA,NA,NA,NA,NA,2020-12-02
"316",34.3901489043112,30.2568931207465,38.7765014512836,34.3901489043112,34.3086464188265,34.496735990938,NA,NA,NA,NA,NA,NA,NA,NA,NA,NA,NA,NA,NA,NA,NA,2020-12-03
"317",35.0031611663723,30.6282916081049,39.4487668423779,35.0031611663723,34.8925212886354,35.1362500371441,NA,NA,NA,NA,NA,NA,NA,NA,NA,NA,NA,NA,NA,NA,NA,2020-12-04
"318",35.6119058015767,30.9586897498658,39.8380441912667,35.6119058015767,35.477431637144,35.7704940352978,NA,NA,NA,NA,NA,NA,NA,NA,NA,NA,NA,NA,NA,NA,NA,2020-12-05
"319",36.2158988965689,31.7342158745422,40.7420795407592,36.2158988965689,36.0518152893989,36.4021406264798,NA,NA,NA,NA,NA,NA,NA,NA,NA,NA,NA,NA,NA,NA,NA,2020-12-06
"320",36.8146723290652,32.5212808855098,41.355090090164,36.8146723290652,36.6100570821934,37.0262120512166,NA,NA,NA,NA,NA,NA,NA,NA,NA,NA,NA,NA,NA,NA,NA,2020-12-07
"321",37.4077751058991,32.6988165224225,42.0794727023106,37.4077751058991,37.1674071113661,37.6578118590503,NA,NA,NA,NA,NA,NA,NA,NA,NA,NA,NA,NA,NA,NA,NA,2020-12-08
"322",37.9947745847155,33.4078547561523,42.4724150479651,37.9947745847155,37.7174457241808,38.2770976256878,NA,NA,NA,NA,NA,NA,NA,NA,NA,NA,NA,NA,NA,NA,NA,2020-12-09
