"date","regioncode","population","cases","deaths","cum_cases","cum_deaths","deaths_prev_week","cases_infected","cases_infected_low","cases_infected_high","cases_daily","cases_contagious","cases_active","p_cases_infected","p_cases_infected_low","p_cases_infected_high","p_cases_daily","p_cases_contagious","p_cases_active"
2020-03-17,"BRAC",881935,3,0,3,0,0,NA,NA,NA,0,0,0,NA,NA,NA,0,0,0
2020-03-18,"BRAC",881935,0,0,3,0,0,0,NA,NA,0,0,0,0,NA,NA,0,0,0
2020-03-19,"BRAC",881935,1,0,4,0,0,0,NA,NA,0,0,0,0,NA,NA,0,0,0
2020-03-20,"BRAC",881935,3,0,7,0,0,0,NA,NA,0,0,0,0,NA,NA,0,0,0
2020-03-21,"BRAC",881935,4,0,11,0,0,0,0,NA,0,0,0,0,0,NA,0,0,0
2020-03-22,"BRAC",881935,0,0,11,0,0,0,0,NA,0,0,0,0,0,NA,0,0,0
2020-03-23,"BRAC",881935,6,0,17,0,0,0,0,NA,0,0,0,0,0,NA,0,0,0
2020-03-24,"BRAC",881935,4,0,21,0,0,0,0,NA,0,0,0,0,0,NA,0,0,0
2020-03-25,"BRAC",881935,2,0,23,0,0,0,0,NA,0,0,0,0,0,NA,0,0,0
2020-03-26,"BRAC",881935,0,0,23,0,0,0,0,NA,0,0,0,0,0,NA,0,0,0
2020-03-27,"BRAC",881935,2,0,25,0,0,0,0,NA,0,0,0,0,0,NA,0,0,0
2020-03-28,"BRAC",881935,0,0,25,0,0,0,0,NA,0,0,0,0,0,NA,0,0,0
2020-03-29,"BRAC",881935,9,0,34,0,0,0,0,NA,0,0,0,0,0,NA,0,0,0
2020-03-30,"BRAC",881935,7,0,41,0,0,0,0,NA,0,0,0,0,0,NA,0,0,0
2020-03-31,"BRAC",881935,1,0,42,0,0,0,0,NA,0,0,0,0,0,NA,0,0,0
2020-04-01,"BRAC",881935,1,0,43,0,0,0,0,NA,0,0,0,0,0,NA,0,0,0
2020-04-02,"BRAC",881935,2,0,45,0,0,0,0,NA,0,0,0,0,0,NA,0,0,0
2020-04-03,"BRAC",881935,1,0,46,0,0,0,0,NA,0,0,0,0,0,NA,0,0,0
2020-04-04,"BRAC",881935,0,0,46,0,0,0,0,NA,0,0,0,0,0,NA,0,0,0
2020-04-05,"BRAC",881935,2,0,48,0,0,0,0,NA,0,0,0,0,0,NA,0,0,0
2020-04-06,"BRAC",881935,2,1,50,1,1,137.406379219783,20.8309097372614,906.370066810778,137.406379219783,137.406379219783,137.406379219783,0.000155801027535797,2.36195521634377e-05,0.00102770619922191,0.000155801027535797,0.000155801027535797,0.000155801027535797
2020-04-07,"BRAC",881935,0,1,50,2,2,255.548350951833,102.670223559453,636.065233035995,118.14197173205,255.548350951833,255.548350951833,0.000289758713456018,0.000116414728477102,0.000721215546538005,0.000133957685920221,0.000289758713456018,0.000289758713456018
2020-04-08,"BRAC",881935,8,0,58,2,2,277.698109585002,111.04976417351,694.429570751664,22.1497586331693,277.698109585002,277.698109585002,0.000314873669357722,0.000125916041628363,0.00078739314207018,2.5114955901704e-05,0.000314873669357722,0.000314873669357722
2020-04-09,"BRAC",881935,4,0,62,2,2,279.140673142242,111.171757036518,700.8930818347,1.44256355723905,279.140673142242,279.140673142242,0.000316509349489749,0.000126054365725953,0.000794721926031623,1.6356801320268e-06,0.000316509349489749,0.000316509349489749
2020-04-10,"BRAC",881935,8,0,70,2,2,295.914679400821,117.428393740196,745.692712774598,16.7740062585792,295.914679400821,295.914679400821,0.000335528898842682,0.000133148580950066,0.000845518901931093,1.90195493529332e-05,0.000335528898842682,0.000335528898842682
2020-04-11,"BRAC",881935,2,0,72,2,2,284.865625472849,112.516632931439,721.212699508035,0,295.914679400821,295.914679400821,0.000323000703535804,0.000127579280708259,0.000817761739252932,0,0.000335528898842682,0.000335528898842682
2020-04-12,"BRAC",881935,5,0,77,2,2,284.316075177118,111.994915935484,721.779465870458,0,295.914679400821,295.914679400821,0.000322377584716695,0.000126987721244178,0.000818404378860639,0,0.000335528898842682,0.000335528898842682
2020-04-13,"BRAC",881935,13,1,90,3,2,465.231058511909,253.148942752973,854.990486827026,146.668720959414,442.583400360235,442.583400360235,0.000527511731036765,0.000287038095497937,0.000969448413802634,0.000166303322761217,0.000501832221603899,0.000501832221603899
2020-04-14,"BRAC",881935,9,0,99,3,1,476.570860155923,258.513818871214,878.559551444722,33.9874597956876,476.570860155923,476.570860155923,0.000540369596575624,0.000293121169781462,0.000996172678762859,3.85373749717243e-05,0.000540369596575624,0.000540369596575624
2020-04-15,"BRAC",881935,2,1,101,4,2,600.456999009785,382.145542297038,943.485054130465,123.886138853862,600.456999009785,600.456999009785,0.00068084042362508,0.000433303522705231,0.00106978978510941,0.000140470827049456,0.00068084042362508,0.00068084042362508
2020-04-16,"BRAC",881935,14,1,115,5,3,789.857248350015,552.771032365671,1128.63090907837,189.40024934023,789.857248350015,789.857248350015,0.000895595761989279,0.000626770717077416,0.00127972119155989,0.000214755338364199,0.000895595761989279,0.000895595761989279
2020-04-17,"BRAC",881935,20,0,135,5,3,856.879438662822,598.121375119811,1227.58089402178,67.0221903128073,856.879438662822,856.879438662822,0.000971590240395066,0.000678192128807465,0.0013919176515523,7.59944784057865e-05,0.000971590240395066,0.000971590240395066
2020-04-18,"BRAC",881935,7,1,142,6,4,995.076846220797,739.427848638744,1339.11365619729,138.197407557975,857.670467001014,995.076846220797,0.00112828819155697,0.000838415357865086,0.0015183813503232,0.000156697951161905,0.000972487164021174,0.00112828819155697
2020-04-19,"BRAC",881935,21,0,163,6,4,1045.83286271109,774.979218401876,1411.34929912313,50.7560164902939,790.284511759258,1045.83286271109,0.00118583893678229,0.000878726004072722,0.00160028720838058,5.75507452253214e-05,0.000896080223326275,0.00118583893678229
2020-04-20,"BRAC",881935,13,2,176,8,5,1374.98513224331,1103.00680649081,1714.02760414962,329.152269532222,1097.28702265831,1374.98513224331,0.00155905495557304,0.0012506667798543,0.0019434851821842,0.000373216018790752,0.00124418128621532,0.00155905495557304
2020-04-21,"BRAC",881935,19,0,195,8,5,1387.60616534004,1110.58634727759,1733.7245994511,12.6210330967276,1108.4654921978,1387.60616534004,0.00157336557154443,0.00125926099687345,0.00196581902232149,1.43106159713897e-05,0.00125685622205469,0.00157336557154443
2020-04-22,"BRAC",881935,19,0,214,8,4,1385.73609448241,1106.40913617417,1735.58267079337,0,1091.69148593922,1387.60616534004,0.00157124515353445,0.00125452458080717,0.00196792583443606,0,0.00123783667270175,0.00157336557154443
2020-04-23,"BRAC",881935,13,2,227,10,5,1670.98946203165,1398.67652429701,1996.31990221916,281.513225833978,1373.2047117732,1669.11939117402,0.00189468550633738,0.00158591792399327,0.00226356806592227,0.000319199516782958,0.00155703618948471,0.00189256508832739
2020-04-24,"BRAC",881935,7,1,234,11,6,1724.87919821113,1467.02105940999,2028.06103520971,55.7598070371125,1428.96451881031,1587.47281899135,0.00195578948359134,0.00166341177003973,0.00229955839739858,6.32243952639509e-05,0.00162026058474866,0.00179998845605555
2020-04-25,"BRAC",881935,24,0,258,11,5,1738.42022208262,1476.265577125,2047.12818301384,13.5410238714851,1295.83682172238,1482.87187113078,0.00197114324987966,0.00167389385513105,0.00232117807209583,1.5353766288315e-05,0.00146931102827576,0.00168138453642364
2020-04-26,"BRAC",881935,21,0,279,11,5,1726.26239710742,1463.86631139639,2035.69263153849,0,1261.84936192669,1460.72211249761,0.00195735785189092,0.00165983469461626,0.00230821163865647,0,0.00143077365330403,0.00165626958052194
2020-04-27,"BRAC",881935,22,3,301,14,6,2181.23653554428,1919.38042882389,2478.81699351731,430.658488486463,1568.62171155929,1889.93803742684,0.00247323956475735,0.00217632867368217,0.0028106572406326,0.000488310916888958,0.00177861374314354,0.00214294481727887
2020-04-28,"BRAC",881935,16,2,317,16,8,2419.05091095803,2163.83156091691,2704.37284283219,249.972200388953,1629.19366260802,2123.13623155721,0.00274289024809995,0.00245350457904144,0.00306640834396207,0.000283436081331338,0.00184729448611068,0.00240736134925727
2020-04-29,"BRAC",881935,37,2,354,18,10,2805.13564526059,2540.98627189812,3096.74478580852,386.084734302556,1948.25620659777,2509.22096585977,0.00318066030405936,0.0028811491457966,0.00351130727979786,0.000437770055959403,0.00220907006366429,0.00284513140521668
2020-04-30,"BRAC",881935,50,1,404,19,9,3122.56574085858,2842.31500986191,3430.44904317534,317.430095597992,2127.48889463778,2826.65106145776,0.00354058489668579,0.00322281688544157,0.00388968466290071,0.000359924592626432,0.00241229670512882,0.00320505599784311
2020-05-01,"BRAC",881935,83,0,487,19,8,3470.03428213029,3155.89624091339,3815.44163685005,347.46854127171,2424.2014194192,3027.45088177006,0.00393456919402257,0.0035783773644468,0.00432621637291869,0.000393984297336776,0.00274873025724027,0.00343273697241867
2020-05-02,"BRAC",881935,66,3,553,22,11,4175.91729643755,3848.34329551536,4531.37465334964,705.883014307261,2800.93216419424,3699.34643628163,0.00473494905683248,0.00436352259011759,0.00513799163583443,0.000800379862809913,0.00317589410125943,0.00419457946025685
2020-05-03,"BRAC",881935,105,3,658,25,14,5117.95216974585,4762.99616128276,5499.36080669691,942.034873308302,3730.34600440581,4517.49517073607,0.00580309452481856,0.005400620409988,0.00623556249235705,0.00106814546798608,0.00422972895327412,0.00512225410119348
2020-05-04,"BRAC",881935,75,3,733,28,14,5734.14163767942,5376.92227483965,6115.09310350769,616.189467933563,4346.53547233938,4944.2843893294,0.00650177352943178,0.00609673306404627,0.00693372312416185,0.000698679004613223,0.00492840795788735,0.0056061777674425
2020-05-05,"BRAC",881935,84,1,817,29,13,5898.78055613057,5540.06004389742,6280.7283267106,164.638918451153,4229.66116495655,5041.90111746775,0.00668845272738985,0.00628171015312627,0.00712153200259724,0.000186679197958072,0.00479588763906246,0.00571686248699479
2020-05-06,"BRAC",881935,126,6,943,35,17,7300.29614919567,6930.97871523404,7689.29267504777,1401.5155930651,5575.41695098454,6305.21930297487,0.00827758978745108,0.00785883167720301,0.00871866143768846,0.00158913706006123,0.00632180030385974,0.00714930159589411
2020-05-07,"BRAC",881935,71,1,1014,36,17,7162.04509032499,6805.78701930566,7536.95196901438,0,5561.87592711305,6254.46328648458,0.00812083100265324,0.00771688051761826,0.00854592681888617,0,0.00630644653757143,0.00709175085066879
2020-05-08,"BRAC",881935,163,2,1177,38,19,7784.377328975,7413.93929091525,8173.32433165625,345.830120908647,5907.7060480217,6271.141137861,0.00882647511321696,0.00840644638314077,0.00926749061059631,0.000392126540968038,0.00669857307853946,0.00711066137284608
2020-05-09,"BRAC",881935,158,2,1335,40,18,8255.26352754092,7878.5242722294,8650.01789096006,609.137257436603,6086.18481697184,6867.65736220088,0.0093603990402251,0.00893322554636044,0.00980799933210504,0.000690682711805976,0.00690094487345648,0.00778703346868066
2020-05-10,"BRAC",881935,112,1,1447,41,16,8138.72372447426,7772.96064182958,8521.69809105439,0,5836.21261658289,6867.65736220088,0.00922825800594631,0.00881353006948311,0.00966250130798119,0,0.00661750879212514,0.00778703346868066
2020-05-11,"BRAC",881935,13,3,1460,44,16,7824.40079501772,7494.02718091173,8169.33890458957,0,5450.12788228033,6586.1441363669,0.00887185653706647,0.00849725567180317,0.00926297165277438,0,0.00617973873616574,0.0074678339518977
2020-05-12,"BRAC",881935,130,7,1590,51,22,8823.12113310614,8499.41854164424,9159.15202293406,20.4550699753472,5153.15285665769,6550.83939930514,0.010004275976241,0.00963723918615798,0.0103852914590464,2.31933985785202e-05,0.00584300754211783,0.00742780295521227
2020-05-13,"BRAC",881935,104,1,1694,52,17,8640.09760657571,8326.84232241535,8965.13753481299,364.379009059439,5170.06332444542,6901.67738449309,0.00979675101518333,0.00944156011771316,0.0101653041718641,0.00041315857637971,0.00586218182116076,0.00782560776530367
2020-05-14,"BRAC",881935,46,3,1740,55,19,8520.71936236172,8226.68200439984,8825.26617818656,0,4464.18031013816,6901.67738449309,0.0096613915564772,0.0093279912968641,0.0100067081793857,0,0.00506180195835085,0.00782560776530367
2020-05-15,"BRAC",881935,45,2,1785,57,19,8280.04387510069,8002.66856030623,8567.03311613457,0,3522.14543682985,6471.01889600663,0.00938849674307142,0.00907398908117518,0.00971390535145399,0,0.00399365649036477,0.00733729684841471
2020-05-16,"BRAC",881935,82,2,1867,59,19,8258.84533661228,7990.10531896113,8536.62418344077,0,2905.95596889629,6221.04669561768,0.0093644603475452,0.0090597439935609,0.0096794255624743,0,0.00329497748575155,0.00705386076708337
2020-05-17,"BRAC",881935,129,3,1996,62,21,8611.82895893859,8343.78647227886,8888.48225735547,0,2741.31705044514,5834.96196131512,0.00976469803209827,0.00946077258786516,0.0100783870209885,0,0.00310829828779347,0.00661609071112397
2020-05-18,"BRAC",881935,238,5,2234,67,23,9717.43215650345,9436.02159112376,10007.235231962,188.38165663819,1528.18311401823,5705.91352235532,0.0110183087829641,0.0106992256698325,0.0113469079149393,0.000213600386239564,0.00173276161397181,0.0064697665047371
2020-05-19,"BRAC",881935,248,6,2482,73,22,10989.0273828369,10695.2382933767,11290.8866084379,2160.54811962301,3688.73123364124,7518.99310070662,0.0124601329835384,0.012127014228233,0.012802402227418,0.00244978158211548,0.00418254319608729,0.0085255637895158
2020-05-20,"BRAC",881935,335,2,2817,75,23,11942.2927116146,11630.0485754571,12262.9199942338,953.265328777703,4296.1664415103,7766.37541517706,0.0135410123326715,0.0131869679460018,0.0139045621210564,0.0010808793491331,0.00487129600425235,0.00880606327583899
2020-05-21,"BRAC",881935,286,3,3103,78,23,12690.529835091,12369.7820728027,13019.5945690452,748.237123476385,4435.26630755008,7572.57766534515,0.0143894162666081,0.0140257298698914,0.0147625330313971,0.000848403933936611,0.00502901722638299,0.00858632174178953
2020-05-22,"BRAC",881935,240,2,3343,80,23,12937.3100725729,12616.863703263,13265.8952216952,246.780237481869,4682.04654503195,7203.16843489345,0.0146692330756494,0.0143058884195128,0.0150418060533885,0.000279816809041334,0.00530883403542432,0.00816745954621764
2020-05-23,"BRAC",881935,524,7,3867,87,28,14964.5405865377,14621.1396783216,15316.0068156768,2027.23051396485,6709.2770589968,9065.76003040715,0.0169678497695836,0.0165784776410071,0.0173663669269014,0.00229861669393419,0.00760745072935851,0.0102793970421938
2020-05-24,"BRAC",881935,293,5,4160,92,30,15603.2879537394,15262.3772917277,15951.8134241948,638.74736720164,7327.56935622309,8302.99180454369,0.0176921065086876,0.0173055579965958,0.0180872892267512,0.000724256739103948,0.00830851406988394,0.00941451672123647
2020-05-25,"BRAC",881935,341,5,4501,97,30,16256.5881091783,15917.3508695644,16603.0553147385,653.300155438959,7616.49050260261,8956.29195998265,0.0184328642237561,0.0180482131558044,0.0188257131361591,0.000740757715068525,0.00863611320857276,0.010155274436305
2020-05-26,"BRAC",881935,280,8,4781,105,32,17058.511860374,16726.8041713614,17396.7976135416,801.923751195633,8418.41425379825,9412.38559026964,0.0193421418362736,0.0189660283029491,0.0197257140418984,0.000909277612517513,0.00954539082109027,0.0106724255078545
2020-05-27,"BRAC",881935,470,8,5251,113,38,18426.9341993485,18091.0782655885,18769.025206916,1368.42233897459,9786.83659277283,10171.6706718076,0.0208937554347526,0.0205129383294557,0.0212816423057436,0.00155161359847901,0.0110970044195693,0.0115333563945275
2020-05-28,"BRAC",881935,349,9,5600,122,44,19429.1539884701,19098.1005877414,19765.94598889,1002.21978912159,10789.0563818944,11173.8904609292,0.0220301427979048,0.0216547711427049,0.0224120212814889,0.00113638736315215,0.0122333917827214,0.0126697437576797
2020-05-29,"BRAC",881935,241,13,5841,135,55,20568.504592872,20248.0508402761,20894.0299747503,1139.35060440185,11928.4069862963,12313.2410653311,0.0233220187347956,0.0229586657069695,0.0236911223329954,0.00129187593689088,0.0135252677196123,0.0139616196945705
2020-05-30,"BRAC",881935,231,7,6072,142,55,20691.5300780252,20382.59066639,21005.1520916723,123.025485153252,11863.0508148113,12415.811480509,0.0234615136920808,0.02311121643476,0.0238171204132644,0.000139494957285119,0.0134511622906579,0.0140779212532771
2020-05-31,"BRAC",881935,147,6,6219,148,56,20415.2782794433,20120.7326352698,20714.1357515246,0,9702.50269518832,12051.4324714495,0.023148279951973,0.0228143033616648,0.0234871455963587,0,0.0110013807085424,0.0136647626768974
2020-06-01,"BRAC",881935,107,13,6326,161,64,20997.5947772539,20715.9119964025,21283.1077148005,29.8129006467825,8779.0502670574,12081.2453720963,0.0238085513980667,0.0234891596278666,0.0241322860696088,3.38039658781912e-05,0.00995430532528747,0.0136985666427756
2020-06-02,"BRAC",881935,139,4,6465,165,60,20571.320483724,20300.6147510407,20845.6360378146,0,8030.81314358102,12081.2453720963,0.0233252115901104,0.0230182663700168,0.0236362498798829,0,0.00910590139135086,0.0136985666427756
2020-06-03,"BRAC",881935,214,6,6679,171,58,20732.9518588591,20468.0229455268,21001.3098932797,0,7784.03290609915,12081.2453720963,0.0235084806236957,0.0232080855681278,0.0238127638581978,0,0.00882608458230952,0.0136985666427756
2020-06-04,"BRAC",881935,342,10,7021,181,59,21833.0953814002,21567.194947382,22102.2740832219,973.338787967219,6730.14118010152,13054.5841600635,0.0247559008106041,0.0244544041764779,0.0250611145755888,0.00110364005053345,0.00763110793890878,0.0148022066933091
2020-06-05,"BRAC",881935,263,9,7284,190,55,22586.2058954762,22322.062067959,22853.4754181644,891.524128836933,6982.91794173681,13757.7266322623,0.0256098305379378,0.025310325667945,0.0259128795411957,0.0010108728294454,0.00791772402925024,0.0155994791365149
2020-06-06,"BRAC",881935,241,11,7525,201,59,23500.0543740714,23237.8458870734,23765.2215385212,913.848478595257,7243.46626489311,12511.0269912345,0.0266460162869956,0.0263487058423505,0.0269466814884558,0.00103618574905776,0.00821315206323947,0.0141858833034572
2020-06-07,"BRAC",881935,458,6,7983,207,59,24487.6748535162,24220.821341073,24757.46843129,987.620479444769,7429.16299314224,12545.3821419016,0.0277658499248995,0.0274632726233486,0.0280717608795319,0.00111983363790389,0.00842370808862586,0.014224837592228
2020-06-08,"BRAC",881935,144,4,8127,211,50,24263.9458995754,24003.404764057,24527.3150373694,0,6060.74065416766,11797.1450184252,0.0275121702841767,0.0272167504000374,0.0278107967564156,0,0.00687209449014684,0.0133764336582914
2020-06-09,"BRAC",881935,330,12,8457,223,58,25500.7326519796,25239.0952693953,25765.0822601503,789.328844522603,5847.84970956867,12339.6936254659,0.0289145261861471,0.0286178632998977,0.029214264384734,0.000894996620524872,0.00663070374751957,0.0139916134697749
2020-06-10,"BRAC",881935,289,14,8746,237,66,26820.3451159517,26558.536194846,27084.7348988439,1543.34141791292,6251.84052307974,11855.804529414,0.0304107957116474,0.0301139383229445,0.0307105794631622,0.00174994916622305,0.00708877697685174,0.0134429459420638
2020-06-11,"BRAC",881935,345,8,9091,245,64,27610.1301391467,27347.5930059322,27875.1876311475,789.785023194996,6918.60006112148,12006.8421854074,0.0313063095796705,0.0310086264928053,0.031606850426786,0.000895513868023149,0.00784479588758977,0.013614203070983
2020-06-12,"BRAC",881935,204,9,9295,254,64,28066.2111433079,27806.8361678624,28328.0055014362,456.081004161224,7374.6810652827,11809.6230341296,0.0318234463348296,0.0315293487250902,0.0321202872110033,0.000517136755159081,0.00836193264274885,0.0133905821110735
2020-06-13,"BRAC",881935,239,2,9534,256,55,27853.6305264236,27597.5288920658,28112.1087520832,0,7344.86816463592,11007.699282934,0.0315824074636153,0.031292021398477,0.0318754882753074,0,0.00832812867687066,0.012481304498556
2020-06-14,"BRAC",881935,108,3,9642,259,52,27399.4771217799,27149.6353105325,27651.6180773779,0,7344.86816463592,9639.2769439594,0.0310674563565114,0.0307841681195695,0.0313533515252007,0,0.00832812867687066,0.010929690900077
2020-06-15,"BRAC",881935,129,6,9771,265,54,27364.6290852559,27119.4556112105,27612.0190504153,0,7344.86816463592,8637.05715483781,0.031027943199052,0.030749948251527,0.0313084513602649,0,0.00832812867687066,0.00979330353692484
2020-06-16,"BRAC",881935,232,6,10003,271,48,27660.6022684389,27416.9959918728,27906.3730424576,0,6371.5293766687,7497.70655043596,0.0313635384336021,0.0310873204849255,0.0316422106418927,0,0.0072244886263372,0.00850142760003397
2020-06-17,"BRAC",881935,336,10,10339,281,44,28686.3254564761,28440.7514872347,28934.0198540191,0,5480.00524783177,7374.6810652827,0.032526575605318,0.0322481265481409,0.0328074289534026,0,0.0062136157968918,0.00836193264274885
2020-06-18,"BRAC",881935,325,6,10664,287,42,29286.3365754534,29039.6207761812,29535.1484312161,0,4566.15676923651,7374.6810652827,0.0332069104587678,0.0329271667143057,0.0334890308596621,0,0.00517743004783404,0.00836193264274885
2020-06-19,"BRAC",881935,323,5,10987,292,38,29771.4314922035,29523.8505265415,30021.0886211526,1558.95452287567,5137.49081266741,8903.82268751159,0.0337569452308883,0.0334762204998572,0.0340400240620369,0.00176765240394776,0.0058252488138779,0.0100957810808184
2020-06-20,"BRAC",881935,276,5,11263,297,41,30112.7129409629,29865.4441381448,30362.0289881001,487.547274779321,5625.03808744673,9391.36996229091,0.0341439141671018,0.0338635433882823,0.0344266062556766,0.000552815428324447,0.00637806424220235,0.0106485965091429
2020-06-21,"BRAC",881935,118,3,11381,300,41,29822.4630795115,29579.3160738219,30067.6087949153,0,4835.70924292413,9391.36996229091,0.0338148084377097,0.0335391112426901,0.0340927719105323,0,0.00548306762167748,0.0106485965091429
2020-06-22,"BRAC",881935,158,5,11539,305,40,29847.0142208091,29606.6340531612,30089.3460667495,0,3292.36782501121,8418.03117432369,0.0338426462503575,0.0335700862911226,0.0341174191598581,0,0.00373311845545443,0.00954495645860941
2020-06-23,"BRAC",881935,271,16,11810,321,50,31255.3565159141,31013.3688125043,31499.2323743631,586.694993345896,3089.27779516211,8113.20203883265,0.0354395239058594,0.035165141209391,0.0357160475254561,0.000665236092621221,0.00350284068005251,0.00919931972178522
2020-06-24,"BRAC",881935,212,5,12022,326,45,31451.9277305956,31211.1551318655,31694.5577243518,752.519796286782,3385.71658728766,7951.87335652418,0.0356624101896348,0.0353894052644078,0.0359375211601215,0.000853259929911822,0.00383896385480525,0.00901639390263929
2020-06-25,"BRAC",881935,282,9,12304,335,48,32229.5715021098,31987.8346765811,32473.1351687925,777.643771514158,4163.36035880182,7741.89664859357,0.0365441574516373,0.0362700592181749,0.036820327086228,0.000881747262002481,0.00472071111680773,0.00877830752673787
2020-06-26,"BRAC",881935,340,8,12644,343,51,33066.9440256775,32823.2321923305,33312.4654144445,837.372523567785,5000.73288236961,8579.26917216135,0.0374936293782167,0.0372172917418297,0.0377720188159496,0.000949471926579379,0.00567018304338711,0.00972777945331725
2020-06-27,"BRAC",881935,269,8,12913,351,54,33712.0475433268,33467.7710981371,33958.1069271381,645.103517649215,5645.83640001882,8435.04384528796,0.0382250931682344,0.0379481153351858,0.0385040926226288,0.000731463790017649,0.00640164683340476,0.00956424662281003
2020-06-28,"BRAC",881935,145,2,13058,353,53,33451.8057357544,33210.3030718179,33695.0645877197,0,5645.83640001882,6891.70242737504,0.0379300126831959,0.037656179958634,0.0382058366973979,0,0.00640164683340476,0.00781429745658698
2020-06-29,"BRAC",881935,88,8,13146,361,56,33617.9340043487,33379.1826066533,33858.3931200122,0,5645.83640001882,6101.91740418005,0.0381183806112113,0.0378476674660302,0.0383910300872652,0,0.00640164683340476,0.00691878358856384
2020-06-30,"BRAC",881935,107,4,13253,365,44,33480.2565190147,33244.3142497973,33717.8733228302,0,5645.83640001882,5645.83640001882,0.0379622721844747,0.0376947442269524,0.0382316988472282,0,0.00640164683340476,0.00640164683340476
2020-07-01,"BRAC",881935,462,5,13715,370,44,34360.515093821,34120.7069061184,34602.0087087056,62.3211796316173,4149.20305677478,5708.15757965044,0.038960371335553,0.0386884599274532,0.0392341937996627,7.06641414975222e-05,0.00470465857095452,0.00647231097490228
2020-07-02,"BRAC",881935,333,8,14048,378,43,35207.7579120443,34965.8235434677,35451.3662648937,1433.38918908587,5095.04497108133,7141.54676873631,0.0399210348971798,0.0396467126755007,0.0401972552000926,0.00162527758744791,0.00577712073007798,0.00809758856235019
2020-07-03,"BRAC",881935,64,9,14112,387,44,35458.6876189619,35219.144349004,35699.8601442366,250.92970691769,5345.97467799902,7392.476475654,0.0402055566668314,0.0399339456411232,0.0404790150569335,0.000284521769651607,0.00606164249972959,0.00838211033200179
2020-07-04,"BRAC",881935,375,4,14487,391,40,36019.1982073451,35777.5924707386,36262.4355051588,560.5105883832,5906.48526638222,7952.9870640372,0.0408411030374632,0.0405671534418507,0.0411169026120506,0.00063554637063185,0.00669718887036144,0.00901765670263364
2020-07-05,"BRAC",881935,135,0,14622,391,38,35619.9495618764,35380.8989140255,35860.6153527562,0,5319.79027303632,7952.9870640372,0.0403884068121533,0.0401173543560755,0.0406612906311193,0,0.00603195277774022,0.00901765670263364
2020-07-06,"BRAC",881935,66,3,14688,394,33,35337.4365217176,35101.5039732377,35574.9548759645,0,4567.27047674954,7952.9870640372,0.0400680736354919,0.0398005567000263,0.0403373886691928,0,0.0051786928478284,0.00901765670263364
2020-07-07,"BRAC",881935,253,5,14941,399,34,35703.4313934376,35467.1538421616,35941.2829949315,0,3789.62670523538,6394.03254116154,0.040483064390729,0.0402151562668016,0.0407527572836224,0,0.00429694558582592,0.00725000429868589
2020-07-08,"BRAC",881935,226,5,15167,404,34,36024.7080282943,35788.3737431961,36262.6029848751,0,2952.25418166759,5906.48526638222,0.0408473504604016,0.0405793780076719,0.0411170925123452,0,0.00334747365924654,0.00669718887036144
2020-07-09,"BRAC",881935,298,7,15465,411,33,36706.1139638696,36468.2195648714,36945.5602276353,0,2307.15066401838,5906.48526638222,0.0416199764879153,0.0413502350681982,0.0418914775211725,0,0.00261600986922889,0.00669718887036144
2020-07-10,"BRAC",881935,303,6,15768,417,30,37311.1013703272,37071.7290038746,37552.0193655207,587.551595451834,2894.70225947021,6494.03686183405,0.0423059538064906,0.04203453656321,0.0425791235924651,0.000666207368402245,0.00328221723763113,0.00736339623876369
2020-07-11,"BRAC",881935,312,2,16080,419,28,37569.6016627944,37329.3091596184,37811.4409528887,962.851859997383,3857.5541194676,6870.19372848554,0.0425990596390827,0.0423265990799984,0.0428732740540842,0.00109174923321717,0.0043739664708483,0.00778990937935963
2020-07-12,"BRAC",881935,110,7,16190,426,35,37788.8956747772,37549.9878539093,38029.323521353,219.294011982842,4076.84813145044,6336.9679441816,0.0428477106303494,0.0425768201215615,0.0431203246513099,0.000248650991266751,0.00462261746211505,0.00718530044071456
2020-07-13,"BRAC",881935,70,4,16260,430,36,37644.0125607938,37407.5257374714,37881.9944313428,0,4014.52695181882,5559.32417266744,0.0426834319545021,0.0424152865431936,0.0429532725556223,0,0.00455195332061753,0.00630355317871208
2020-07-14,"BRAC",881935,219,6,16479,436,37,38033.4119982986,37796.7572094232,38271.5485409866,99.6332095380494,2680.770972271,4821.5848586377,0.0431249604543403,0.0428566245918613,0.0433949764336222,0.000112971148143627,0.00303964688131325,0.00546705240027633
2020-07-15,"BRAC",881935,193,10,16672,446,42,38729.0981273392,38491.9054146726,38967.7524559569,840.569243023936,3270.41050837724,5017.05058401242,0.0439137783706727,0.043644832572324,0.0441843814520989,0.000953096592179623,0.00370822170384126,0.0056886852024383
2020-07-16,"BRAC",881935,193,1,16865,447,36,38657.6273065567,38421.1665409022,38895.5433558147,0,2709.89991999404,5017.05058401242,0.0438327397218125,0.0435646238565226,0.0441025056901186,0,0.00307267533320941,0.0056886852024383
2020-07-17,"BRAC",881935,100,5,16965,452,35,38732.173437113,38497.0438946192,38968.7390873222,0,2709.89991999404,5017.05058401242,0.0439172653734266,0.0436506589426876,0.0441855001642096,0,0.00307267533320941,0.0056886852024383
2020-07-18,"BRAC",881935,237,5,17202,457,38,39132.3787303346,38896.5879806873,39369.5988412834,334.88509198682,3044.78501198086,5351.93567599924,0.0443710463133163,0.0441036901593511,0.0446400231777664,0.000379716296537523,0.00345239162974694,0.00606840149897583
2020-07-19,"BRAC",881935,93,3,17295,460,34,39048.5632696163,38814.289923895,39284.2506306557,0,3044.78501198086,5289.61449636763,0.0442760104425114,0.0440103748279578,0.0445432493671934,0,0.00345239162974694,0.0059977373574783
2020-07-20,"BRAC",881935,167,5,17462,465,35,39314.6436099025,39080.4943455949,39550.1957704348,235.240440866721,3280.02545284759,4091.46574814848,0.0445777110670316,0.0443122161447214,0.0448447966918591,0.000266732175122567,0.0037191238048695,0.00463919194515296
2020-07-21,"BRAC",881935,238,4,17700,469,33,39669.4960557782,39434.5835572957,39905.8079320901,370.272395585474,3650.29784843306,4210.80843681626,0.0449800677553087,0.0447137074243518,0.0452480147993788,0.000419840912975984,0.00413896471784549,0.00477451108847734
2020-07-22,"BRAC",881935,279,1,17979,470,24,39869.2921353737,39633.4841946052,40106.5030662163,199.796079595486,3262.54233257671,3850.09392802855,0.0452066106179862,0.0449392349715174,0.0454755770733856,0.000226542862677506,0.00369930021212075,0.00436550758052299
2020-07-23,"BRAC",881935,178,4,18157,474,27,40097.0351847284,39861.2189081284,40334.2465344805,227.743049354693,2527.43352193402,4077.83697738324,0.0454648417227215,0.0451974566245,0.0457338086531099,0.000258231104735261,0.00286578208363884,0.00462373868525825
2020-07-24,"BRAC",881935,236,6,18393,480,28,40616.1445506295,40379.2987440398,40854.379582338,519.109365901088,2827.24887585227,4596.94634328433,0.0460534444722451,0.0457848920204321,0.0463235721253131,0.00058860274952359,0.00320573384189568,0.00521234143478184
2020-07-25,"BRAC",881935,264,3,18657,483,26,40937.8557395566,40700.1026672443,41176.9976664342,321.71118892714,3148.96006477941,4918.65753221147,0.0464182232699197,0.0461486420963498,0.0466893792245848,0.000364778797674591,0.00357051263957027,0.00557712023245643
2020-07-26,"BRAC",881935,88,3,18745,486,26,40867.6463079545,40631.2563226302,41105.4115947146,0,3049.32685524136,4918.65753221147,0.0463386148729266,0.0460705792633586,0.0466082098960974,0,0.00345754149142664,0.00557712023245643
2020-07-27,"BRAC",881935,38,7,18783,493,28,41022.488192297,40787.4763663689,41258.8541240254,14.4230211382528,2223.18063335567,4933.08055334972,0.0465141855038036,0.0462477125483951,0.0467821938397108,1.63538368907604e-05,0.00252079873613778,0.0055934740693472
2020-07-28,"BRAC",881935,349,7,19132,500,31,41867.1751278459,41629.5809670622,42106.1253192196,914.896367151036,3138.07700050671,5260.42532504892,0.0474719510256945,0.0472025500372048,0.0477428895771452,0.00103737391888408,0.00355817265502187,0.00596464061982903
2020-07-29,"BRAC",881935,234,10,19366,510,40,42723.1451956713,42483.9002130986,42963.7374688976,855.970067825401,3994.04706833211,5153.54353287694,0.0484425101574054,0.0481712373509369,0.0487153106168795,0.000970559131710842,0.00452873178673271,0.00584345051832271
2020-07-30,"BRAC",881935,207,11,19573,521,47,43599.7048085008,43359.0102820895,43841.7354783035,876.559612829486,4535.72158917478,5810.80913372358,0.0494364151649507,0.0491634987636157,0.0497108465797405,0.000993905007545324,0.00514292049774051,0.00658870453460128
2020-07-31,"BRAC",881935,52,10,19625,531,51,44037.5040290745,43797.4366604548,44278.8872815877,437.799220573761,4973.52080974854,6248.60835429734,0.0499328227466588,0.0496606174609862,0.0502065200741412,0.000496407581708132,0.00563932807944864,0.00708511211630941
2020-08-01,"BRAC",881935,305,4,19930,535,52,44543.0279365658,44301.369526224,44786.0045632047,505.523907491282,5243.8042763731,6654.49905225058,0.0505060213468859,0.0502320120260835,0.0507815253541414,0.000573198600227094,0.00594579450455317,0.00754533956839288
2020-08-02,"BRAC",881935,36,2,19966,537,51,44288.6643779384,44048.9310913553,44529.7023964928,0,4873.53188078762,5813.92980922664,0.0502176060343884,0.0499457795544516,0.0504909119113004,0,0.00552595359157718,0.00659224297621326
2020-08-03,"BRAC",881935,373,2,20339,539,46,44786.5545601712,44544.6750506681,45029.7474858582,0,4673.73580119214,5813.92980922664,0.0507821489794273,0.0505078889608283,0.0510578982417732,0,0.00529941072889968,0.00659224297621326
2020-08-04,"BRAC",881935,371,6,20710,545,45,45613.6888347415,45369.1042088587,45859.5920151839,1059.82396315361,5505.81671499106,6873.75377238025,0.0517200120584187,0.0514426847884013,0.0519988343984352,0.00120170303157672,0.00624288265574114,0.00779394600778998
2020-08-05,"BRAC",881935,323,2,21033,547,37,45984.3196680542,45738.2942331169,46231.6684692352,381.467768334747,5368.17511742472,6920.33644872818,0.0521402593933274,0.0518612984325568,0.0524207208799234,0.000432535014864754,0.0060868149210823,0.00784676472611721
2020-08-06,"BRAC",881935,230,5,21263,552,31,46377.2320802277,46130.5448555981,46625.2384869087,392.912412173479,5439.37634067106,7313.24886090166,0.0525857711511933,0.0523060598066729,0.0528669782772071,0.000445511757865918,0.00616754788127363,0.00829227648398313
2020-08-07,"BRAC",881935,113,4,21376,556,25,46409.268448533,46163.532081566,46656.3129121582,32.0363683053001,5471.41270897636,7110.04478834024,0.052622096241257,0.0523434630461043,0.0529022126485038,3.6325090063667e-05,0.00620387297133729,0.00806186939892423
2020-08-08,"BRAC",881935,122,3,21498,559,24,46370.8086024932,46126.09066705,46616.8248675165,0,5456.9896878381,6739.77239275476,0.0525784877598612,0.0523010093340779,0.0528574383231377,0,0.00618751913444653,0.00764202848594824
2020-08-09,"BRAC",881935,89,2,21587,561,24,46188.3605785069,45945.1242872031,46432.8845775778,0,4542.09332068707,6539.97631315928,0.0523716153441092,0.0520958169107736,0.0526488738711785,0,0.00515014521556245,0.00741548562327074
2020-08-10,"BRAC",881935,32,1,21619,562,23,45823.7432877244,45582.6583785626,46066.103285604,0,3686.12325286167,6312.23326380458,0.0519581865871344,0.0516848275423501,0.0522329914172859,0,0.00417958608385161,0.00715725451853548
2020-08-11,"BRAC",881935,138,3,21757,565,20,45875.1261853966,45634.567084294,46116.9533752491,0,2809.56364003218,5793.1238979035,0.0520164481343825,0.0517436852877978,0.0522906488292778,0,0.00318568107630628,0.00656865176901189
2020-08-12,"BRAC",881935,236,4,21993,569,22,46240.8924253561,45999.4911620505,46483.5605411519,0,2371.76441945842,5471.41270897636,0.0524311796508315,0.0521574619014446,0.0527063338467709,0,0.00268927349459815,0.00620387297133729
2020-08-13,"BRAC",881935,249,5,22242,574,22,46731.8464248007,46489.233391475,46975.7255810466,0,1866.24051196714,5471.41270897636,0.0529878578634488,0.0527127661238924,0.0532643852223198,0,0.00211607489437106,0.00620387297133729
2020-08-14,"BRAC",881935,193,2,22435,576,20,46864.990932371,46622.1969272569,47109.0493336913,0,1866.24051196714,5456.9896878381,0.0531388264808302,0.0528635295427178,0.0534155570803872,0,0.00211607489437106,0.00618751913444653
2020-08-15,"BRAC",881935,81,0,22516,576,17,46601.2184178876,46359.7489998613,46843.9455536777,0,1866.24051196714,4542.09332068707,0.0528397426316992,0.0525659476036911,0.0531149637486637,0,0.00211607489437106,0.00515014521556245
2020-08-16,"BRAC",881935,32,0,22548,576,15,46242.5490753056,46002.8975014994,46483.4491112727,0,806.416548813526,3686.12325286167,0.0524330580771889,0.0521613242489519,0.0527062074997282,0,0.00091437186279434,0.00417958608385161
2020-08-17,"BRAC",881935,57,6,22605,582,20,46430.8911417546,46191.8448790965,46671.1744867556,0,424.948780478779,2809.56364003218,0.0526466135732844,0.0523755660894471,0.0529190637481851,0,0.000481836847929585,0.00318568107630628
2020-08-18,"BRAC",881935,328,8,22933,590,25,47355.7505742112,47114.056726992,47598.6843043834,224.224711945266,256.261080250566,2595.98913140369,0.0536952843171109,0.0534212348154818,0.0539707396853321,0.000254241766054489,0.000290566856118156,0.00294351526065264
2020-08-19,"BRAC",881935,213,1,23146,591,22,47494.8742497572,47252.7001598,47738.2895024341,861.381089278962,1085.60580122423,2951.84631319137,0.0538530325361361,0.0535784385014769,0.0541290338884771,0.000976694528824644,0.00123093629487913,0.00334701118925019
2020-08-20,"BRAC",881935,176,4,23322,595,21,47795.6480932435,47552.964904832,48039.5697981189,300.773843486342,1386.37964471057,3252.62015667771,0.0541940710973525,0.0539188998110201,0.0544706467008554,0.000341038561216351,0.00157197485609548,0.00368804975046654
2020-08-21,"BRAC",881935,15,3,23337,598,22,47680.738327033,47439.3871326833,47923.3174124356,0,1386.37964471057,3252.62015667771,0.054063778313632,0.0537901173359525,0.0543388315606429,0,0.00157197485609548,0.00368804975046654
2020-08-22,"BRAC",881935,328,0,23665,598,22,47965.7295489066,47722.9005072892,48209.794180625,55.1716894525598,1441.55133416313,2247.96788297666,0.0543869214272102,0.0541115847622435,0.0546636590912312,6.25575461372548e-05,0.00163453240223274,0.00254890426502708
2020-08-23,"BRAC",881935,54,2,23719,600,24,47857.8662893667,47616.0694955651,48100.8909394385,7.04650667058741,1448.59784083372,1873.5466213125,0.054264618468897,0.0539904522391844,0.0545401769285021,7.98982540730032e-06,0.00164252222764004,0.00212435907556962
2020-08-24,"BRAC",881935,10,4,23729,604,22,47820.8114683508,47580.1973315013,48062.6423963465,0,1448.59784083372,1480.63420913902,0.054222603103801,0.0539497778538115,0.0544968080372664,0,0.00164252222764004,0.00167884731770371
2020-08-25,"BRAC",881935,207,3,23936,607,17,48110.9855506219,47869.6463405499,48353.5414944441,216.06444023925,1664.66228107297,1664.66228107297,0.0545516229094229,0.0542779755203614,0.0548266499168806,0.000244989075429879,0.00188751130306992,0.00188751130306992
2020-08-26,"BRAC",881935,183,0,24119,607,16,48127.3820799424,47885.9296839572,48370.051937088,53.4513503364215,1718.11363140939,1718.11363140939,0.0545702144488453,0.054296438721626,0.0548453706192497,6.06069045183845e-05,0.0019481182075883,0.0019481182075883
2020-08-27,"BRAC",881935,150,0,24269,607,12,48082.7710726147,47841.5122132102,48325.2465707613,0,1718.11363140939,1718.11363140939,0.0545196313476783,0.0542460750658611,0.0547945671401649,0,0.0019481182075883,0.0019481182075883
2020-08-28,"BRAC",881935,193,1,24462,608,10,48203.3078726151,47961.6691940724,48446.1639660633,31.3147853450719,1749.42841675446,1749.42841675446,0.054656304458509,0.0543823175110098,0.0549316717967461,3.55069084967394e-05,0.00198362511608504,0.00198362511608504
2020-08-29,"BRAC",881935,139,0,24601,608,10,48137.3034536345,47895.9661853259,48379.8567675042,0,1749.42841675446,1749.42841675446,0.0545814640009008,0.0543078188135473,0.0548564880263332,0,0.00198362511608504,0.00198362511608504
2020-08-30,"BRAC",881935,37,1,24638,609,9,47950.8107466847,47710.6318916791,48192.1986798372,0,1525.2037048092,1749.42841675446,0.0543700054388189,0.0540976737420321,0.0546437080735397,0,0.00172938335003055,0.00198362511608504
2020-08-31,"BRAC",881935,9,3,24647,612,8,47872.7966664604,47633.7317449659,48113.06141074,0,663.822615530233,1749.42841675446,0.054281547581693,0.0540104789411532,0.0545539766657861,0,0.000752688821205908,0.00198362511608504
2020-09-01,"BRAC",881935,193,4,24840,616,9,48243.7373041057,48003.7912088391,48484.8827656552,0,363.04877204389,1749.42841675446,0.0547021461945672,0.0544300784171612,0.0549755738979123,0,0.000411650259989558,0.00198362511608504
2020-09-02,"BRAC",881935,187,2,25027,618,11,48459.7554781141,48219.2057271249,48701.5052526588,0,363.04877204389,1749.42841675446,0.054947082810087,0.0546743305653193,0.0552211957260556,0,0.000411650259989558,0.00198362511608504
2020-09-03,"BRAC",881935,108,4,25135,622,15,48683.8518334579,48443.1526560829,48925.7469712693,396.074290732686,703.951373324016,2145.50270748715,0.0552011790363892,0.0549282573614641,0.0554754567754645,0.000449096918404061,0.000798189632256364,0.0024327220344891
2020-09-04,"BRAC",881935,114,1,25249,623,15,48685.4976045104,48445.0104016505,48927.1786164801,130.726448490299,827.631315143728,2276.22915597745,0.0552030451274872,0.0549303638041925,0.0554770800756066,0.000148226851741114,0.000938426658590177,0.00258094888623022
2020-09-05,"BRAC",881935,159,1,25408,624,16,48776.2327643409,48535.5177473619,49018.1416229042,90.7351598305104,918.366474974238,2142.73960386269,0.0553059270403612,0.0550329874053779,0.055580220336991,0.000102881912873976,0.00104130857146415,0.0024295890330497
2020-09-06,"BRAC",881935,35,0,25443,624,15,48553.912093876,48314.2703252886,48794.7425004552,0,702.302034734988,1281.35851458373,0.0550538442106006,0.054782121500211,0.0553269146824372,0,0.000796319496034275,0.00145289450422506
2020-09-07,"BRAC",881935,26,0,25469,624,12,48320.5440219542,48082.031031,48560.2401668982,0,648.850684398567,980.584671097386,0.0547892350592212,0.0545187922363893,0.0550610194253525,0,0.000735712591515891,0.00111185594300871
2020-09-08,"BRAC",881935,25,6,25494,630,14,48560.408216766,48322.1345368032,48799.8568106084,0,648.850684398567,980.584671097386,0.0550612099721249,0.054791038496945,0.0553327136473872,0,0.000735712591515891,0.00111185594300871
2020-09-09,"BRAC",881935,174,1,25668,631,13,48712.2052477967,48473.4048381431,48952.1820888532,0,617.535899053495,925.412981644826,0.0552333281339291,0.0549625594155386,0.0555054307730765,0,0.000700205683019151,0.00104929839687145
2020-09-10,"BRAC",881935,209,4,25877,635,13,49173.8945011452,48933.7684916496,49415.1988482635,0,617.535899053495,918.366474974238,0.0557568239168932,0.0554845521400666,0.0560304317758831,0,0.000700205683019151,0.00104130857146415
2020-09-11,"BRAC",881935,127,1,26004,636,13,49249.1421137525,49008.8669399269,49490.5952817404,0,617.535899053495,918.366474974238,0.055842144958248,0.0555697040484014,0.0561159215608184,0,0.000700205683019151,0.00104130857146415
2020-09-12,"BRAC",881935,144,1,26148,637,13,49351.7967540891,49111.2384540862,49593.53336475,488.273598993183,1105.80949804668,1190.57563372817,0.0559585420173698,0.0556857800791285,0.0562326400072001,0.000553638985858575,0.00125384466887773,0.00134995848189285
2020-09-13,"BRAC",881935,18,3,26166,640,16,49366.9540725415,49127.0105874381,49608.069476623,102.447709207401,1208.25720725408,1239.57199259915,0.0559757284522573,0.055703663634438,0.0562491220743286,0.000116162426037521,0.00137000709491525,0.00140551400341199
2020-09-14,"BRAC",881935,10,0,26176,640,16,49136.4467869267,48897.6039344504,49376.4562795569,0,1208.25720725408,1239.57199259915,0.0557143630618205,0.0554435462187694,0.0559865027236212,0,0.00137000709491525,0.00140551400341199
2020-09-15,"BRAC",881935,111,2,26287,642,12,49258.4226210394,49019.4355819784,49498.5748062136,0,812.182916521393,1208.25720725408,0.05585266785085,0.055581687518897,0.0561249693075041,0,0.000920910176511186,0.00137000709491525
2020-09-16,"BRAC",881935,176,1,26463,643,12,49435.8819581481,49196.249615466,49676.6815373596,0,681.456468031094,1208.25720725408,0.056053883742167,0.0557821717195326,0.0563269192597636,0,0.000772683324770073,0.00137000709491525
2020-09-17,"BRAC",881935,253,3,26716,646,11,49915.4378662097,49674.1665215446,50157.8810848253,278.372942157876,869.094250358459,1486.63014941195,0.0565976379962352,0.0563240675577504,0.0568725371879166,0.000315638842043774,0.00098544025393987,0.00168564593695902
2020-09-18,"BRAC",881935,226,1,26942,647,11,50184.3619801498,49942.0071119216,50427.8929301085,539.034965450395,1408.12921580885,2025.66511486235,0.0569025630915541,0.0566277640777627,0.0571786956296196,0.00061119579725308,0.00159663605119295,0.0022968417342121
2020-09-19,"BRAC",881935,119,1,27061,648,11,50239.8002785444,49997.3924841693,50483.3833649869,55.4382983946707,1463.56751420353,2081.10341325702,0.0569654229376819,0.0566905639124984,0.0572416145917635,6.28598461277426e-05,0.00165949589732069,0.00235970158033984
2020-09-20,"BRAC",881935,18,1,27079,649,9,50095.0231858724,49853.5266837148,50337.6895262427,0,1463.56751420353,2081.10341325702,0.0568012644762623,0.0565274387383591,0.0570764166590993,0,0.00165949589732069,0.00235970158033984
2020-09-21,"BRAC",881935,27,0,27106,649,9,49887.2947474851,49646.7800329392,50128.9746398708,0,1463.56751420353,1685.02912252433,0.0565657273466696,0.0562930148286883,0.0568397610253259,0,0.00165949589732069,0.00191060466193578
2020-09-22,"BRAC",881935,140,2,27246,651,9,50048.7162251598,49807.8663514864,50290.7307474298,0,1463.56751420353,1554.30267403404,0.0567487583837355,0.0564756658387369,0.0570231714893158,0,0.00165949589732069,0.00176237781019467
2020-09-23,"BRAC",881935,151,1,27397,652,9,50162.1703582227,49920.9868676303,50404.5190797087,0,1463.56751420353,1463.56751420353,0.0568774006681022,0.0566039298447508,0.0571521927122846,0,0.00165949589732069,0.00165949589732069
2020-09-24,"BRAC",881935,159,1,27556,653,7,50293.9058153344,50052.3014595683,50536.6764044808,0,975.293915210343,1463.56751420353,0.0570267716048625,0.0567528235749441,0.0573020419923019,0,0.00110585691146212,0.00165949589732069
2020-09-25,"BRAC",881935,154,1,27710,654,7,50415.473684917,50173.4978404725,50658.6165261191,0,872.846206002941,1463.56751420353,0.057164613814983,0.0568902445650445,0.0574403062880134,0,0.000989694485424597,0.00165949589732069
2020-09-26,"BRAC",881935,149,2,27859,656,8,50601.2762239146,50358.8507697693,50844.8687043109,0,872.846206002941,1463.56751420353,0.0573752898160461,0.0571004107669719,0.057651492121654,0,0.000989694485424597,0.00165949589732069
2020-09-27,"BRAC",881935,15,1,27874,657,8,50462.675982558,50221.1249153861,50705.388850031,48.1339951083646,920.980201111306,1511.70150931189,0.0572181351035597,0.0569442474960015,0.0574933400421017,5.45777127660934e-05,0.00104427219819069,0.00171407361008679
2020-09-28,"BRAC",881935,11,0,27885,657,8,50241.3035056211,50000.7943183303,50482.9695679168,0,920.980201111306,1511.70150931189,0.0569671274023835,0.0566944211515931,0.05724114539951,0,0.00104427219819069,0.00171407361008679
2020-09-29,"BRAC",881935,145,0,28030,657,6,50270.3195444821,50029.6544002957,50512.1423962785,0,642.607258953431,1511.70150931189,0.057000027830262,0.0567271447445624,0.0572742236063639,0,0.000728633356146916,0.00171407361008679
2020-09-30,"BRAC",881935,192,2,28222,659,7,50545.9107709565,50304.3654059121,50788.6159590681,193.731000101303,297.303293604338,1217.15891042001,0.0573125125672034,0.0570386314251188,0.0575877087983446,0.000219665848505052,0.000337103407398888,0.00138010047273326
2020-10-01,"BRAC",881935,187,2,28409,661,8,50814.681987948,50572.2912369766,51058.2345070482,333.016714193873,574.88170940354,1447.72791540648,0.0576172642971965,0.0573424245970242,0.0578934212918732,0.00037759779824349,0.000651841359514636,0.00164153584493923
2020-10-02,"BRAC",881935,146,3,28555,664,10,51082.142675352,50839.1408756216,51326.305979263,267.460687403975,842.342396807515,1715.18860281046,0.057920530056469,0.05764499750619,0.0581973796019695,0.00030326575927248,0.000955107118787116,0.00194480160421171
2020-10-03,"BRAC",881935,107,3,28662,667,11,51272.4948776669,51029.2482522395,51516.9010130383,190.352202314985,1032.6945991225,1905.54080512544,0.0581363647861429,0.0578605546352504,0.058413489671051,0.000215834729673939,0.00117094184846105,0.00216063633388565
2020-10-04,"BRAC",881935,10,0,28672,667,10,51054.4638055338,50812.2345873739,51297.8477651573,0,1032.6945991225,1905.54080512544,0.0578891458050013,0.0576144892621042,0.0581651116750751,0,0.00117094184846105,0.00216063633388565
2020-10-05,"BRAC",881935,15,0,28687,667,10,50848.4519826685,50607.1835755148,51090.8706305622,0,1032.6945991225,1627.16786296757,0.0576555550949543,0.0573819879872268,0.0579304264266213,0,0.00117094184846105,0.00184499749184188
2020-10-06,"BRAC",881935,118,1,28805,668,11,50911.3248281015,50669.9651697808,51153.834171141,0,1032.6945991225,1088.13289751717,0.0577268447539801,0.0574531741792545,0.0580018189221893,0,0.00117094184846105,0.0012338016945888
2020-10-07,"BRAC",881935,13,0,28818,668,9,50723.700859498,50483.2157094594,50965.3316003349,0,1032.6945991225,1032.6945991225,0.0575141034877831,0.0572414244921218,0.0577880814349526,0,0.00117094184846105,0.00117094184846105
2020-10-08,"BRAC",881935,16,1,28834,669,8,50627.4655357453,50387.6434599619,50868.4290546302,0,1032.6945991225,1032.6945991225,0.0574049851017878,0.0571330579464041,0.0576782065057291,0,0.00117094184846105,0.00117094184846105
2020-10-09,"BRAC",881935,183,5,29017,674,10,51139.4710261868,50898.3163669024,51381.7682688384,0,984.560604014136,1032.6945991225,0.0579855329771319,0.0577120948447475,0.0582602666509872,0,0.00111636413569496,0.00117094184846105
2020-10-10,"BRAC",881935,14,0,29031,674,7,50983.4532895076,50743.0217054894,51225.0240911886,0,984.560604014136,1032.6945991225,0.0578086290820838,0.057536010823348,0.058082539066018,0,0.00111636413569496,0.00117094184846105
2020-10-11,"BRAC",881935,19,0,29050,674,7,50840.61924318,50600.8489791642,51081.5256497835,0,984.560604014136,1032.6945991225,0.0576466737834194,0.0573748053758658,0.0579198304294347,0,0.00111636413569496,0.00117094184846105
2020-10-12,"BRAC",881935,13,1,29063,675,8,50770.0835804359,50530.8518780866,51010.4478939579,0,790.829603912833,1032.6945991225,0.0575666954825875,0.0572954377341716,0.0578392374652983,0,0.000896698287189909,0.00117094184846105
2020-10-13,"BRAC",881935,209,0,29272,675,7,50975.6360358341,50735.4246310669,51216.9847429773,0,457.81288971896,1032.6945991225,0.0577997653294564,0.0575273967254581,0.0580734234869659,0,0.000519100488946419,0.00117094184846105
2020-10-14,"BRAC",881935,29,1,29301,676,8,50947.9129174176,50708.0394130827,51188.9211392204,0,190.352202314985,1032.6945991225,0.0577683309058123,0.0574963454371157,0.0580416029970694,0,0.000215834729673939,0.00117094184846105
2020-10-15,"BRAC",881935,105,1,29406,677,8,51051.5966070784,50811.4417907367,51292.8864893378,0,2.8421709430404e-14,984.560604014136,0.0578858947735132,0.0576135903334562,0.0581594862312278,0,3.2226535323356e-20,0.00111636413569496
2020-10-16,"BRAC",881935,192,2,29598,679,5,51381.8299849401,51140.5471656895,51624.2511846361,0,2.8421709430404e-14,984.560604014136,0.0582603366290487,0.057986753179871,0.0585352108541289,0,3.2226535323356e-20,0.00111636413569496
2020-10-17,"BRAC",881935,95,0,29693,679,5,51388.6331119544,51147.3075223543,51631.0973351016,0,2.8421709430404e-14,984.560604014136,0.0582680504934653,0.0579944185482539,0.0585429735015637,0,3.2226535323356e-20,0.00111636413569496
2020-10-18,"BRAC",881935,25,0,29718,679,5,51267.5912096972,51026.8228194559,51509.4956576928,0,2.8421709430404e-14,790.829603912833,0.0581308046621318,0.0578578045087857,0.0584050929577495,0,3.2226535323356e-20,0.000896698287189909
2020-10-19,"BRAC",881935,47,0,29765,679,4,51182.1129163687,50941.7345804131,51423.6255235632,0,2.8421709430404e-14,457.81288971896,0.0580338833546335,0.0577613254723002,0.0583077273535615,0,3.2226535323356e-20,0.000519100488946419
2020-10-20,"BRAC",881935,100,3,29865,682,7,51416.6288801859,51175.7878280721,51658.6033669735,0,2.8421709430404e-14,190.352202314985,0.0582997940666669,0.0580267115241737,0.0585741617771984,0,3.2226535323356e-20,0.000215834729673939
2020-10-21,"BRAC",881935,60,0,29925,682,6,51359.76774091,51119.1821229476,51601.4856430203,0,2.8421709430404e-14,0,0.0582353209033659,0.0579625279900986,0.0585093976801241,0,3.2226535323356e-20,0
2020-10-22,"BRAC",881935,103,3,30028,685,8,51605.3105759696,51364.2105922611,51847.5422660057,0,2.8421709430404e-14,0,0.0585137346584154,0.0582403585210488,0.0587883940040997,0,3.2226535323356e-20,0
2020-10-23,"BRAC",881935,93,1,30121,686,7,51684.9128644396,51443.6450667699,51927.3121944903,0,2.8421709430404e-14,0,0.0586039933378759,0.0583304269212242,0.0588788427656124,0,3.2226535323356e-20,0
2020-10-24,"BRAC",881935,96,0,30217,686,7,51694.4863790657,51453.163468853,51936.9411292484,0,2.8421709430404e-14,0,0.0586148484628297,0.0583412195556962,0.0588897607298138,0,3.2226535323356e-20,0
2020-10-25,"BRAC",881935,87,1,30304,687,8,51763.3311109242,51521.890714006,52005.9029388604,0,2.8421709430404e-14,0,0.058692909467165,0.0584191473453328,0.0589679544851496,0,3.2226535323356e-20,0
2020-10-26,"BRAC",881935,13,2,30317,689,10,51780.2372307817,51539.1343647483,52022.4679890998,0,2.8421709430404e-14,0,0.0587120788162186,0.058438699410669,0.0589867371054554,0,3.2226535323356e-20,0
2020-10-27,"BRAC",881935,63,1,30380,690,8,51808.905726887,51567.8717139689,52051.0663598003,0,2.8421709430404e-14,0,0.0587445851756502,0.0584712838406106,0.0590191639517655,0,3.2226535323356e-20,0
2020-10-28,"BRAC",881935,165,1,30545,691,9,52015.8972353071,51774.1030505562,52258.8206415092,0,2.8421709430404e-14,0,0.0589792867221588,0.0587051234507715,0.0592547303843358,0,3.2226535323356e-20,0
2020-10-29,"BRAC",881935,93,1,30638,692,7,52101.6561201008,51859.6661271281,52344.7752980659,240.613979378577,240.613979378577,240.613979378577,0.0590765261840168,0.0588021408914808,0.059352191826003,0.000272825071437892,0.000272825071437892,0.000272825071437892
2020-10-30,"BRAC",881935,120,1,30758,693,7,52230.4012782136,51988.0157501792,52473.9168886979,717.292421168087,957.906400546664,957.906400546664,0.0592225065092253,0.0589476727311867,0.0594986216543145,0.000813316651644495,0.00108614172308239,0.00108614172308239
2020-10-31,"BRAC",881935,38,0,30796,693,7,52141.153281241,51899.1718367323,52384.2629714887,0,957.906400546664,957.906400546664,0.0591213108463106,0.0588469352466251,0.0593969657304549,0,0.00108614172308239,0.00108614172308239
2020-11-01,"BRAC",881935,155,0,30951,693,6,52247.817157548,52005.3305313646,52491.4344325182,0,957.906400546664,957.906400546664,0.0592422538594658,0.0589673054492277,0.0595184842789074,0,0.00108614172308239,0.00108614172308239
2020-11-02,"BRAC",881935,3,0,30954,693,4,52096.9447698273,51855.1481642151,52339.8688545916,0,957.906400546664,957.906400546664,0.0590711841233507,0.0587970181070205,0.0593466285549294,0,0.00108614172308239,0.00108614172308239
2020-11-03,"BRAC",881935,8,2,30962,695,5,52104.6326267265,51863.212204063,52347.1768482834,0,957.906400546664,957.906400546664,0.0590799011568047,0.0588061616831886,0.0593549148727326,0,0.00108614172308239,0.00108614172308239
2020-11-04,"BRAC",881935,256,1,31218,696,5,52459.2778780604,52216.4160278904,52703.2692940404,0,957.906400546664,957.906400546664,0.0594820229133217,0.059206649047708,0.0597586775601835,0,0.00108614172308239,0.00108614172308239
2020-11-05,"BRAC",881935,30,1,31248,697,5,52435.8646079145,52193.3122878138,52679.5441151089,103.28265203601,1061.18905258267,1061.18905258267,0.0594554752991031,0.059180452400476,0.0597317762818223,0.000117109143004882,0.00120325086608727,0.00120325086608727
2020-11-06,"BRAC",881935,78,0,31326,697,4,52413.8915711788,52171.4311001175,52657.4788482102,80.2076409291985,1141.39669351187,1141.39669351187,0.0594305607229318,0.0591556419692125,0.0597067571285982,9.09450707015806e-05,0.00129419593678885,0.00129419593678885
2020-11-07,"BRAC",881935,249,2,31575,699,6,52827.6276789902,52583.6663592333,53072.7208545048,413.736107811332,1555.13280132321,1555.13280132321,0.0598996838531073,0.0596230633314624,0.0601775877525043,0.000469123130175502,0.00176331906696435,0.00176331906696435
2020-11-08,"BRAC",881935,132,0,31707,699,6,52890.2121272379,52645.9516865758,53135.6058585132,62.584448247726,1617.71724957093,1617.71724957093,0.0599706465070985,0.0596936868211102,0.060248891197779,7.09626539911966e-05,0.00183428172095555,0.00183428172095555
2020-11-09,"BRAC",881935,81,2,31788,701,8,53009.0523025133,52764.6542989729,53254.5823211295,118.840175275436,1736.55742484637,1736.55742484637,0.0601053958653566,0.0598282802008911,0.0603837950882202,0.000134749358258189,0.00196903107921374,0.00196903107921374
2020-11-10,"BRAC",881935,138,3,31926,704,9,53291.1247699993,53046.0471340017,53537.3346873055,282.072467485974,1778.01591295376,2018.62989233234,0.0604252294897008,0.0601473432101025,0.0607043996295707,0.000319833624344168,0.00201603963212001,0.00228886470355791
2020-11-11,"BRAC",881935,187,1,32113,705,9,53498.9640776359,53253.1294492027,53745.9335626523,207.839307636576,1268.56279942225,2226.46919996892,0.0606608923306546,0.060382147719733,0.0609409237218756,0.000235662840953784,0.0014383858214293,0.00252452754451169
2020-11-12,"BRAC",881935,402,2,32515,707,10,54134.5201664407,53886.1768922885,54384.0079712569,635.556088804835,1904.11888822709,2862.02528877375,0.0613815305736145,0.061099941483543,0.0616644174131391,0.000720638242959895,0.0021590240643892,0.00324516578747158
2020-11-13,"BRAC",881935,146,0,32661,707,10,54175.5774576725,53927.0331543334,54425.2672768524,41.0572912318021,1945.17617945889,2903.08258000555,0.061428084221255,0.0611462671901369,0.061711200118889,4.65536476404747e-05,0.00220557771202967,0.00329171943511206
2020-11-14,"BRAC",881935,330,1,32991,708,9,54576.155760637,54325.9723052566,54827.4913677175,400.578302964517,2345.75448242341,3303.66088297007,0.0618822881058548,0.0615986124887396,0.0621672701136903,0.000454203884599792,0.00265978159662946,0.00374592331971185
2020-11-15,"BRAC",881935,165,0,33156,708,9,54606.0097835288,54355.6742555931,54857.4982339036,29.85402289177,2375.60850531518,3333.51490586184,0.0619161386990297,0.0616322906513441,0.0622012940113542,3.38505931749732e-05,0.00269363218980444,0.00377977391288682
2020-11-16,"BRAC",881935,139,0,33295,708,7,54573.9531183897,54323.7482798168,54825.3103527974,0,2375.60850531518,3092.90092648326,0.0618797905949868,0.0615960907321025,0.0621647971254088,0,0.00269363218980444,0.00350694884144893
2020-11-17,"BRAC",881935,180,1,33475,709,5,54674.8299980302,54424.3582733772,54926.4544433921,36.7635493623457,2309.08940264151,2412.37205467752,0.0619941719038594,0.061710169426746,0.0622794814168756,4.16851007867311e-05,0.00261820814758629,0.00273531729059117
2020-11-18,"BRAC",881935,250,0,33725,709,4,54806.547347344,54555.4551142579,55058.7952358891,163.774014452894,2392.65577616521,2576.14606913042,0.0621435223087235,0.0618588162554586,0.0624295387255173,0.000185698508906999,0.00271296158579171,0.00292101579949817
2020-11-19,"BRAC",881935,251,1,33976,710,3,55010.4305878872,54758.6001794676,55263.4191441484,203.88324054316,2182.80290889704,2780.02930967358,0.0623746994822602,0.0620891564338274,0.062661555720261,0.00023117717353678,0.00247501562915298,0.00315219297303495
2020-11-20,"BRAC",881935,270,1,34246,711,4,55235.3115976068,54982.64746243,55489.1368111992,224.881009719567,2345.09947036888,3004.91031939314,0.0626296854049411,0.0623431970184084,0.0629174903039331,0.000254985922680886,0.00265903889784267,0.00340717889571583
2020-11-21,"BRAC",881935,189,2,34435,713,5,55395.505648747,55142.5169043082,55649.655082041,160.194051140286,2386.45334623373,3165.10437053343,0.0628113246993793,0.0625244682480094,0.063099497221497,0.000181639294438123,0.00270592883402261,0.00358881819015396
