"","date","regioncode","cases","deaths","cum_cases","cum_deaths","cases_daily","cases_active","cases_active_undected","p_cases","p_cases_low","p_cases_high","p_cases_daily","p_cases_active","p_cases_active_undetected","population"
"1",2020-03-14,"BRMS",2,0,2,0,2,2,0,NA,NA,NA,7.19686964957722e-07,7.19686964957722e-07,0,2778986
"2",2020-03-15,"BRMS",0,0,2,0,0,2,0,0,NA,NA,0,7.19686964957722e-07,0,2778986
"3",2020-03-16,"BRMS",2,0,4,0,2,4,0,0,NA,NA,7.19686964957722e-07,1.43937392991544e-06,0,2778986
"4",2020-03-17,"BRMS",2,0,6,0,2,6,0,0,NA,NA,7.19686964957722e-07,2.15906089487317e-06,0,2778986
"5",2020-03-18,"BRMS",1,0,7,0,1,7,0,0,0,NA,3.59843482478861e-07,2.51890437735203e-06,0,2778986
"6",2020-03-19,"BRMS",2,0,9,0,2,9,0,0,0,NA,7.19686964957722e-07,3.23859134230975e-06,0,2778986
"7",2020-03-20,"BRMS",3,0,12,0,3,12,0,0,0,NA,1.07953044743658e-06,4.31812178974633e-06,0,2778986
"8",2020-03-21,"BRMS",4,0,16,0,4,16,0,0,0,NA,1.43937392991544e-06,5.75749571966178e-06,0,2778986
"9",2020-03-22,"BRMS",5,0,21,0,5,21,0,0,0,NA,1.7992174123943e-06,7.55671313205608e-06,0,2778986
"10",2020-03-23,"BRMS",0,0,21,0,0,21,0,0,0,NA,0,7.55671313205608e-06,0,2778986
"11",2020-03-24,"BRMS",3,0,24,0,3,24,0,0,0,NA,1.07953044743658e-06,8.63624357949266e-06,0,2778986
"12",2020-03-25,"BRMS",0,0,24,0,0,24,0,0,0,NA,0,8.63624357949266e-06,0,2778986
"13",2020-03-26,"BRMS",1,0,25,0,1,25,0,0,0,NA,3.59843482478861e-07,8.99608706197153e-06,0,2778986
"14",2020-03-27,"BRMS",3,0,28,0,3,28,0,0,0,NA,1.07953044743658e-06,1.00756175094081e-05,0,2778986
"15",2020-03-28,"BRMS",3,0,31,0,3,31,0,0,0,NA,1.07953044743658e-06,1.11551479568447e-05,0,2778986
"16",2020-03-29,"BRMS",5,0,36,0,5,36,0,0,0,NA,1.7992174123943e-06,1.2954365369239e-05,0,2778986
"17",2020-03-30,"BRMS",8,0,44,0,8,44,0,0,0,NA,2.87874785983089e-06,1.58331132290699e-05,0,2778986
"18",2020-03-31,"BRMS",4,1,48,1,18.2953425860293,62.2953425860293,14.2953425860293,7.90015174716071e-05,1.2554479915921e-05,0.000497132482158962,3.01116630616507e-05,2.24165730183705e-05,5.14408585938515e-06,2778986
"19",2020-04-01,"BRMS",3,0,51,1,12.0657596393037,72.361102225333,23.361102225333,7.38103444451189e-05,1.15709573947353e-05,0.000470831130152279,1.74623112739024e-05,2.60386710207727e-05,8.4063403793085e-06,2778986
"20",2020-04-02,"BRMS",2,0,53,1,7.09214342285295,79.453245648186,28.453245648186,6.76296320692523e-05,1.04383870257202e-05,0.000438167996890006,9.0497934013191e-06,2.85907326082916e-05,1.02387150018697e-05,2778986
"21",2020-04-03,"BRMS",7,0,60,1,22.0654603892574,99.5187060374434,43.5187060374434,6.80581037911694e-05,1.0419611021698e-05,0.000444537275144343,2.50288898895337e-05,3.58111577523037e-05,1.56599227334875e-05,2778986
"22",2020-04-04,"BRMS",2,0,62,1,5.64811427427815,103.166820311722,47.1668203117216,6.30055504067392e-05,9.55168850908993e-06,0.000415601846550834,5.73971852598476e-06,3.71239078972408e-05,1.69726728784246e-05,2778986
"23",2020-04-05,"BRMS",3,0,65,1,7.63497509838011,109.801795410102,51.8017954101017,5.95269139408771e-05,8.95422294847879e-06,0.00039572986999688,6.9921000864925e-06,3.95114604428024e-05,1.86405384590285e-05,2778986
"24",2020-04-06,"BRMS",1,0,66,1,2.31111158280966,110.112906992911,53.1129069929113,5.48881370634603e-05,8.20429460134946e-06,0.000367211044542656,1.92200923221526e-06,3.96234119182001e-05,1.91123334169051e-05,2778986
"25",2020-04-07,"BRMS",14,1,80,2,59.2686526167231,166.381559609634,98.3815596096344,0.000121871076339608,4.82827445518459e-05,0.00030761630031669,9.02891810949799e-05,5.9871319830195e-05,3.54019630216325e-05,2778986
"26",2020-04-08,"BRMS",5,0,85,2,19.4652207562504,181.846780365885,112.846780365885,0.000119075358010532,4.69670366208087e-05,0.000301891324330531,2.72685662388773e-05,6.54363787244286e-05,4.06071784333872e-05,2778986
"27",2020-04-09,"BRMS",4,0,89,2,14.2933556409586,191.140136006843,123.140136006843,0.000114440001860869,4.49686719753579e-05,0.000291236397487844,1.83790072601053e-05,6.87805321821857e-05,4.43111753736231e-05,2778986
"28",2020-04-10,"BRMS",8,0,97,2,26.2572306501815,217.397366657025,141.397366657025,0.00011456298147362,4.48261103684534e-05,0.000292790889422377,3.10114085414981e-05,7.82290254995977e-05,5.08809208312042e-05,2778986
"29",2020-04-11,"BRMS",3,0,100,2,9.06333541389778,223.460702070923,147.460702070923,0.000108712739273699,4.23860581267122e-05,0.000278828940522381,9.85300019801151e-06,8.04108772303721e-05,5.30627725619786e-05,2778986
"30",2020-04-12,"BRMS",1,0,101,2,2.78827207273277,226.248974143655,149.248974143655,0.000101337494807822,3.93914236070677e-05,0.000260698571251504,2.7975891751817e-06,8.14142187631228e-05,5.37062706122505e-05,2778986
"31",2020-04-13,"BRMS",12,2,113,4,62.0904359483386,287.339410091994,199.339410091994,0.000210395064427644,0.00013315095624761,0.000332450358472789,0.000115606382935321,0.000103397213980925,7.1730987522785e-05,2778986
"32",2020-04-14,"BRMS",2,0,115,4,9.64378217755336,293.983192269547,206.983192269547,0.000199539499374707,0.000125996466465697,0.000316008955866619,1.67331779807627e-05,0.000105787935696527,7.44815527208656e-05,2778986
"33",2020-04-15,"BRMS",6,0,121,4,27.0204081929164,318.003600462464,228.003600462464,0.000196082875273144,0.000123569253446038,0.000311149358785872,4.37871018968684e-05,0.000114431523031229,8.20456096081318e-05,2778986
"34",2020-04-16,"BRMS",10,1,131,5,52.7433107812732,365.746911243737,270.746911243737,0.000248629309839876,0.00017244417798802,0.000358472721043374,0.000100103305024565,0.000131611642247833,9.74265114123414e-05,2778986
"35",2020-04-17,"BRMS",12,0,143,5,59.4163432834675,417.163254527205,318.163254527205,0.000254785291275782,0.000176446583671473,0.000367904797586514,0.00010586300930084,0.000150113478271285,0.000114488973505878,2778986
"36",2020-04-18,"BRMS",18,0,161,5,83.6368123201526,482.504724261328,369.504724261328,0.000269193447289058,0.000186112418028878,0.000389362047040423,0.0001398415020418,0.000173626180290699,0.000132963866770587,2778986
"37",2020-04-19,"BRMS",7,0,168,5,30.4346712200288,500.873635842053,383.873635842053,0.000262841233917944,0.000181402715385164,0.000380840573972785,4.76159912938054e-05,0.000180236113403253,0.000138134425953226,2778986
"38",2020-04-20,"BRMS",3,0,171,5,12.1679270637507,505.949419482951,387.949419482951,0.000249577307202623,0.000171986792100805,0.000362172184908268,1.77592893029756e-05,0.000182062601064903,0.000139601070132397,2778986
"39",2020-04-21,"BRMS",2,1,173,6,9.08820765379383,492.972166747487,379.972166747487,0.000282883743226186,0.000207822850666777,0.000385054925023465,1.48607294816305e-05,0.000177392821247565,0.000136730507727454,2778986
"40",2020-04-22,"BRMS",2,0,175,6,8.52032659806389,495.844379071273,382.844379071273,0.00026827359955415,0.000196821523752774,0.000365664907198576,1.30615924905118e-05,0.000178426368132575,0.000137764054612464,2778986
"41",2020-04-23,"BRMS",11,1,186,7,51.5495654087945,539.758969381687,418.758969381687,0.000313659834134261,0.000240865275949999,0.000408454440604196,8.69302587947081e-05,0.000194228747241507,0.000150687685861565,2778986
"42",2020-04-24,"BRMS",27,0,213,7,119.870866501165,657.318724300042,510.318724300042,0.000340285250390798,0.000261070711480271,0.000443535205373961,0.000191503698694417,0.00023653185885069,0.000183634866926297,2778986
"43",2020-04-25,"BRMS",4,0,217,7,16.8262723184482,614.876344001768,477.876344001767,0.000328474225230288,0.000251799831673591,0.000428496381127463,2.54700311673554e-05,0.000221259244919466,0.000171960687819862,2778986
"44",2020-04-26,"BRMS",17,0,234,7,67.605851722768,663.016974968285,514.016974968285,0.000334861228120568,0.000256472258956219,0.000437209242647787,9.67460621197571e-05,0.000238582337215187,0.000184965658325837,2778986
"45",2020-04-27,"BRMS",4,2,238,9,19.3216430816574,668.045262408984,519.045262408984,0.000413689656356172,0.000336889629721205,0.000507997624972057,3.35847222129725e-05,0.000240391733678753,0.000186775054789403,2778986
"46",2020-04-28,"BRMS",2,0,240,9,9.12857618162529,650.916607940428,507.916607940428,0.000394183037192355,0.000320751067919444,0.000484426342889724,1.49930411854785e-05,0.000234228099004611,0.000182770481010134,2778986
"47",2020-04-29,"BRMS",9,0,249,9,38.9206849767046,680.773957503234,531.773957503234,0.000387481483421948,0.000315075171230096,0.000476527234465031,6.0566444781413e-05,0.00024497207164888,0.00019135539275953,2778986
"48",2020-04-30,"BRMS",6,0,255,9,24.6734124185478,702.659097849049,548.659097849049,0.000377339082596415,0.000306632771735362,0.000464349529402515,3.65107561040698e-05,0.000252847296765457,0.000197431400463712,2778986
"49",2020-05-01,"BRMS",6,0,261,9,23.5357282006694,664.10439010138,516.10439010138,0.000368409260330609,0.000299203756913912,0.000453621921386495,3.32213801446393e-05,0.000238973636463581,0.000185716801056709,2778986
"50",2020-05-02,"BRMS",5,0,266,9,18.763754129116,673.224362052943,522.224362052943,0.000359207178326545,0.000291595746364629,0.000442495470424219,2.53386284794466e-05,0.000242255398930741,0.000187919033076433,2778986
"51",2020-05-03,"BRMS",6,1,272,10,24.0022613823644,670.206215242391,519.206215242391,0.000391546598651638,0.000324688809599273,0.000472171304902311,3.45514845743101e-05,0.000241169338471799,0.000186832972617491,2778986
"52",2020-05-04,"BRMS",2,0,274,10,7.69605528623657,625.158959747354,482.158959747354,0.000379404420970242,0.000314497144490439,0.000457707540985769,1.06566328453634e-05,0.00022495937717835,0.000173501759183873,2778986
"53",2020-05-05,"BRMS",9,0,283,10,33.4002311130925,599.142847576979,459.142847576979,0.000377926233405725,0.000313158209113013,0.000456089713569331,4.46036167471794e-05,0.000215597648774402,0.000165219561227361,2778986
"54",2020-05-06,"BRMS",5,0,288,10,17.9377621105682,533.443797367395,406.443797367395,0.000371795718858867,0.000307974209077216,0.000448842963103848,2.31568859674237e-05,0.000191956273751431,0.000146256151476616,2778986
"55",2020-05-07,"BRMS",23,0,311,10,79.8992078020013,582.908333949367,439.908333949367,0.000388766350254035,0.000321930057967026,0.000469478606764094,9.98782103066649e-05,0.000209755764854291,0.000158298146859814,2778986
"56",2020-05-08,"BRMS",15,1,326,11,55.5189581233063,626.259365008923,471.259365008923,0.000434191472433899,0.000365901465623994,0.000515226782196182,7.39443502317618e-05,0.000225355350839811,0.000169579611055588,2778986
"57",2020-05-09,"BRMS",20,0,346,11,71.5834856253429,688.754642980472,515.754642980472,0.000445628118068401,0.000375435258757611,0.000528944511685821,9.21954161387224e-05,0.000247843869303578,0.000185590946834735,2778986
"58",2020-05-10,"BRMS",16,0,362,11,55.2586816323333,735.492998014741,548.492998014741,0.000449886279359284,0.000378910335385224,0.000534157148682603,6.86743720493636e-05,0.000264662361744443,0.000197371630520896,2778986
"59",2020-05-11,"BRMS",23,0,385,11,76.479684818086,760.423117424033,561.423117424033,0.000460672856855344,0.000387874830190894,0.000547133932198745,9.15119867442701e-05,0.000273633302731296,0.000202024449718003,2778986
"60",2020-05-12,"BRMS",20,1,405,12,69.7093170140495,710.261567936918,518.261567936918,0.000507959978760059,0.000433948937329398,0.000594593782415608,8.74309708390983e-05,0.000255582996077317,0.000186493047441375,2778986
"61",2020-05-13,"BRMS",25,1,430,13,90.5168309457319,783.952126564201,570.952126564201,0.000560236536731955,0.000484503473103887,0.00064780748645349,0.000117932176476718,0.000282100063319571,0.000205453401551574,2778986
"62",2020-05-14,"BRMS",22,1,452,14,82.1034018810245,798.449676722458,580.449676722458,0.000607002594246166,0.000530460247231842,0.000694589559433169,0.000110258800748269,0.00028731691225593,0.000208871033075538,2778986
"63",2020-05-15,"BRMS",27,0,479,14,96.2825753217732,875.410608962574,634.410608962574,0.000614657363021772,0.00053697819726133,0.000703573582398194,0.000123550717854335,0.000315010802128033,0.000228288522850627,2778986
"64",2020-05-16,"BRMS",29,1,508,15,105.732337811732,972.014370592681,704.014370592681,0.000666480105710104,0.000587527337577865,0.000756042660310222,0.000138717519058543,0.000349773036133568,0.000253334982829234,2778986
"65",2020-05-17,"BRMS",62,0,570,15,215.415153531402,1148.50883914738,827.508839147378,0.000712644697492116,0.000628043719363183,0.000808641897380308,0.000269323626181761,0.000413283420336547,0.000297773662460832,2778986
"66",2020-05-18,"BRMS",43,1,613,16,151.440340368945,1275.27576709777,917.275767097775,0.0007768680077383,0.000690039768687005,0.000874621911423525,0.000191923581588307,0.000458899673153364,0.000330075706425932,2778986
"67",2020-05-19,"BRMS",29,0,642,16,96.63254676182,1348.37258565893,967.372585658925,0.000769793246853205,0.000683539798963896,0.000866930709519812,0.000115867728852766,0.000485203086902534,0.000348102720078088,2778986
"68",2020-05-20,"BRMS",51,1,693,17,170.339265400099,1499.94809692991,1072.94809692991,0.000832897329487699,0.000744689543376282,0.00093155324609844,0.000204726001816218,0.000539746546736799,0.000386093379718325,2778986
"69",2020-05-21,"BRMS",53,0,746,17,166.753624012321,1642.69945955987,1168.69945955987,0.000844601561628321,0.000754925001100346,0.000944930684326584,0.000188794063335105,0.000591114694194165,0.000420548883499185,2778986
"70",2020-05-22,"BRMS",59,0,805,17,174.590196589503,1809.59360086313,1278.59360086313,0.000857190528808235,0.000765953262737537,0.000959295610351518,0.00018590939495564,0.000651170463206052,0.000460093574009776,2778986
"71",2020-05-23,"BRMS",53,0,858,17,147.256974907037,1923.45034465708,1348.45034465708,0.000857829414542109,0.000766302658002151,0.000960288075174067,0.000147227697636067,0.000692141070396568,0.000485231067971223,2778986
"72",2020-05-24,"BRMS",165,0,1023,17,429.84639562433,2335.35897817084,1600.35897817084,0.000959000028381159,0.000856445621606855,0.0010738347318649,0.00040295474643526,0.000840363707543269,0.000575878747921306,2778986
"73",2020-05-25,"BRMS",77,0,1100,17,187.345404147244,2442.80517451608,1653.80517451608,0.000963071752210771,0.000859849639784465,0.0010786853386818,0.00016402460603702,0.000879027521015249,0.000595111013339427,2778986
"74",2020-05-26,"BRMS",86,1,1186,18,205.583079562366,2592.86929595514,1732.86929595514,0.0010202045268384,0.00091645954581599,0.00113569363899729,0.000176843835085081,0.000933027117069011,0.00062356172213719,2778986
"75",2020-05-27,"BRMS",76,0,1262,18,167.980870916182,2689.26668124598,1773.26668124598,0.00100373537939937,0.000901425534085543,0.0011176571705172,0.000133604075436522,0.000967715087893923,0.000638098457943286,2778986
"76",2020-05-28,"BRMS",94,0,1356,18,191.923384121828,2825.93138373548,1831.93138373548,0.000996261551106704,0.00089449215585342,0.00110960959435868,0.000141007292300044,0.00101689299036968,0.000659208568785692,2778986
"77",2020-05-29,"BRMS",62,1,1418,19,123.515275709938,2872.96697462733,1839.96697462733,0.00101652685058444,0.000917723057606787,0.00112596804601794,8.85448478254528e-05,0.00103381844119666,0.000662100123795992,2778986
"78",2020-05-30,"BRMS",71,1,1489,20,137.87623010136,2941.13388771464,1857.13388771464,0.00104049354500559,0.000944022609261964,0.00114682297497589,9.63460896105914e-05,0.00105834786059183,0.000668277525584741,2778986
"79",2020-05-31,"BRMS",79,0,1568,20,142.501473302268,2993.11853007117,1855.11853007117,0.00101777543054638,0.00092324070739638,0.00112198998454597,9.24964912906313e-05,0.00107705419533282,0.000667552312271877,2778986
"80",2020-06-01,"BRMS",78,0,1646,20,131.124341754763,3042.13946994491,1848.13946994491,0.000995708444478101,0.000903074447649505,0.00109784448999247,7.93205433547086e-05,0.00109469406105137,0.000665040942971614,2778986
"81",2020-06-02,"BRMS",156,0,1802,20,245.155868380775,3191.01276300392,1868.01276300392,0.00101902801316499,0.000924089609841054,0.00112372012471127,0.000138635237220754,0.00114826514527382,0.000672192217954288,2778986
"82",2020-06-03,"BRMS",123,0,1925,20,180.996053955631,3266.27647914781,1849.27647914781,0.00101931489400714,0.000924227706173426,0.00112418492348228,9.58399862615553e-05,0.00117534830299534,0.000665450088322796,2778986
"83",2020-06-04,"BRMS",72,1,1997,21,104.153006615228,3155.01433223164,1728.01433223164,0.00103951562333752,0.000946834424708994,0.0011412689515328,5.42156622904885e-05,0.00113531134458095,0.000621814695083617,2778986
"84",2020-06-05,"BRMS",135,0,2132,21,182.933508777754,3186.50750064045,1667.50750064045,0.00103958579699953,0.000946786966885484,0.0011414802559844,8.92003177864168e-05,0.00114664395597547,0.000600041706090081,2778986
"85",2020-06-06,"BRMS",121,0,2253,21,153.802398167904,3243.67735204653,1632.67735204653,0.00103051085252044,0.000938422499489823,0.00113163592916809,7.03484422794918e-05,0.00116721615439823,0.00058750830412479,2778986
"86",2020-06-07,"BRMS",71,1,2324,22,88.7764320029553,3162.11451864939,1531.11451864939,0.0010456566469729,0.000956168944796864,0.0011435194892163,3.9943918338394e-05,0.00113786630038776,0.000550961580464741,2778986
"87",2020-06-08,"BRMS",131,0,2455,22,154.053234894406,3149.41412953147,1440.41412953147,0.0010388782745414,0.00094988492330864,0.00113620928475716,6.51904516719435e-05,0.00113329614813874,0.000518323636582362,2778986
"88",2020-06-09,"BRMS",142,2,2597,24,171.698756353017,3146.52268929499,1354.52268929499,0.00112996344975678,0.00104078216537869,0.00122678639225306,7.47067073729704e-05,0.00113225568221466,0.00048741616161254,2778986
"89",2020-06-10,"BRMS",256,1,2853,25,304.342176405213,3303.60789079316,1308.60789079316,0.00122049945398822,0.00112776574409269,0.00132085845397262,0.000130196095383157,0.00118878176816766,0.000470894020622328,2778986
"90",2020-06-11,"BRMS",148,3,3001,28,185.961707231407,3059.72320240024,1081.72320240024,0.00135688001433736,0.00126426928477332,0.0014562746999254,8.40812142533663e-05,0.00110102145257307,0.000389251044229888,2778986
"91",2020-06-12,"BRMS",234,0,3235,28,277.090745470732,3149.46854372373,1014.46854372373,0.00137845975068195,0.00128428782662684,0.00147953694246316,0.00011807061512144,0.00113331572873117,0.000365049893638804,2778986
"92",2020-06-13,"BRMS",198,3,3433,31,244.399141789869,3188.28460595123,941.284605951229,0.00152483176601982,0.00143022241473835,0.00162569953505342,0.000108554493151522,0.00114728343573923,0.000338715130609233,2778986
"93",2020-06-14,"BRMS",118,2,3551,33,145.838156403906,3166.14189143895,877.141891438954,0.00157925940414735,0.0014868667365136,0.00167739327563134,6.48595550505155e-05,0.0011393155242376,0.000315633792843488,2778986
"94",2020-06-15,"BRMS",234,3,3785,36,296.831324753499,3271.04983207062,842.049832070624,0.00172772014806285,0.00163461600114422,0.00182612730325215,0.000135493120304572,0.00117706596293419,0.000303006143993033,2778986
"95",2020-06-16,"BRMS",379,0,4164,36,452.835162267395,3600.36971862808,854.369718628081,0.00179029786630212,0.00169372958032264,0.00189237200986675,0.000194694962726679,0.00129556957776257,0.000307439374875613,2778986
"96",2020-06-17,"BRMS",110,3,4274,39,134.057672064663,3596.55116059138,811.551160591385,0.00187433470797154,0.00178058301905688,0.00197302263354593,5.87901140900013e-05,0.00129419549454059,0.000292031395836965,2778986
"97",2020-06-18,"BRMS",392,1,4666,40,461.020218079684,3915.0699053688,817.069905368801,0.00197465977933322,0.0018781557530051,0.00207612240778081,0.000195104603965149,0.00140881238889609,0.000294017280176583,2778986
"98",2020-06-19,"BRMS",324,3,4990,43,385.448364677795,4169.39392829183,825.393928291832,0.0021361678965697,0.00203863410854741,0.00223836796568977,0.000165006497476953,0.00150032923098275,0.00029701262557344,2778986
"99",2020-06-20,"BRMS",247,2,5237,45,289.083088293102,4213.32114820416,778.321148204159,0.00220557559409769,0.00210904825271136,0.00230652081811101,0.000121748062670547,0.00151613615477162,0.00028007379245673,2778986
"100",2020-06-21,"BRMS",154,2,5391,47,176.885200354057,4209.21029460258,743.210294602585,0.00222819784539724,0.00213454364777324,0.0023259611689891,7.31098538882524e-05,0.00151465689089567,0.000267439380623934,2778986
"101",2020-06-22,"BRMS",393,8,5784,55,496.935444719272,4601.99273270663,814.992732706629,0.00263177859052131,0.00253640294441458,0.00273074062020731,0.000226110661183155,0.00165599709127956,0.000293269823132117,2778986
"102",2020-06-23,"BRMS",417,1,6201,56,505.898240002418,4924.95746393129,855.957463931294,0.00270708869988327,0.00261055220864511,0.00280719504661396,0.000220853315400964,0.0017722138448813,0.000308010714674811,2778986
"103",2020-06-24,"BRMS",322,5,6523,61,401.099988857537,5172.25505462093,902.255054620928,0.00292386823996717,0.00282760801966932,0.00302340544559939,0.000179788980296143,0.00186120227112369,0.00032467060093895,2778986
"104",2020-06-25,"BRMS",390,4,6913,65,487.889692272246,5571.36831489022,982.368314890218,0.00311198312813677,0.00301539228887583,0.00321166802261022,0.000219630332813984,0.00200482057660248,0.000353498835506986,2778986
"105",2020-06-26,"BRMS",394,3,7307,68,486.095142620829,5903.41022261664,1051.41022261664,0.00324397731071254,0.00314738110404375,0.0033435381495102,0.000215804244356035,0.00212430369300768,0.000378343116020247,2778986
"106",2020-06-27,"BRMS",220,4,7527,72,270.998427327504,6002.70989359113,1072.70989359113,0.00333641178750111,0.00324216146019462,0.00343340199198721,0.000120122538505347,0.00216003603242014,0.00038600766379936,2778986
"107",2020-06-28,"BRMS",149,3,7676,75,180.467326006446,5878.83504319236,1055.83504319236,0.00334549913695159,0.00325445087632067,0.00343909461248264,7.86546747528044e-05,0.0021154604748611,0.000379935358865558,2778986
"108",2020-06-29,"BRMS",289,1,7965,76,335.661411792179,6028.53474775313,1064.53474775313,0.00332891721739512,0.00323935917163248,0.00342095126014849,0.000140287388942892,0.00216932893787631,0.000383065890851244,2778986
"109",2020-06-30,"BRMS",711,9,8676,85,876.767281158285,6628.21128344069,1187.21128344069,0.00384988643128609,0.00375647896358864,0.0039456165407729,0.000389056530558653,0.00238511863083898,0.000427210242671495,2778986
"110",2020-07-01,"BRMS",386,6,9062,91,484.454919670063,6868.26706132088,1239.26706132088,0.00409264207564123,0.00399934441558274,0.00418811620575777,0.000218792825865492,0.00247150113794056,0.00044594217506705,2778986
"111",2020-07-02,"BRMS",326,16,9388,107,457.194211190484,7179.62311610746,1342.62311610746,0.00473772495914029,0.00464457178514958,0.00483274644612645,0.000230726504636942,0.00258354058498584,0.000483134177756728,2778986
"112",2020-07-03,"BRMS",522,7,9910,114,741.396949000522,7624.18874035448,1499.18874035448,0.00506486165301346,0.00497077835189553,0.00516072569487711,0.000378917555666389,0.00274351462740528,0.000539473297222254,2778986
"113",2020-07-04,"BRMS",179,3,10089,117,248.172617703656,7419.52619579074,1494.52619579074,0.00503341331684755,0.00494201226742435,0.00512650480153954,0.000123813594888145,0.00266986814463648,0.000537795510949225,2778986
"114",2020-07-05,"BRMS",164,5,10253,122,225.735779282119,7511.2043030082,1532.2043030082,0.00507833271494281,0.00498946498518447,0.00516878327440651,0.000111807411768408,0.00270285791400468,0.000551353732263566,2778986
"115",2020-07-06,"BRMS",434,6,10687,128,598.141738161292,7648.32582308981,1627.32582308981,0.00530009713993857,0.00521120005693214,0.00539051070499918,0.000296641650201792,0.00275220019931364,0.000585582591308415,2778986
"116",2020-07-07,"BRMS",376,6,11063,134,519.03514205358,7781.91260046559,1708.91260046559,0.00549535144287777,0.00540681811057622,0.00558533445422679,0.00025782161410001,0.00280027053049767,0.000614941061403545,2778986
"117",2020-07-08,"BRMS",608,2,11671,136,816.36911951643,8309.19863168892,1875.19863168892,0.00563903382117061,0.00554931580749258,0.00573020234194854,0.000394442042285359,0.00299001097223553,0.000674778005966536,2778986
"118",2020-07-09,"BRMS",590,10,12261,146,815.736051248178,8948.04948258304,2078.04948258304,0.0061001031411164,0.00600891345732399,0.00619267669546863,0.00040584569354383,0.00321989728720585,0.000747772562576076,2778986
"119",2020-07-10,"BRMS",708,7,12969,153,983.765580939608,9434.87961880338,2249.87961880338,0.00648452990541765,0.00639145197983274,0.00657896331333403,0.00049188505895007,0.00339507993879904,0.000809604517188419,2778986
"120",2020-07-11,"BRMS",228,8,13197,161,319.452338399433,9248.43371720039,2252.43371720039,0.0066536519957237,0.00656225602312827,0.00674632088784212,0.000161061202464953,0.00332798859627231,0.000810523592850194,2778986
"121",2020-07-12,"BRMS",264,6,13461,167,367.531987319677,9214.86571566253,2276.86571566253,0.00674345061596123,0.00665366583739699,0.00683444695318483,0.000184119590392715,0.00331590936969907,0.000819315288260729,2778986
"122",2020-07-13,"BRMS",473,10,13934,177,669.337383705135,9396.31340709542,2375.31340709542,0.00709534289556756,0.00700545276174287,0.00718638645036785,0.000340833805813837,0.00338120213887203,0.000854741048387944,2778986
"123",2020-07-14,"BRMS",697,6,14631,183,979.58322492958,9889.80148940417,2565.80148940417,0.00739939501541394,0.00730824444787075,0.00749168243956103,0.000495408600350424,0.00355878060897182,0.000923286943296645,2778986
"124",2020-07-15,"BRMS",699,8,15330,191,985.861495703045,10604.6645577797,2801.66455777971,0.00778026742919368,0.00768781236081362,0.00787383437950686,0.000500343514984642,0.0038160194249916,0.00100816073120905,2778986
"125",2020-07-16,"BRMS",475,12,15805,203,684.588994520871,11108.7862262941,2979.78622629414,0.00819680200536785,0.00810425033637482,0.00829041062732728,0.000355042103330683,0.00399742432178289,0.00107225665271222,2778986
"126",2020-07-17,"BRMS",201,13,16006,216,296.318153165644,11069.4429676676,3028.4429676676,0.00849099635545382,0.00839994130688843,0.00858303843732889,0.000157193324914675,0.00398326690658665,0.00108976546397413,2778986
"127",2020-07-18,"BRMS",397,6,16403,222,578.697541654478,10771.3732281638,3044.37322816379,0.0086039535419317,0.00851371609119475,0.00869514742549167,0.000303547324466574,0.00387600845350203,0.00109549786438787,2778986
"128",2020-07-19,"BRMS",234,6,16637,228,337.563395122682,10624.4817036164,3049.48170361641,0.00863630848150297,0.00854766296274529,0.00872587331914701,0.000175230006151527,0.00382315049576227,0.0010973361159849,2778986
"129",2020-07-20,"BRMS",749,20,17386,248,1134.58227867129,11301.8697710972,3303.86977109722,0.00947692611236301,0.00938610226112041,0.00956862881317757,0.000618448891255281,0.00406690417695419,0.00118887600408826,2778986
"130",2020-07-21,"BRMS",1503,9,18889,257,2281.01890267133,12841.491724768,3862.49172476804,0.0103155529201698,0.0102194646456132,0.0104125446624547,0.00124569703014526,0.004620927102464,0.00138989247328631,2778986
"131",2020-07-22,"BRMS",782,9,19671,266,1186.84870770629,13780.1678147707,4198.16781477067,0.0107430769796571,0.0106456964568831,0.0108413482817479,0.000648182961216781,0.00495870357561019,0.00151068332649775,2778986
"132",2020-07-23,"BRMS",632,15,20303,281,976.935026490148,14531.3670619787,4481.3670619787,0.0112933414295704,0.0111953145309626,0.0113922266580467,0.000543410373277822,0.00522901772876103,0.00161259072984848,2778986
"133",2020-07-24,"BRMS",712,11,21015,292,1101.11427202142,15034.3395958388,4706.33959583883,0.011694870942686,0.0115963422176477,0.011794236820464,0.000612771320696654,0.00541000911693648,0.0016935456298948,2778986
"134",2020-07-25,"BRMS",499,13,21514,305,775.728502895518,15291.0329566808,4840.03295668077,0.0120349422035149,0.011936899628663,0.0121337900416079,0.000433942906849806,0.00550237854983104,0.00174165431444447,2778986
"135",2020-07-26,"BRMS",288,14,21802,319,450.781260713581,14925.4450978779,4794.44509787792,0.012279575183575,0.0121829133206396,0.0123770039825872,0.000253894247421299,0.00537082414156744,0.0017252498205741,2778986
"136",2020-07-27,"BRMS",641,9,22443,328,994.301830952991,15104.0108775827,4922.01087758274,0.0125272216076584,0.0124306470924,0.012624546416681,0.000554998858497022,0.00543507987358797,0.00177115353498821,2778986
"137",2020-07-28,"BRMS",968,14,23411,342,1511.47964612545,15631.7249427686,5189.72494276857,0.013154082217712,0.0130558114821995,0.0132530926343598,0.000849264343066609,0.00562497434055752,0.00186748869651325,2778986
"138",2020-07-29,"BRMS",876,15,24287,357,1379.80196739077,16692.0745717599,5602.07457175991,0.0137657591777249,0.0136661532741457,0.0138660910599923,0.000782065368141487,0.00600653424369893,0.00201587002300836,2778986
"139",2020-07-30,"BRMS",649,19,24936,376,1040.6469255111,17365.1895099513,5890.18950995133,0.0143879572600826,0.0142877563577965,0.0144888608773764,0.000600448487611888,0.00624875026716627,0.00211954630572134,2778986
"140",2020-07-31,"BRMS",803,13,25739,389,1287.67386085435,17983.5259871005,6178.52598710054,0.0148523660933382,0.0147514445780919,0.0149539780597594,0.000743035999465053,0.00647125461844736,0.0022233023077844,2778986
"141",2020-08-01,"BRMS",264,15,26003,404,425.137779336362,17429.0805415073,6057.08054150733,0.0150682518351138,0.0149686089953245,0.0151685579760504,0.000246359386365471,0.00627174103846055,0.00217960095571094,2778986
"142",2020-08-02,"BRMS",642,17,26645,421,1042.5321985028,17485.7512443071,6170.75124430708,0.0155698279882391,0.0154698455343062,0.0156704566342151,0.000609196734955501,0.00629213362151054,0.00222050461726223,2778986
"143",2020-08-03,"BRMS",1033,11,27678,432,1667.79159243479,18468.953842221,6595.953842221,0.0160801392292504,0.0159787228535597,0.0161821992910073,0.000968939988862077,0.00664593266832614,0.00237351100085463,2778986
"144",2020-08-04,"BRMS",637,10,28315,442,1020.40433731059,19193.0400263659,6884.04002636595,0.0163216127951633,0.0162202893777439,0.0164235691504222,0.000588191576482028,0.00690649036244369,0.00247717693661139,2778986
"145",2020-08-05,"BRMS",786,16,29101,458,1265.66092612494,19880.0034108364,7182.00341083641,0.0168622832657724,0.0167601511929851,0.0169650377052777,0.000733374559456329,0.00715368965904701,0.00258439711853043,2778986
"146",2020-08-06,"BRMS",887,23,29988,481,1455.80567738896,20998.2456931027,7647.24569310269,0.0177109122849008,0.0176071942163407,0.0178152413217738,0.00085979880805977,0.00755608185615281,0.00275181152157754,2778986
"147",2020-08-07,"BRMS",719,11,30707,492,1171.84357558215,21035.5069900135,7714.50699001354,0.0180090906089869,0.0179052099854132,0.0181135739165817,0.000687264699652137,0.0075694900909949,0.00277601506089399,2778986
"148",2020-08-08,"BRMS",637,17,31344,509,1043.01156722825,19797.4996545705,7342.49965457046,0.018467910122072,0.0183637792152182,0.0185726314981116,0.000614543258035117,0.00712400122007468,0.00264215064580047,2778986
"149",2020-08-09,"BRMS",395,14,31739,523,645.644676707493,19256.2956235717,7188.29562357166,0.0186682393078127,0.0185648471109395,0.0187722073212444,0.00037975516974671,0.00692925247682847,0.00258666133027358,2778986
"150",2020-08-10,"BRMS",823,21,32562,544,1360.58590017639,19639.9464972579,7380.94649725789,0.0193709465994045,0.0192664052655279,0.0194760551844282,0.000809404729937333,0.00706730674327179,0.00265598549156343,2778986
"151",2020-08-11,"BRMS",947,14,33509,558,1563.05326260624,20101.8854878427,7607.88548784271,0.0199021001297314,0.019796438937451,0.0200083252763467,0.000928348877629673,0.0072335324783366,0.00273764800824571,2778986
"152",2020-08-12,"BRMS",1050,12,34559,570,1724.11530697769,21050.2722919249,8005.27229192488,0.0204198156463037,0.0203128660750105,0.020527328319365,0.0010187249839826,0.00757480328865452,0.00288064505971778,2778986
"153",2020-08-13,"BRMS",875,21,35434,591,1450.9823885629,22050.4734197742,8418.4734197742,0.0211440370002739,0.0210358223974506,0.02125280829159,0.000865824499365577,0.00793471914567911,0.00302933279252727,2778986
"154",2020-08-14,"BRMS",1108,7,36542,598,1810.64482739937,22866.8164162206,8767.81641622058,0.0214881715390391,0.0213789839439496,0.0215979167813467,0.00106473227101504,0.0082284748524176,0.00315504159294814,2778986
"155",2020-08-15,"BRMS",294,28,36836,626,489.757864685397,21845.0946347805,8420.09463478053,0.0220810740285523,0.0219720526945478,0.0221906363066112,0.000293581813068301,0.00786081492845971,0.003029916176181,2778986
"156",2020-08-16,"BRMS",589,14,37425,640,977.004849646058,21442.2975170358,8304.29751703582,0.0223386474855931,0.022229835834961,0.0224479917526333,0.000583165448976839,0.007715871010878,0.00298824733807073,2778986
"157",2020-08-17,"BRMS",968,17,38393,657,1606.73814964014,22008.3887411649,8551.38874116486,0.0229316570519117,0.0228217254734072,0.0230421181675876,0.000959684531549266,0.00791957524836932,0.00307716150465129,2778986
"158",2020-08-18,"BRMS",988,11,39381,668,1626.63496316215,22347.3498434727,8705.34984347266,0.0233310099746139,0.0232202663643157,0.0234422817505684,0.000963689001056141,0.00804154819184863,0.00313256340387201,2778986
"159",2020-08-19,"BRMS",820,18,40201,686,1353.08702410878,23275.2990882451,9077.29908824508,0.0238705471743997,0.0237590342156872,0.023982583518863,0.0008034359254759,0.00837546467965117,0.0032664069154163,2778986
"160",2020-08-20,"BRMS",510,10,40711,696,833.482641749293,23066.2495314916,9000.24953149157,0.0239415241557747,0.0238306214710129,0.0240529429582342,0.000490158551763887,0.00830023955913832,0.00323868113459066,2778986
"161",2020-08-21,"BRMS",1177,26,41888,722,1948.6925122377,23347.1504512945,9137.15045129448,0.024955720878118,0.0248426029576974,0.0250693538679113,0.00116097752131118,0.00840131992435172,0.0032879440383271,2778986
"162",2020-08-22,"BRMS",610,16,42498,738,1008.61644279194,23335.3625567758,9152.36255677583,0.0252858956974268,0.025172727324135,0.0253995728388211,0.000600116950707011,0.00839707812733703,0.00329341801533935,2778986
"163",2020-08-23,"BRMS",567,11,43065,749,929.909873084426,22999.6115037353,9035.61150373531,0.0254153381599938,0.0253025431006361,0.0255286360433311,0.000548797721647686,0.00827626029916499,0.00325140590983017,2778986
"164",2020-08-24,"BRMS",1259,18,44324,767,2067.62459778859,23611.4304241349,9275.43042413495,0.026193802424442,0.026079120271052,0.0263089888891803,0.00122188769520781,0.00849641935012805,0.0033377031853111,2778986
"165",2020-08-25,"BRMS",1035,16,45359,783,1697.55554444985,24137.1423930026,9485.14239300264,0.0267707634202908,0.0266549140097758,0.0268871163434382,0.00100189285198682,0.00868559337578622,0.00341316667050595,2778986
"166",2020-08-26,"BRMS",902,17,46261,800,1478.78802313959,24572.918848914,9655.91884891399,0.027291540120762,0.0271748496823,0.027408731634983,0.000872406620341464,0.00884240469326365,0.00347461946512648,2778986
"167",2020-08-27,"BRMS",891,23,47152,823,1470.15664439853,25397.430816605,9984.43081660503,0.0279962373411231,0.0278784095611493,0.0281145631188648,0.000872897318145793,0.00913909995106309,0.00359283235561641,2778986
"168",2020-08-28,"BRMS",871,17,48023,840,1435.15115345732,25471.996069886,10010.996069886,0.028473602473525,0.0283550994794858,0.0285926007209703,0.000850924003768293,0.00916593177147563,0.00360239168886996,2778986
"169",2020-08-29,"BRMS",499,11,48522,851,815.135173104441,24724.0779803842,9711.07798038417,0.0285220950174761,0.0284042150490353,0.0286404641980615,0.000479150959551785,0.00889679832154036,0.00349446811908522,2778986
"170",2020-08-30,"BRMS",415,11,48937,862,672.261114937201,23672.2237883437,9294.22378834368,0.0285260000067129,0.0284089083486212,0.028643574275971,0.000391869558191377,0.00851829544601652,0.00334446585493546,2778986
"171",2020-08-31,"BRMS",883,27,49820,889,1445.3399474538,23666.5813472346,9280.58134723457,0.0293444968222752,0.0292260340395028,0.029463439773889,0.000851320222705045,0.00851626505035814,0.00333955671141725,2778986
"172",2020-09-01,"BRMS",825,14,50645,903,1345.0555212273,23200.9920410625,9097.99204106251,0.0297123142398229,0.0295933499520018,0.0298317567601456,0.000789114667128331,0.00834872577302027,0.00327385313962089,2778986
"173",2020-09-02,"BRMS",930,11,51575,914,1505.82237165081,24217.0565480279,9478.05654802792,0.0300499445024195,0.029930383094538,0.0301699835162911,0.00087736071155809,0.00871434996362987,0.00341061687537394,2778986
"174",2020-09-03,"BRMS",831,25,52406,939,1356.8207965773,24596.8724949592,9615.87249495916,0.030790456046962,0.0306696725914155,0.0309117151725076,0.00079718221388042,0.00885102425667461,0.0034602090456588,2778986
"175",2020-09-04,"BRMS",922,14,53328,953,1500.02574091761,24490.1600862366,9555.16008623663,0.0312202752839384,0.0310987331054534,0.0313422924818109,0.000878173127896069,0.00881262449189619,0.0034383620810744,2778986
"176",2020-09-05,"BRMS",163,13,53491,966,263.963758055603,23127.4888811301,9017.48888113008,0.0311710230639235,0.0310505065711121,0.0312920073180259,0.000153820650023202,0.00832227613997699,0.00324488460220026,2778986
"177",2020-09-06,"BRMS",634,4,54125,970,1012.78969236483,22787.1915493861,8863.19154938614,0.0311129768089585,0.0309929196431276,0.0312334990398182,0.000582187569716382,0.00819982236304398,0.00318936171300832,2778986
"178",2020-09-07,"BRMS",238,17,54363,987,380.318356107468,22334.0272637443,8682.02726374431,0.0312598857442366,0.0311403223339528,0.0313799082187821,0.000218691175217618,0.00803675414836358,0.00312417092556217,2778986
"179",2020-09-08,"BRMS",982,20,55345,1007,1575.22721191101,21960.5619634176,8503.56196341763,0.0319465342865235,0.031825577645631,0.0320679506365576,0.000909261001614962,0.00790236509410901,0.00305995135039098,2778986
"180",2020-09-09,"BRMS",701,17,56046,1024,1125.86956204215,22077.8150826678,8529.81508266784,0.0323912959188988,0.0322696769481716,0.0325133732510178,0.000650686474506444,0.00794455786487152,0.00306939836424791,2778986
"181",2020-09-10,"BRMS",2258,11,58304,1035,3610.57382661418,24758.4790361976,9519.4790361976,0.0335478184480131,0.0334225160390572,0.0336735906209351,0.0020775054066342,0.00890917731726522,0.00342552248776985,2778986
"182",2020-09-11,"BRMS",367,20,58671,1055,589.090720083351,23279.9451584924,8932.94515849236,0.0338885704260007,0.0337631862515898,0.0340144202315602,0.000340260816329159,0.00837713653774879,0.00321446209462457,2778986
"183",2020-09-12,"BRMS",406,10,59077,1065,647.462438290902,22229.8520523334,8511.8520523334,0.0339016330818525,0.0337767681093301,0.0340269596515683,0.000371549571190475,0.00799926737750151,0.00306293448485649,2778986
"184",2020-09-13,"BRMS",331,20,59408,1085,529.251664581796,21280.3156937756,8133.31569377561,0.0341816333845712,0.0340568709299201,0.0343068528885538,0.000304515997288395,0.00765758290749777,0.00292672064334819,2778986
"185",2020-09-14,"BRMS",889,21,60297,1106,1426.69576864889,21236.854818026,8091.85481802596,0.0348208171207371,0.0346948907084888,0.0349472005876404,0.000823900234622823,0.00764194379461644,0.00291180121743181,2778986
"186",2020-09-15,"BRMS",666,16,60963,1122,1068.22324062118,20869.9269051898,7929.92690518982,0.0351858271499142,0.0350594466099497,0.0353126632601294,0.000616543121270573,0.00750990717664278,0.00285353251336632,2778986
"187",2020-09-16,"BRMS",831,11,61794,1133,1326.55360505419,21381.3453371396,8109.34533713957,0.0354963526237417,0.0353694371780384,0.0356237234776065,0.000762012728408898,0.00769393776619946,0.00291809506674002,2778986
"188",2020-09-17,"BRMS",1023,15,62817,1148,1631.34756985463,22340.431792057,8460.431792057,0.0360463835391126,0.0359182943442966,0.0361749295162488,0.000936118888017246,0.00803905877613525,0.00304443123932866,2778986
"189",2020-09-18,"BRMS",649,14,63466,1162,1032.94080655459,21928.0326511578,8282.0326511578,0.0363484173844634,0.0362199812550873,0.0364773089486233,0.000591588623358816,0.00789065963310279,0.00298023547119626,2778986
"190",2020-09-19,"BRMS",382,10,63848,1172,604.697756405432,21187.6748863359,7984.67488633593,0.0363693829887528,0.0362413759864508,0.0364978421204841,0.000344450637375465,0.00762424671672903,0.00287323321756063,2778986
"191",2020-09-20,"BRMS",185,7,64033,1179,290.58011777927,19972.4326324644,7514.43263246439,0.0361919228554704,0.0360648808022863,0.0363194124266532,0.000164238021114126,0.00718694971204043,0.00270401960731878,2778986
"192",2020-09-21,"BRMS",926,12,64959,1191,1450.01584169997,20065.6276775871,7512.62767758706,0.0366028356689945,0.0364749451857658,0.0367311745689547,0.000817049085903148,0.00722048534162715,0.00270337010607,2778986
"193",2020-09-22,"BRMS",652,13,65611,1204,1019.15925128132,19584.7611879508,7301.76118795076,0.0369049612366107,0.0367766524435616,0.0370337176817782,0.000573258030855654,0.00704744866938904,0.00262749117410119,2778986
"194",2020-09-23,"BRMS",815,13,66426,1217,1271.97521875087,20592.772648646,7657.77264864603,0.0373054930102061,0.0371764224337645,0.0374350116989891,0.000714353756545116,0.00741017502378423,0.00275559957792016,2778986
"195",2020-09-24,"BRMS",770,17,67196,1234,1203.89883774573,20783.8817940269,7712.88179402693,0.0378056171965603,0.0376756367098797,0.0379360461143331,0.000677334046717052,0.00747894440419165,0.00277543024471046,2778986
"196",2020-09-25,"BRMS",638,15,67834,1249,997.621823255739,21401.1852611752,7930.1852611752,0.038168608766794,0.0380380905580475,0.0382995748161803,0.0005613385185757,0.00770107703355656,0.00285362548108382,2778986
"197",2020-09-26,"BRMS",258,14,68092,1263,403.13055541908,20229.0886046833,7482.08860468327,0.0382856251164937,0.0381553554262003,0.0384163395724568,0.000226665471975838,0.00727930569088267,0.00269238081972463,2778986
"198",2020-09-27,"BRMS",233,15,68325,1278,364.129927501835,19467.348970143,7188.34897014296,0.0384232180240524,0.038293163024673,0.0385537147289877,0.00020477195160608,0.00700519864804751,0.00258668052668958,2778986
"199",2020-09-28,"BRMS",638,15,68963,1293,997.576560767589,16854.3517042964,6195.35170429636,0.0388021101728387,0.038671446751334,0.0389332150810513,0.000561287583439605,0.00606492861219753,0.00222935693245535,2778986
"200",2020-09-29,"BRMS",743,10,69706,1303,1158.35889037436,17423.6198745874,6388.61987458737,0.0391055254284612,0.0389742803965663,0.039237212425114,0.000649846972180567,0.00626977605305941,0.00229890322390518,2778986
"201",2020-09-30,"BRMS",533,8,70239,1311,827.49494661813,17603.6523829146,6441.6523829146,0.039240099705939,0.0391087492032172,0.0393718913619812,0.000462292803306655,0.00633455957781529,0.00231798662638624,2778986
"202",2020-10-01,"BRMS",589,15,70828,1326,915.598747854968,17989.9994661878,6569.99946618777,0.0396194566299826,0.0394874915815375,0.0397518626984397,0.000512163620052893,0.00647358405770586,0.00236417148779727,2778986
"203",2020-10-02,"BRMS",648,9,71476,1335,1004.13393392092,17567.4376314598,6388.4376314598,0.0398557071732365,0.039723338789182,0.0399885166427996,0.000559914769056214,0.00632152793553469,0.0022988376449035,2778986
"204",2020-10-03,"BRMS",0,0,71476,1335,0,16499.2143908386,5986.21439083862,0.0394678114717943,0.0393367195098244,0.0395993403055397,0,0.00593713476456471,0.00215410023326444,2778986
